Comments,Processed Comments
sige dun ka sa side ng NPA na kunwari pinaglalaban mga magsasaka pero kinukuha mga ani nila at pinipilit pa silang pakainin mga patay gutom na mga rebelde,['sige dun ka sa side ng NPA na kunwari pinaglalaban mga magsasaka pero kinukuha mga ani nila at pinipilit pa silang pakainin mga patay gutom na mga rebelde']
in training pa lang,['in training pa lang']
combat veteran na yun bumabak na eh,"['combat veteran na yun', 'bumabak na eh']"
Oh may bobo una sa lahat taga UP diliman ka tapos asa negros ka ano un fieldtrip  na research pa,"['Oh may bobo una sa lahat taga UP diliman ka tapos asa negros ka', 'ano un fieldtrip na research pa']"
", planted? Pag may sundalong namatay? Planted din ba? Pag hanay nyo nawalan dami nyong ngaw ngaw at alibi. Kakampi nyo pa ang human rights! Wake up, sinisira lang ng kinabukasan nyo. Think of the hardship of your parents sending you to school para magkaroon lang kayo ng magandang buhay. Isa ka rin na activista na nalason o na brainwash!","['planted?', 'Pag may sundalong namatay?', 'Planted din ba?', 'Pag hanay nyo nawalan dami nyong ngaw ngaw at alibi.', 'Kakampi nyo pa ang human rights!', 'Wake up', 'sinisira lang ng kinabukasan nyo.', 'Think of the hardship of your parents sending you to school para magkaroon lang kayo ng magandang buhay.', 'Isa ka rin na activista na nalason o na brainwash!']"
"yung previous kasi.. inairstrike yan sila.. tas yung mga katawan na ""cornbeef"" daw sabi nung mga nag retrieval.. lol..","['yung previous kasi..', 'inairstrike yan sila..', 'tas yung mga katawan na ""cornbeef"" daw sabi nung mga nag retrieval..', 'lol..']"
imagine mo na lang pag natamaan ka ng airstrike.,['imagine mo na lang pag natamaan ka ng airstrike.']
ok na yan kaysa nuclear pg yan kahit anino mu nd na mag.eexist sa map,"['ok na yan','kaysa nuclear pg yan kahit anino mu nd na mag.eexist sa map']"
"no mali ka , kaya ginawang cornbip ang term sa NPA pag na eliminate, literally ksi nagiging giniling o durog na karne sila pag na air strike o na bombahan, literal na lasog lasog hindi yan sa kinakain, alam ko nag umpisa yang term na yan simula ng maka acquire pinas ng attack helicopter","['no mali ka', 'kaya ginawang cornbip ang term sa NPA pag na eliminate', 'literally ksi nagiging giniling o durog na karne sila pag na air strike o na bombahan', 'literal na lasog lasog hindi yan sa kinakain', 'alam ko nag umpisa yang term na yan simula ng maka acquire pinas ng attack helicopter']"
hahhaha .. mapalad na kumander. Kumander Iyot ng NPA,"['hahhaha ..', 'mapalad na kumander.', 'Kumander Iyot ng NPA']"
sayang walang vid limited edition na sana kasi fertilizer na yung actress,['sayang walang vid limited edition na sana kasi fertilizer na yung actress']
na may samang Perma Debuff (AIDs/HIV),['na may samang Perma Debuff (AIDs/HIV)']
"okay lang daw, para naman sa bayan 😅","['okay lang daw', 'para naman sa bayan 😅']"
Маркес Марк walang vid sayang limited edition sana ang rarity fertilizer na yung actress,"['walang vid sayang', 'limited edition sana ang rarity fertilizer na yung actress']"
"from what I learned, aside from Alyssa who were unalive, there was also a teacher from that fight(???) it might be a small possibility na (idk what word to form) like brainwash or somesht? Idk","['from what I learned', 'aside from Alyssa who were unalive', 'there was also a teacher from that fight(???)', 'it might be a small possibility na (idk what word to form) like brainwash or somesht?', 'Idk']"
"pano yun sa air strike sasabhin ng afp ""oh yung mga non combatant umalis muna kayo aatake kami""balik nalang kayo ulet pagtapos na ganon?","['pano yun sa air strike sasabhin ng afp ""oh yung mga non combatant umalis muna kayo aatake kami""', 'balik nalang kayo ulet pagtapos na ganon?']"
"according sa mga pictures na na post, the 19 fallen npa was wearing a full gear combat .","['according sa mga pictures na na post', 'the 19 fallen npa was wearing a full gear combat .']"
"tanga ka ba??? May radar naman, pag red yung nagpakita kalaban tas pag green lang di yan combatants. Di ka kasi naglalaro mg War Front 2","['tanga ka ba???', 'May radar naman', 'pag red yung nagpakita kalaban tas pag green lang di yan combatants.', 'Di ka kasi naglalaro mg War Front 2']"
"di ka lang align sa agenda. Di mo ba napansin yung mga napapasali sa kilusan iisa mindset, iisa muka iisa itsura.","['di ka lang align sa agenda.', 'Di mo ba napansin yung mga napapasali sa kilusan iisa mindset', 'iisa muka iisa itsura.']"
Tsaka explain mo kung bakit kung walang nang bbrainwash bakit may sumasali sa kilusan? At bakit may namamatay na kagaya niyan?,"['Tsaka explain mo kung bakit kung walang nang bbrainwash bakit may sumasali sa kilusan?', 'At bakit may namamatay na kagaya niyan?']"
"kaya feeling ng pamilya nito ni Alyssa? Ano kaya nasa isip nila? 

Walay pulos na ideolohiya. Sayang sa kinabuhi.","['kaya feeling ng pamilya nito ni Alyssa?', 'Ano kaya nasa isip nila?', 'Walay pulos na ideolohiya.', 'Sayang sa kinabuhi.']"
NANDITO NA SYA BADDIEEE😂,['NANDITO NA SYA BADDIEEE😂']
gusto na nila mamatay e narape rape na sila e,['gusto na nila mamatay e narape rape na sila e']
"Nope, it’s the “durog durog” na katawan after ratratin nun in-airstrike sila.","['Nope', 'it’s the “durog durog” na katawan after ratratin nun in-airstrike sila.']"
Corned beef na….,['Corned beef na….']
"Researchers. Pero. Naka full battle gear bullet proof, tapos naka M-16 pa🤣🤣🤣","['Researchers.', 'Pero.', 'Naka full battle gear bullet proof', 'tapos naka M-16 pa🤣🤣🤣']"
"Biruin mo parehas lang den naman silang estudyante, (victim of npa) vs Ph army (excellent scholar students), tapos student na npa lang naririnig mo sa balita,

Wala bang compliment ang mga former scholar students army ng ph Jan, date estudyante lang sila ngayun matatapang na sila humaharap sa buhay! 

Congrats to our nation defenders for safing our provinces.🫡","['Biruin mo parehas lang den naman silang estudyante', '(victim of npa) vs Ph army (excellent scholar students)', 'tapos student na npa lang naririnig mo sa balita', 'Wala bang compliment ang mga former scholar students army ng ph Jan', 'date estudyante lang sila ngayun matatapang na sila humaharap sa buhay!', 'Congrats to our nation defenders for safing our provinces.🫡']"
"na ka-isko, let them know ✊🏽","['na ka-isko', 'let them know ✊🏽']"
where are those “facts” showing na some UP/State U students are indeed part of an armed organization? Lol how sure are we that those full battle gear you’re talking about isn’t planted? You’re just red-tagging at this point.,"['where are those “facts” showing na some UP/State U students are indeed part of an armed organization?', 'Lol how sure are we that those full battle gear you’re talking about isn’t planted?', 'You’re just red-tagging at this point.']"
KADIRI KA COVER PHOTO MO PA PAMILYA MO,['KADIRI KA '.'COVER PHOTO MO PA PAMILYA MO']
basta me kulay buhok..alams na,['basta me kulay buhok..alams na']
mas kadiri nag NPA tapos pag napatay sa engkwentro pa victim 😜😜😜🖕🖕🖕,['mas kadiri nag NPA tapos pag napatay sa engkwentro pa victim 😜😜😜🖕🖕🖕']
"HAHAHAHAH odiba ugaling red tagger talaga, nakakita lang ng alternative yung style goth agad???? ayaw ng thirst trapper pero manyakis????? unlock mo muna account mo 😘","['HAHAHAHAH odiba ugaling red tagger talaga', 'nakakita lang ng alternative yung style goth agad????', 'ayaw ng thirst trapper pero manyakis?????', 'unlock mo muna account mo 😘']"
paano mo nalaman na naka full gear sila??? Nasa battleground ka ba that time?,"['paano mo nalaman na naka full gear sila???', 'Nasa battleground ka ba that time?']"
bobo lang e no? ganyan kayo mag isip?,"['bobo lang e no?', 'ganyan kayo mag isip?']"
lol may kuha ang afp sa mga labi nila gaya nung nahuli ng buhay nung nakaraan na nag baliw baliwan baka NPA uniform pa Hindi ka ba nanonood ng Balita?,"['lol may kuha ang afp sa mga labi nila gaya nung nahuli ng buhay nung nakaraan na nag baliw baliwan baka NPA uniform pa', 'Hindi ka ba nanonood ng Balita?']"
sabihin mo yan sa mga NPA representatives sa Congress na nagpakayaman gamit tax ng taumbayan,['sabihin mo yan sa mga NPA representatives sa Congress na nagpakayaman gamit tax ng taumbayan']
tapos tong mga hindot na tao tinatanong bat daw ginagawang katatawanan. malamang pota sa sobrang talino naging tanga na eh ayun giling.,"['tapos tong mga hindot na tao tinatanong bat daw ginagawang katatawanan.', 'malamang pota sa sobrang talino naging tanga na eh ayun giling.']"
"lahat ng honorary
 wala na kwenta Pag naging NPA ka","['lahat ng honorary wala na kwenta', 'Pag naging NPA ka']"
Uisagaissda SeonHo Hada mga tanga kasi yang estudyante na yan,['mga tanga kasi yang estudyante na yan']
mas tanga ang nabibilib sa bulok na sistema ng gobyerno,['mas tanga ang nabibilib sa bulok na sistema ng gobyerno']
IRONICALLY CIA IS ONE OF THE FOUNDER OF NPA ALONGSIDE NINOY AQUINO AND JOMA SISON..NAG EESCAPE GOAT NA LANG ANG CIA ALAM NILA MABUBULGAR SILA DAHIL SA INTERNET .. NOON PA MAN SA BICOL ONE OF THE  CAMARINES AIRPORT MAY USA C130 LUMALAPAG DYAN NA DI PINA PA ALAM SA PHILIPPINES MILITARY.. MGA SUPPLY PALA PARA SA NPA ..TO THINK BICOL IS THE STRONGHOLD OF NPA DAMI DYAN ..AT ISA PA ITO,"['IRONICALLY CIA IS ONE OF THE FOUNDER OF NPA ALONGSIDE NINOY AQUINO AND JOMA SISON..', 'NAG EESCAPE GOAT NA LANG ANG CIA ALAM NILA MABUBULGAR SILA DAHIL SA INTERNET ..', 'NOON PA MAN SA BICOL ONE OF THE CAMARINES AIRPORT MAY USA C130 LUMALAPAG DYAN NA DI PINA PA ALAM SA PHILIPPINES MILITARY..', 'MGA SUPPLY PALA PARA SA NPA ..', 'TO THINK BICOL IS THE STRONGHOLD OF NPA DAMI DYAN ..', 'AT ISA PA ITO']"
"na Corned Beef Daw...😅😅😅

Karne Norte sa Bomba","['na Corned Beef Daw...😅😅😅', 'Karne Norte sa Bomba']"
"ah social media... Anong news outlets ba Kasi, mga bobo pa naman kayo na paniwalang paniwala sa mga post ☹️","['ah social media...', 'Anong news outlets ba Kasi', 'mga bobo pa naman kayo na paniwalang paniwala sa mga post ☹️']"
"ito bobo Ohh, pakamatay ka ng walang saysay paransa ibang gaya ng. Mga NPA ay masahol. Pa sa 8080🤣 habang yung mga anak ng leader nag paparty, nag babakasyon sa mga resort/beaches🤣, yung mga feeling hero kuno na uto uto na mga studyante nag papa breeding ky commander at nasa bundok naging cornbip-19🤣","['ito bobo Ohh', 'pakamatay ka ng walang saysay para sa ibang gaya ng mga NPA ay masahol pa sa 8080🤣', 'habang yung mga anak ng leader nag paparty', 'nag babakasyon sa mga resort/beaches🤣', 'yung mga feeling hero kuno na uto uto na mga studyante nag papa breeding ky commander at nasa bundok naging cornbip-19🤣']"
"Bullshit. Give me the exact citation and reference sa evidence niyong ‘yan na naka full battle gear siya. Because as far as I've seen, ang daming nagsasabi niyan pero ni isang OFFICIAL STATEMENTS or NEWS ARTICLE from known sources posted such claims.","['Bullshit.', 'Give me the exact citation and reference sa evidence niyong ‘yan na naka full battle gear siya.', 'Because as far as I\'ve seen', 'ang daming nagsasabi niyan pero ni isang OFFICIAL STATEMENTS or NEWS ARTICLE from known sources posted such claims.']"
"LENYA yan si ROGER JER JER, one the list na mostwanted sa pinas may million patong sa ulo kasama niyang naging cornbip-19. Kasama niya nag research yung mostwanted sa pinas🤣","['LENYA yan si ROGER JER JER', 'one the list na mostwanted sa pinas may million patong sa ulo kasama niyang naging cornbip-19.', 'Kasama niya nag research yung mostwanted sa pinas🤣']"
ohh diba got you bitch hahaha ingat ka baka ikaw na sumunod na kormbip goth bitch 🤣🤣🤣🖕🖕🖕,"['ohh diba got you bitch hahaha', 'ingat ka baka ikaw na sumunod na kormbip goth bitch 🤣🤣🤣🖕🖕🖕']"
sampa na.,['sampa na.']
baddieee na mukhang baddding? 😂,['baddieee na mukhang baddding? 😂']
"you're stupid, man. Tumahimik ka na lang kung wala kang magandang sasabihin. Maki-dalamhati ka hindi gan'yan.","['you're stupid', 'man'. 'Tumahimik ka na lang kung wala kang magandang sasabihin'. 'Maki-dalamhati ka hindi gan'yan.']"
"aso ng mga kapitalista, utusan ng mga malalaking aso na general","['aso ng mga kapitalista', 'utusan ng mga malalaking aso na general']"
"sinu ba nabibilib sa system ng government natin aber? Porket galit ka sa gobyerno, sasama ka sa terrorist group activities at sa mga legal front nito na nag propromote ng socialism and communism?? Tanga ang tawag dun, mentally ill retards","['sinu ba nabibilib sa system ng government natin aber?', 'Porket galit ka sa gobyerno', 'sasama ka sa terrorist group activities at sa mga legal front nito na nag propromote ng socialism and communism??', 'Tanga ang tawag dun', 'mentally ill retards']"
"Uisagaissda SeonHo Hada truth! dspat sa malacanang sila, paalisin ang mga korap! hindi sa bundok! bakit kinakalaban nila sundalo wala namang ginagawa sa kanila. mabait pa nga sundalo pag nahuli siya di sila sinasaktan at pinapakain pa! basta huwag sila manguna sa barilan.","['dspat sa malacanang sila', 'paalisin ang mga korap!'.'hindi sa bundok!'.'bakit kinakalaban nila sundalo wala namang ginagawa sa kanila'.'mabait pa nga sundalo pag nahuli siya di sila sinasaktan at pinapakain pa!'.' basta huwag sila manguna sa barilan.']"
cornbip na po ba siya?,['cornbip na po ba siya?']
naka taste na ata siya Kay Kommander,['naka taste na ata siya Kay Kommander']
"sabi ng mga mismong taga UP , may mga prof di umano at admin na ano din... kaya Open sila sa ganyan","['sabi ng mga mismong taga UP', 'may mga prof di umano at admin na ano din... '.'kaya Open sila sa ganyan']"
basta product ng UP yan na susunod na magiging NPA. Tas yung mga lider sasarap ng buhay sa ibang bansa. Magagaling mangumbinsi ang mga prof. Iskolar ng bayan numbawan,"['basta product ng UP yan na susunod na magiging NPA.', 'Tas yung mga lider sasarap ng buhay sa ibang bansa.', 'Magagaling mangumbinsi ang mga prof.', 'Iskolar ng bayan numbawan']"
"kita mo talaga dito yung pagiging fangirl ni Dutae kay Joma Sison, yung expression nya habang kausap nya yung teroristang si Joma Sison, kita talaga na NPA dati si digong.","['kita mo talaga dito yung pagiging fangirl ni Dutae kay Joma Sison', 'yung expression nya habang kausap nya yung teroristang si Joma Sison', 'kita talaga na NPA dati si digong.']"
"yep, alam ko dahil kahit sa Taiwan may existing na communist party. Pero bobo nag post ng picture sa taas lol","['yep', 'alam ko dahil kahit sa Taiwan may existing na communist party.', 'Pero bobo nag post ng picture sa taas lol']"
"isa pang problema sa mga so-called ""legal"" fronts ng left eh open secret na sila ang entry point ng mga kabataan papunta sa bundok.  Marami silang sinisirang buhay ng mga kabataan.","['isa pang problema sa mga so-called ""legal"" fronts ng left eh open secret na sila ang entry point ng mga kabataan papunta sa bundok.', 'Marami silang sinisirang buhay ng mga kabataan.']"
ang masasabi ko lang eh maganda pangalan mo. :P,['ang masasabi ko lang eh maganda pangalan mo. :P']
"Nabigo ang eskwelahan sa pagprotekta sa estudyante nila. 

Pag protekta sa maling impormasyon

Pag protekta laban sa mga gustong lumason sa isipan ng estudyante.

Bigo sa pag protekta sa kinabukasan ng bata.

Bigo ang eskwelahan. 

Kung hindi kayo bigo, sana buhay pa ang mga kabataan na yan. Sana may kinabukasan pa silang haharapin.","['Nabigo ang eskwelahan sa pagprotekta sa estudyante nila.', 'Pag protekta sa maling impormasyon.', 'Pag protekta laban sa mga gustong lumason sa isipan ng estudyante.', 'Bigo sa pag protekta sa kinabukasan ng bata.', 'Bigo ang eskwelahan.', 'Kung hindi kayo bigo', 'sana buhay pa ang mga kabataan na yan.', 'Sana may kinabukasan pa silang haharapin.']"
Kasalanan niya yan. Naniwala siya sa baluktot na ideolohiya ng kaliwa. Sa pag aakala na may magagawa siya para mabago ang sistema.,"['Kasalanan niya yan.', 'Naniwala siya sa baluktot na ideolohiya ng kaliwa.', 'Sa pag aakala na may magagawa siya para mabago ang sistema.']"
"hindi nman yan sila kawalan kung mamatay mn sila, dahil magiging politiko pa yan sila pagdating ng panahon at siyang magpapahirap sa mga ordinaryong pilipino dahil nanakawin lng nila ang pondo ng bayan! so be it! let them die the way they wanted to....👎👎👎","['hindi nman yan sila kawalan kung mamatay mn sila', 'dahil magiging politiko pa yan sila pagdating ng panahon at siyang magpapahirap sa mga ordinaryong pilipino dahil nanakawin lng nila ang pondo ng bayan!', 'so be it!', 'let them die the way they wanted to....👎👎👎']"
"Kawawa lang ang magulang mo. While watching this. Di ko masisi mga nasa comments section, dahil alam namin ang takbo at pag iisip ng NPA na yan.","['Kawawa lang ang magulang mo.', 'While watching this.', 'Di ko masisi mga nasa comments section', 'dahil alam namin ang takbo at pag iisip ng NPA na yan.']"
I think you need to do some fact checks and also research about community involvement in the Philippines there's a lot of articles there and isama mo na din yung hypocriticism ng Philippine army and iba pang organization sa government and you'd understand,['I think you need to do some fact checks and also research about community involvement in the Philippines'.' there's a lot of articles there and isama mo na din yung hypocriticism ng Philippine army and iba pang organization sa government and you'd understand']
d po ba sila pinasuot ng gears or nung umakyat sila nakasuot na sila nga ganyang gears?,['d po ba sila pinasuot ng gears or nung umakyat sila nakasuot na sila nga ganyang gears?']
bakit tinakpan pa yung muka?,['bakit tinakpan pa yung muka?']
was found armed &  in full tactical gear. Mahirap sugpuin ang communism sa UP kung may mga higher up or profs doon na recruiter for CCP NPA. That school needs massive government intervention.,"['was found armed & in full tactical gear.', 'Mahirap sugpuin ang communism sa UP kung may mga higher up or profs doon na recruiter for CCP NPA.', 'That school needs massive government intervention.']"
ang tinutukoy nia po ata is yung kasundaluhan natin na dating mga istudyante rin pero mas pinilit maging sundalo ng bansa natin...,['ang tinutukoy nia po ata is yung kasundaluhan natin na dating mga istudyante rin pero mas pinilit maging sundalo ng bansa natin...']
"so if they are scholars they probably knows right from wrong. They choose it so they must accept the reward. In the first place kung may isip ka talaga di ka pwedi diktahan na ipaglaban mo ang ideolohiya ng IBA, para saan fame, money. Pinili mo kaya tanggapin Niya kung ano kahinatnan sa buhay nila.","['so if they are scholars they probably knows right from wrong.', 'They choose it so they must accept the reward.', 'In the first place kung may isip ka talaga di ka pwedi diktahan na ipaglaban mo ang ideolohiya ng IBA', 'para saan fame', 'money.', 'Pinili mo kaya tanggapin Niya kung ano kahinatnan sa buhay nila.']"
"""Student na npa"" any concrete proof?","['""Student na npa"" any concrete proof?']"
"wala na di na havey, dinilete na niya kasi comment niya","['wala na di na havey', 'dinilete na niya kasi comment niya']"
"oi pasosyal na palamunen, ikaw ang deserve m@m@tay dahil wala kang silbe sa lipunan🤣","['oi pasosyal na palamunen', 'ikaw ang deserve m@m@tay dahil wala kang silbe sa lipunan🤣']"
lost buddiee mabuti wala kung nandoon ka na corned beef ka rin hehehe,"['lost buddiee', 'mabuti wala kung nandoon ka na corned beef ka rin hehehe']"
MERON TALAGA BOBO LANG TALAGA KAYO LALO NA ANG MGA KAGAYA MO!,['MERON TALAGA BOBO LANG TALAGA KAYO LALO NA ANG MGA KAGAYA MO!']
"oh? ano ung nabago? naging bakla lahat? naging pokpok mga babae ng kaliwa? naging corned beef mga yan? galit na galit ampota gustong sumunod sa yapak ng mga ""researchers"" na yan eh","['oh?', 'ano ung nabago?', 'naging bakla lahat?', 'naging pokpok mga babae ng kaliwa?', 'naging corned beef mga yan?', 'galit na galit ampota gustong sumunod sa yapak ng mga ""researchers"" na yan eh']"
send mo pa sakin pano ako makikipag diskusyon nyan kung naka off yung comment?,['send mo pa sakin pano ako makikipag diskusyon nyan kung naka off yung comment?']
not the School its the individual with their idealisim sa amin sa PUP ang magandang ginawa nila is pag hindi ka naka graduate within specified timeline for what so ever reason hindi ka na makakapag enroll kaya na neutralize ung mga dating aktibista samin na naninirahan na sa PUP ung iba 10 years na ata nag aaral d pa matapos tapos makitakita mo andun sa kwarto ng mga aktibista naka tambay,"['not the School its the individual with their idealisim', 'sa amin sa PUP ang magandang ginawa nila is pag hindi ka naka graduate within specified timeline for what so ever reason hindi ka na makakapag enroll', 'kaya na neutralize ung mga dating aktibista samin na naninirahan na sa PUP ung iba 10 years na ata nag aaral d pa matapos tapos', 'makitakita mo andun sa kwarto ng mga aktibista naka tambay']"
yun may recruiting effort yung NPA tapos hinahayaan lang nung gobyerno?,['yun may recruiting effort yung NPA tapos hinahayaan lang nung gobyerno?']
bobo kaba? pumipili ba ng target ang bala? nakita sya ng mga sundalo na kasama sa NPA malamang matatamaan talaga yan gamitin mo utak mo BOBO!,"['bobo kaba?', 'pumipili ba ng target ang bala?', 'nakita sya ng mga sundalo na kasama sa NPA malamang matatamaan talaga yan gamitin mo utak mo BOBO!']"
or na Deads di sila proud pagiging NPA nila??ganun ba yon??nag reresearch lang sila??so anong point ng pinaglalaban nila??,"['or na Deads di sila proud pagiging NPA nila??', 'ganun ba yon??', 'nag reresearch lang sila??', 'so anong point ng pinaglalaban nila??']"
"tama ito, di basta basta gumagalaw mga militar na walang planning operation meetings, surveillance, hanggang sa execution.","['tama ito', 'di basta basta gumagalaw mga militar na walang planning operation meetings', 'surveillance', 'hanggang sa execution.']"
inassume mo na agad. Retarded comment detected,"['inassume mo na agad.', 'Retarded comment detected']"
"wala akong ina-assume sa comment ko, dahil hindi isolated case yan dito sa pilipinas...ikaw ang nag-aassume na retarted ang comment na wala k nmang inilatag na ebidensiya kung bkit ang isang estudyante ng U.P ay napunta dun sa bundok... parang taga-ibang planeta ka n di mo alam ang nangyayari sa bansa natin? o bka wala ka sa realidad ng buhay? may saltik ka pag ganern....😂😂😂","['wala akong ina-assume sa comment ko', 'dahil hindi isolated case yan dito sa pilipinas...', 'ikaw ang nag-aassume na retarted ang comment na wala k nmang inilatag na ebidensiya kung bkit ang isang estudyante ng U.P ay napunta dun sa bundok...', 'parang taga-ibang planeta ka n di mo alam ang nangyayari sa bansa natin?', 'o bka wala ka sa realidad ng buhay?', 'may saltik ka pag ganern....😂😂😂']"
sabagay magiging rida din to nian na dakdak lang paepal lang wala naman nagagawa trapo din magnanakaw pa din insert pa more 🤣,"['sabagay magiging rida din to nian na dakdak lang paepal lang wala naman nagagawa', 'trapo din magnanakaw pa din insert pa more 🤣']"
bread na,['bread na']
"kung may manloloko, may maloloko at worse mamamatay. dun nalang ako sa tesda. sigurado may magandang trabaho at walang manghihikayat patungong kaliwa. makakain na nga lang ng cornsilog.","['kung may manloloko', 'may maloloko at worse mamamatay.', 'dun nalang ako sa tesda.', 'sigurado may magandang trabaho at walang manghihikayat patungong kaliwa.', 'makakain na nga lang ng cornsilog.']"
"Sayang ang future ng bata.. palaisipan.. Bakit kadalsan pag may encounter, may nahuhuli o nappatay na student-researcher? sino ang nagpadala sa kanila sa area? Wala bang pananagutan ang mga yn sa ilalim ng ating batas?","['Sayang ang future ng bata..', 'palaisipan..', 'Bakit kadalsan pag may encounter', 'may nahuhuli o nappatay na student-researcher?', 'sino ang nagpadala sa kanila sa area?', 'Wala bang pananagutan ang mga yn sa ilalim ng ating batas?']"
nag research lang tapos ending kornbip!,['nag research lang tapos ending kornbip!']
kung kelan mas modern na ang mundo mas dumadami pa ang tanqa sa mga university🤔,['kung kelan mas modern na ang mundo mas dumadami pa ang tanqa sa mga university🤔']
hayaan muna mahalaga may enough na talino tayo para piliin maging tao kesa cornbeef,"['hayaan muna', 'mahalaga may enough na talino tayo para piliin maging tao kesa cornbeef']"
oh paki ko dyan? Point dito pare parehas yan. Bobo hahhaha sesend mo pic nung Isa pero Yung suportado mong polpolitiko hindi? Tanga lang?,"['oh paki ko dyan?', 'Point dito pare parehas yan.', 'Bobo hahhaha', 'sesend mo pic nung Isa pero Yung suportado mong polpolitiko hindi?', 'Tanga lang?']"
"ok na sana eh kaso yung cornbeef foul bro 
UP student ako and kahit ako di ako sasali sa NPA, maganda yung point ng comment nya walang mali ang ipaglaban ang tama sa Pinas pero yung sasali sa terrorist group nahh.","['ok na sana eh kaso yung beef foul bro', 'UP student ako and kahit ako di ako sasali sa NPA', 'maganda yung point ng comment nya walang mali ang ipaglaban ang tama sa Pinas pero yung sasali sa terrorist group nahh.']"
tanda mo na bopols kpa din hahaha 🤣😂,['tanda mo na bopols kpa din hahaha 🤣😂']
baddie mo na corned beef na 🤣🤣🤣,['baddie mo na corned beef na 🤣🤣🤣']
"What the heck, namatay na nga ung tao ganyan pa mga pinag sasabi nyong mga depungal kayo, kalalaking tao nahinga ampota","['What the heck', 'namatay na nga ung tao ganyan pa mga pinag sasabi nyong mga depungal kayo', 'kalalaking tao nahinga ampota']"
please shamel wag kang mamundok. Gagawin ka lang parausan ni komander HAHAHA,"['please shamel wag kang mamundok.', 'Gagawin ka lang parausan ni komander HAHAHA']"
hahaha brooo stop defending her. Kronbip na yan. You cant smash her.,"['hahaha brooo stop defending her.', 'Kronbip na yan.', 'You cant smash her.']"
kung pangit ako ano pa kaya itatawag sayo pabibong palamunen 🤣🤣🤣,['kung pangit ako ano pa kaya itatawag sayo pabibong palamunen 🤣🤣🤣']
nag college Tesda affiliated Ako Walaan lang akong nasagupa na mga liking kaliwa napaka payapa talaga Ng Buhay kung mag aaral ka lang Saka mo na problemahin problema Ng pilipinas,"['nag college Tesda affiliated Ako', 'Walaan lang akong nasagupa na mga liking kaliwa', 'napaka payapa talaga Ng Buhay kung mag aaral ka lang', 'Saka mo na problemahin problema Ng pilipinas']"
noon pa yan may mga condoms at pills na narerecover pag naraid sila. Di ko lang alam ngayon 😂😂,"['noon pa yan may mga condoms at pills na narerecover pag naraid sila.', 'Di ko lang alam ngayon 😂😂']"
really? making joke about rape? sana okay ka lang,"['really?', 'making joke about rape?', 'sana okay ka lang']"
kaya pangit lasa ng cdo cornedr beef mas masarap yung sa o! save tapos di pa galing pinas,"['kaya pangit lasa ng cdo cornedr beef', 'mas masarap yung sa o! save tapos di pa galing pinas']"
"Akyat na sa bundok,need nila ng kapalit since nalagasan kayo naging corned beef 19😂😂","['Akyat na sa bundok', 'need nila ng kapalit since nalagasan kayo naging corned beef 19😂😂']"
atupagin mu buhay mu...pg nagkaron k ng anak n rebelde saka k yumawyaw...puro kayo may pa hero complex maglaba ng mga panty n'yo d n'yo nga magawa...ni hindi nyo p kayang buhayin mga sarili n'yo npkayayabang n'yo...ska kayo mgyabang kundi kayo nagsisitakbo dn s mga magulang n'yo..,"['atupagin mu buhay mu...', 'pg nagkaron k ng anak n rebelde saka k yumawyaw...', 'puro kayo may pa hero complex maglaba ng mga panty n\'yo d n\'yo nga magawa...', 'ni hindi nyo p kayang buhayin mga sarili n\'yo npkayayabang n\'yo...', 'ska kayo mgyabang kundi kayo nagsisitakbo dn s mga magulang n\'yo..']"
Pinag sasabi mo girl? Obligasyon ng magulang na palakihin ang anak nila kung di nagawa sayo yon ng magulang mo kawawa ka naman. hindi mayabang ang pagkakaron ng kaalaman sa paligid at sa nangyayari sa lipunan. Edi sana DI KAYO NAG ANAK KUNG AYAW NIYO NA MAY UMASANG ANAK SAINYO 8080!,"['Pinag sasabi mo girl?', 'Obligasyon ng magulang na palakihin ang anak nila kung di nagawa sayo yon ng magulang mo kawawa ka naman.', 'hindi mayabang ang pagkakaron ng kaalaman sa paligid at sa nangyayari sa lipunan.', 'Edi sana DI KAYO NAG ANAK KUNG AYAW NIYO NA MAY UMASANG ANAK SAINYO 8080!']"
"Erwin Libres-Mijares Vergara FYI lang ah. 1% lang ng graduates ng UP ang sumasali sa ganyan. mas marami paring graduate ng UP ang walang pake o hindi nasali sa mga NPA. FYI lang, di lang yan sa UP maging sa ibang unibersidad","['FYI lang ah.', '1% lang ng graduates ng UP ang sumasali sa ganyan.', 'mas marami paring graduate ng UP ang walang pake o hindi nasali sa mga NPA.', 'FYI lang', 'di lang yan sa UP maging sa ibang unibersidad']"
Erwin Libres-Mijares Vergara matagal na sayang inuboy ni bangag at inday sayad,['matagal na sayang inuboy ni bangag at inday sayad']
"well, you can say na galing sila sa UP ok, pero ilan ba graduates ng UP as compared sa dami ng sumaling NPA na graduate ng UP?
May point is, bakit gegeneralize nio na lahat ng UP graduate e NPA o rebelde o aktibista when in fact, mas marami ang di naman sumasali sa mga NPA or whatnot group

to think of it, karamihan sa mga managers or managerial positions ng private and public firms, UP graduate. lalo na public service.","['well', 'you can say na galing sila sa UP ok', 'pero ilan ba graduates ng UP as compared sa dami ng sumaling NPA na graduate ng UP?', 'May point is', 'bakit gegeneralize nio na lahat ng UP graduate e NPA o rebelde o aktibista when in fact', 'mas marami ang di naman sumasali sa mga NPA or whatnot group', 'to think of it', 'karamihan sa mga managers or managerial positions ng private and public firms', 'UP graduate.', 'lalo na public service.']"
"syempre, sino ba may pake sa magsasakang namatay na lumalaban para sa lupa nila? MALAMANG ANG IBABALITA YUNG MGA UP OR MGA ISKOLAR PARA SIRAAN ANG MGA TAO","['syempre', 'sino ba may pake sa magsasakang namatay na lumalaban para sa lupa nila?', 'MALAMANG ANG IBABALITA YUNG MGA UP OR MGA ISKOLAR PARA SIRAAN ANG MGA TAO']"
Sa sobrang broke ng mga incel na to pati patay pinaglilibugan ih,['Sa sobrang broke ng mga incel na to pati patay pinaglilibugan ih']
P*T**NA HAHAHAHAHAHAHHAAHAHHAAA CASTING COUCH NOW FERTILIZER LATER 🤣🤣,"['P*TNA HAHAHAHAHAHAHHAAHAHHAAA', 'CASTING COUCH NOW FERTILIZER LATER 🤣🤣']"
"bagong brand na ng corned beef yan ah ""Maki-baka""","['bagong brand na ng corned beef yan ah ""Maki-baka""']"
sunod ka na din dun dala ka armas ah,['sunod ka na din dun dala ka armas ah']
akala nila simpleng airsoft war games lang.. 😥,['akala nila simpleng airsoft war games lang.. 😥']
excluded paano NASA Grupo sya pàg operation ng army kaya na corned beef sya dahil alam nya na may operaston ang military bakit di sila umalis bobo ka man guro,"['excluded paano NASA Grupo sya pàg operation ng army kaya na corned beef sya dahil alam nya na may operaston ang military', 'bakit di sila umalis bobo ka man guro']"
baka akala mo hindi naka full gear combatant mga NPA na nirecruit,['baka akala mo hindi naka full gear combatant mga NPA na nirecruit']
"bobo ka talaga eh no. apaka-inutil mong kupal ka. dapat sa mga katulad mo, hindi na dapat gumagamit ng social media platforms eh. respeto na nga lang kaya mong ibigay sa namatay, hindi mo pa magawang tarantado ka. tingnan lang natin kung matuwa ka pa kung mangyari 'yan sa mga anak.","['bobo ka talaga eh no.', 'apaka-inutil mong kupal ka.', 'dapat sa mga katulad mo', 'hindi na dapat gumagamit ng social media platforms eh.', 'respeto na nga lang kaya mong ibigay sa namatay', 'hindi mo pa magawang tarantado ka.', 'tingnan lang natin kung matuwa ka pa kung mangyari \'yan sa mga anak.']"
"lol mahina ka rin puro tiktok ka lang yata eh, manood ka ng mga videos ni Dennis Eclarin para naman aware ka! Kung anong mangyayari sayo pag namundok ka","['lol mahina ka rin puro tiktok ka lang yata eh', 'manood ka ng mga videos ni Dennis Eclarin para naman aware ka!', 'Kung anong mangyayari sayo pag namundok ka']"
dapat ipasara ang up at ikulong kasuhan yang mga recruiters na yan,['dapat ipasara ang up at ikulong kasuhan yang mga recruiters na yan']
Kain + Tulog + Computer = LIFE wala namang isisira kung sira na MIsmo sa umpisa plng Ang imahe Ng up sa pg breed Ng mga communist at activist,"['Kain + Tulog + Computer = LIFE', 'wala namang isisira kung sira na MIsmo sa umpisa plng Ang imahe Ng up sa pg breed Ng mga communist at activist']"
"ewan ko sa mga namumundok. kung anong plano nila sa buhay nila. kung mamundok sila at sumali sa NPA, wala kaming pake. pero di tama na igeneralize nio ang buong UP campus dun. besides, di lang naman UP ang my gnyan e. maraming schools ang my ganyan. paano ung mga graduates ng UP, NPA dn ba sila? sa supreme court lang e, karamihan dun mga UP graduates, NPA dn ba sila?","['ewan ko sa mga namumundok.', 'kung anong plano nila sa buhay nila.', 'kung mamundok sila at sumali sa NPA', 'wala kaming pake.', 'pero di tama na igeneralize nio ang buong UP campus dun.', 'besides', 'di lang naman UP ang my gnyan e.', 'maraming schools ang my ganyan.', 'paano ung mga graduates ng UP', 'NPA dn ba sila?', 'sa supreme court lang e', 'karamihan dun mga UP graduates', 'NPA dn ba sila?']"
o ano ba ginawa Ng school na up para pigilan Ang pg dami Ng mga activista at rebelde na Galing sa institution nila? Kesa I condemn Ang mga communista ung kinocondemn Ang afp na gnagawa lng nmn Ng sandatahang pilipinas Ang tungkulin nila.,"['o ano ba ginawa Ng school na up para pigilan Ang pg dami Ng mga activista at rebelde na Galing sa institution nila?', 'Kesa I condemn Ang mga communista ung kinocondemn Ang afp na gnagawa lng nmn Ng sandatahang pilipinas Ang tungkulin nila.']"
"well, kung di ka tga UP di mo tlga alam. pero di nangingialam ang UP sa mga layunin ng mga estudyante, kung gusto mo mamundok, edi mamundok ka, kung gusto mo magtapos at maing successful sa buhay, edi magging successful ka.  di kami sinasakal sa kung ano ang dapat naming gawin sa buhay. alam mo mgnda dun? karamihan sa mga managerial na positions sa gobyerno, mga UP graduate. karamihan sa mga Hukop, UP graduate. Mga researchers, UP graduate. naging NPA ba sila? 

if hindi, i rest my case.","['well', 'kung di ka tga UP di mo tlga alam.', 'pero di nangingialam ang UP sa mga layunin ng mga estudyante', 'kung gusto mo mamundok', 'edi mamundok ka', 'kung gusto mo magtapos at maing successful sa buhay', 'edi magging successful ka.', 'di kami sinasakal sa kung ano ang dapat naming gawin sa buhay.', 'alam mo mgnda dun?', 'karamihan sa mga managerial na positions sa gobyerno', 'mga UP graduate.', 'karamihan sa mga Hukop', 'UP graduate.', 'Mga researchers', 'UP graduate.', 'naging NPA ba sila?', 'if hindi', 'i rest my case.']"
"dahil yun lang ang nababalita o binabalita. May mga kilala ako sa college days na sumali ng LFS at naging NPA na kalaunan. Ilan sa kanila patay na dahil din sa engkuwentro laban sa militar,  pero dahil hindi naman kilala at galing din sa hindi promeninteng university sa probinsya, hindi nabibigyan ng pansin.","['dahil yun lang ang nababalita o binabalita.', 'May mga kilala ako sa college days na sumali ng LFS at naging NPA na kalaunan.', 'Ilan sa kanila patay na dahil din sa engkuwentro laban sa militar', 'pero dahil hindi naman kilala at galing din sa hindi promeninteng university sa probinsya', 'hindi nabibigyan ng pansin.']"
FYI DIN YUNG 1 Percent NA SINASABE ALAM MUBA GANO KALAKING PERA YAN HAHAHA,['FYI DIN YUNG 1 Percent NA SINASABE ALAM MUBA GANO KALAKING PERA YAN HAHAHA']
"never pa ako nakarinig ng ibang University na namatay or nahuli sa encounter sa NPA, since birth lagi talaga UP Diliman at kabataan partylist 🤣","['never pa ako nakarinig ng ibang University na namatay or nahuli sa encounter sa NPA', 'since birth lagi talaga UP Diliman at kabataan partylist 🤣']"
"ano pinagsasasabi mo, ung nakaraang nakulong sa Mindoro sa DSLU Benilde un. imagine Benilde un ah. yung mga nakabakbakan din sa mindoro mga PUP. palibhasa, selective kayo sa Balita, pag my NPA, UP agad. tska babalik tayo sa una kong argument, bakit karamihan sa mga high end positions ng gobyerno mga UP graduate? mga dating senador UP graudate? mga hukom UP graduate? dun ka lang kasi nakatingin sa 1% e","['ano pinagsasasabi mo', 'ung nakaraang nakulong sa Mindoro sa DSLU Benilde un.', 'imagine Benilde un ah.', 'yung mga nakabakbakan din sa mindoro mga PUP.', 'palibhasa', 'selective kayo sa Balita', 'pag my NPA', 'UP agad.', 'tska babalik tayo sa una kong argument', 'bakit karamihan sa mga high end positions ng gobyerno mga UP graduate?', 'mga dating senador UP graudate?', 'mga hukom UP graduate?', 'dun ka lang kasi nakatingin sa 1% e']"
Brainwashed pa more corn beef later 🤣🤣,['Brainwashed pa more corn beef later 🤣🤣']
"anu yun, iilag ba yung bala kasi alam nung bala na non-combatant ka? Yung tao na may katawan at isip, dapat yun iiwas sa disgrasya.. Panong isang 1st year student eh nakikipamuhay sa sakahan? Kung anak ko yan, di bale nang mabugbog ko yan, wag lang makasama sa ganyang mga grupo.. Non-sense eh, 1st year student, may emersion agad, tapos ang course walang kinalaman sa agriculture or environment..","['anu yun', 'iilag ba yung bala kasi alam nung bala na non-combatant ka?', 'Yung tao na may katawan at isip', 'dapat yun iiwas sa disgrasya..', 'Panong isang 1st year student eh nakikipamuhay sa sakahan?', 'Kung anak ko yan', 'di bale nang mabugbog ko yan', 'wag lang makasama sa ganyang mga grupo..', 'Non-sense eh', '1st year student', 'may emersion agad', 'tapos ang course walang kinalaman sa agriculture or environment..']"
may wall hack kaya Naman na nakafull gear,['may wall hack kaya Naman na nakafull gear']
combatant alam nman natin na wlang ganyan sa Npeyys lahat yan combatant handa at willing magbuwis ng buhay un nga lng wlang kwenta pgkamatay nila.,"['combatant alam nman natin na wlang ganyan sa Npeyys', 'lahat yan combatant handa at willing magbuwis ng buhay un nga lng wlang kwenta pgkamatay nila.']"
nabembang na ni kumander yan saka ibang cadre.,['nabembang na ni kumander yan saka ibang cadre.']
nakasama c kumander maging corned beef nyan eh hahaha sa ilalim ng lupa na cla mag enjoy haha,"['nakasama c kumander maging corned beef nyan eh hahaha', 'sa ilalim ng lupa na cla mag enjoy haha']"
had the same thought dahil sa pic na ginamit,['had the same thought dahil sa pic na ginamit']
"ExcRoze ExcRoze kung manyak ang kumander nila, mas manyak kayo kasi ginagantungan niyo pa, tama? Inoobjectify nyo pa lalo ang mga babae. Kung meron mang kumander paki lapag","[' kung manyak ang kumander nila', 'mas manyak kayo kasi ginagantungan niyo pa', 'tama?', 'Inoobjectify nyo pa lalo ang mga babae.', 'Kung meron mang kumander paki lapag']"
"alam mo naman dds puro kabastusan alam nyan, kaya nga noong finingger ni duterte yung katulong tuwang tuwa sila. Saka yung si duterte daw dapat mauna sa australian na narape.","['alam mo naman dds puro kabastusan alam nyan', 'kaya nga noong finingger ni duterte yung katulong tuwang tuwa sila.', 'Saka yung si duterte daw dapat mauna sa australian na narape.']"
e yung finifingger ni dutae yung katulong? Saka yung sya mauuna sa australian na narape? Pati si quiboloy na minolestiya yung mga tao sa kojc? Huwag mong sabihin na yan e gawa gawa naman?,"['e yung finifingger ni dutae yung katulong?', 'Saka yung sya mauuna sa australian na narape?', 'Pati si quiboloy na minolestiya yung mga tao sa kojc?', 'Huwag mong sabihin na yan e gawa gawa naman?']"
nagalit na Isang myembro,['nagalit na Isang myembro']
"sorry na and good job 🥰 taga UP ka? Mag aral ka mabuti wag kana gumaya sa mga sumasali sa NPA, wag ka ma stress sa mga comments dahil opinion ko nlng yan, just do good, give results at someday mababago rin ang tingin ng mga tax payers na tulad ko sa mga schoolar ng UP Diliman","['sorry na and good job 🥰 taga UP ka?', 'Mag aral ka mabuti wag kana gumaya sa mga sumasali sa NPA', 'wag ka ma stress sa mga comments dahil opinion ko nlng yan', 'just do good', 'give results at someday mababago rin ang tingin ng mga tax payers na tulad ko sa mga schoolar ng UP Diliman']"
"magaral? matagal na akong graduate. FYI din pala, di lahat ng studyante ng UP, galing sa tax payer. my mga group lang mga studyente, marami dun pag above threshold ung family salary bracket mo babayaran mo prn ung full tuition.","['magaral?', 'matagal na akong graduate.', 'FYI din pala', 'di lahat ng studyante ng UP', 'galing sa tax payer.', 'my mga group lang mga studyente', 'marami dun pag above threshold ung family salary bracket mo babayaran mo prn ung full tuition.']"
"Erwin Libres-Mijares Vergara uy ilang taon na ako sa UP wala naman sakin nagrerecruit, watch your words haha","['Erwin Libres-Mijares Vergara uy ilang taon na ako sa UP wala naman sakin nagrerecruit', 'watch your words haha']"
"gagu kung walang nagtatanggol sa karapatan nyo lalong lugmok ang Pinas. ilang taon na ako sa UP walang nagrerecruit sakin, saka wala akong balak sumali sa NPA mahal ko buhay ko noh haha. Ang tama is ipaglaban ang karapatan natin Pilipino, walang masama ang mag welga at ipaglaban ang tama o rights, ang mali eh sumali sa NPA gets,  gets?","['gagu kung walang nagtatanggol sa karapatan nyo lalong lugmok ang Pinas.', 'ilang taon na ako sa UP walang nagrerecruit sakin', 'saka wala akong balak sumali sa NPA mahal ko buhay ko noh haha.', 'Ang tama is ipaglaban ang karapatan natin Pilipino', 'walang masama ang mag welga at ipaglaban ang tama o rights', 'ang mali eh sumali sa NPA gets', 'gets?']"
paki ko sa upcat upcat na yn? Cno bh gsto pumasok sa school Ng NPA. Ikaw lng at Ang mga bobo mong wokies,"['paki ko sa upcat upcat na yn?', 'Cno bh gsto pumasok sa school Ng NPA.', 'Ikaw lng at Ang mga bobo mong wokies']"
ۦۦ ۦۦ ۦۦ ۦۦ broke pa Ang gusto. Hahaha please mag research ka kung Anu ginagawa Ng mga guerilla front commander sa mga bagong recruit Ng npa. Na babae Lalo na kung maitsura nakakaawa.,"['ۦۦ ۦۦ ۦۦ ۦۦ broke pa Ang gusto.', 'Hahaha please mag research ka kung Anu ginagawa Ng mga guerilla front commander sa mga bagong recruit Ng npa.', 'Na babae Lalo na kung maitsura nakakaawa.']"
paldong paldo si kumander hahah sulit na sulit daw magpapapak sa lamok may inaakyat namn daw na mga fresh meat palagi e hahahahah,"['paldong paldo si kumander hahah', 'sulit na sulit daw magpapapak sa lamok may inaakyat namn daw na mga fresh meat palagi e hahahahah']"
Pano niyo nalaman na may ginagawang ganyan ang mga commander? Kaanib kayo? 🤣 Or same kayo ng manyak mindset?,"['Pano niyo nalaman na may ginagawang ganyan ang mga commander?', 'Kaanib kayo? 🤣', 'Or same kayo ng manyak mindset?']"
"Pag sinabi siguro sa internet na kumain ka tae kakain ka din. Tsaka hindi siya NPA, its either sumama siya sa mga members for immersion or research sa mga nangyayare sa mga magsasaka ng Negros.","['Pag sinabi siguro sa internet na kumain ka tae kakain ka din.', 'Tsaka hindi siya NPA', 'its either sumama siya sa mga members for immersion or research sa mga nangyayare sa mga magsasaka ng Negros.']"
lost film na yan,['lost film na yan']
ۦۦ ۦۦ ۦۦ ۦۦ research ng walang military escort sa area na puro rebeldeng communista? Sus hahahahah,"['ۦۦ ۦۦ ۦۦ ۦۦ research ng walang military escort sa area na puro rebeldeng communista?', 'Sus hahahahah']"
mumurahin na sana kita pero tang ina mo parin matulog ng maaga bawasan kaka laro ng online games huh 🤣🤣🤣🤣,"['mumurahin na sana kita pero tang ina mo parin', 'matulog ng maaga bawasan kaka laro ng online games huh 🤣🤣🤣🤣']"
bat Ano ba pinag lalaban ng mga NPA na komunista Pano Tayo maging gaya ng China North Korea Russia  its not make sense nasa democrats country na tayo just live a peaceful life.,"['bat Ano ba pinag lalaban ng mga NPA na komunista', 'Pano Tayo maging gaya ng China North Korea Russia', 'its not make sense nasa democrats country na tayo just live a peaceful life.']"
walang coordination sa LGU sa NPA-infested na territory?,['walang coordination sa LGU sa NPA-infested na territory?']
nanggigigil ako sayo…mabatokan na talaga kita,['nanggigigil ako sayo…mabatokan na talaga kita']
ayun na tikoy tuloy sa aobrang mulat pumikit bigla.,['ayun na tikoy tuloy sa aobrang mulat pumikit bigla.']
"Lar aba ang Linis ah.. Sasabihin niyo Inioobjectify kayu pero kung Manamit kayu Halos Kita na Kaluluwa niyo.. ano Feminism!? Ulol dun ka sa Western! Puta Landi rin naman.. Kay Cummander sa NPA
Wala Pinilili Basta Kadyot Agad...

Ka Edukadang Babae Madaling MaBrainwash, Weak!","['Lar aba ang Linis ah..', 'Sasabihin niyo Inioobjectify kayu pero kung Manamit kayu Halos Kita na Kaluluwa niyo..', 'ano Feminism!?', 'Ulol dun ka sa Western!', 'Puta Landi rin naman..', 'Kay Cummander sa NPA Wala Pinilili Basta Kadyot Agad...', 'Ka Edukadang Babae Madaling MaBrainwash', 'Weak!']"
yung bakla! Sanay na sanay chumupa. Wahaha,"['yung bakla!', 'Sanay na sanay chumupa.', 'Wahaha']"
marami wag na ideny,['marami wag na ideny']
uy andino na naman ang bading na tagapag tanggol ng mga terrorirsta. At least di naging parausa ng kumander hahaha,"['uy andino na naman ang bading na tagapag tanggol ng mga terrorirsta.', 'At least di naging parausa ng kumander hahaha']"
"ginaya mo pa ako sainyong mga dds source nyo tiktok, yt at SMNI hahahahhaha","['ginaya mo pa ako sainyong mga dds source nyo tiktok', 'yt at SMNI hahahahhaha']"
asan source mo na ginanyan si alyanna? eh student research ginawa nag babasa ka ba? land grabbing yung issue. NAG BABASA KA BA?,"['asan source mo na ginanyan si alyanna?', 'eh student research ginawa nag babasa ka ba?', 'land grabbing yung issue.', 'NAG BABASA KA BA?']"
ngayon ka lang pinanganak? Hahahaha,"['ngayon ka lang pinanganak?', 'Hahaha']"
"bo is bo second degree ko na ito. Hahahaha 22-xxxxx student number ko sa UP hahahahah
Engr na itong binobobo mo at may mga sariling business eh ikaw bukod sa pangit ka na nga wala ka utak HAHAHAHA
Nasa mood ako pumatol ng mga bobong pangit tulad mo para maranasan niyo din patulan hahahaha","['bo is bo second degree ko na ito.', 'Hahaha 22-xxxxx student number ko sa UP hahahahah', 'Engr na itong binobobo mo at may mga sariling business eh ikaw bukod sa pangit ka na nga wala ka utak HAHAHAHA', 'Nasa mood ako pumatol ng mga bobong pangit tulad mo para maranasan niyo din patulan hahahaha']"
2nd degree sa ano? BSBOBO at BSNPA? Hahaha Tanga ka kc gwapong gwapo kna sa hitsurya mo na Yan? Poging pogi sa sarili mataas ego yan Ang tatak up rebelde na bobo pa,"['2nd degree sa ano?', 'BSBOBO at BSNPA?', 'Hahaha Tanga ka kc gwapong gwapo kna sa hitsurya mo na Yan?', 'Poging pogi sa sarili mataas ego yan Ang tatak up rebelde na bobo pa']"
kahit na balita GMA at ABS-CBN ayaw ilabas bakit kaya,['kahit na balita GMA at ABS-CBN ayaw ilabas bakit kaya']
"syempre, para ang alam lang ng ibang mamamayan eh afp ang masama. Tapos rebolusyonaryong bayani yang mga yan","['syempre', 'para ang alam lang ng ibang mamamayan eh afp ang masama.', 'Tapos rebolusyonaryong bayani yang mga yan']"
bakit Hindi Sila nag coordinate sa lgu Kong nag conduct Sila ng research at Bago Sila umakyat sa budok may military dapat naka assist sa kanila Kong totoo na sila ay panig sa hanay ng gov...pero iba ginawa nila eh halatang mga leftist.,['bakit Hindi Sila nag coordinate sa lgu Kong nag conduct Sila ng research at Bago Sila umakyat sa budok may military dapat naka assist sa kanila Kong totoo na sila ay panig sa hanay ng gov...pero iba ginawa nila eh halatang mga leftist.']
"pangmahirap lang ang batas na meron tayo ,",['pangmahirap lang ang batas na meron tayo']
nakapagtaka tlga laging galing U.P hahah panong walang recruitment na nagyayari Jan hahahah,['nakapagtaka tlga laging galing U.P hahah panong walang recruitment na nagyayari Jan hahahah']
Na brainwash nna kasi kaya ganyan wlaa nearing future kasi na baloktot na mga isip dpat mga anak nyo pag na laman na suma sali sa ganyan welga pa tigilin nyo na baka umuwi kahon nayan,['Na brainwash nna kasi kaya ganyan wlaa nearing future kasi na baloktot na mga isip dpat mga anak nyo pag na laman na suma sali sa ganyan welga pa tigilin nyo na baka umuwi kahon nayan']
tama po lalo isolated yong bundok na pwede mapugaran ng NPA dapat nakipag coordinate muna sila sa lgu.,['tama po lalo isolated yong bundok na pwede mapugaran ng NPA dapat nakipag coordinate muna sila sa lgu.']
Kaya kung mag papaaral kayo sa Ateneo or De La Salle 😊 malamang walang mahirap na NPA naka pasok doon para mag recruit 😂,['Kaya kung mag papaaral kayo sa Ateneo or De La Salle 😊 malamang walang mahirap na NPA naka pasok doon para mag recruit 😂']
parang napanuod ko na to dati ah... 🤔🤔🤔,['parang napanuod ko na to dati ah... 🤔🤔🤔']
"Kinakamkam ng mga oligarch yung mga lupa sa Negros, tingin mo kanino sila kakampi? Bumoboto kayo ng mga nangangamkam tapos gusto niyo kakampi sila sa mga ordinaryong magsasaka? Kasama na diyan naissue yung pamilya ni Jose Mari Chan na isa sa mga nangangamkam ng lupa diyan","['Kinakamkam ng mga oligarch yung mga lupa sa Negros', 'tingin mo kanino sila kakampi?', 'Bumoboto kayo ng mga nangangamkam tapos gusto niyo kakampi sila sa mga ordinaryong magsasaka?', 'Kasama na diyan naissue yung pamilya ni Jose Mari Chan na isa sa mga nangangamkam ng lupa diyan']"
ۦۦ ۦۦ ۦۦ ۦۦ then nasan ang documents na may emersion? alam kaya ng magulang nya?,"['ۦۦ ۦۦ ۦۦ ۦۦ then nasan ang documents na may emersion?', 'alam kaya ng magulang nya?']"
ۦۦ ۦۦ ۦۦ ۦۦ same script gasgas na,['ۦۦ ۦۦ ۦۦ ۦۦ same script gasgas na']
ۦۦ ۦۦ ۦۦ ۦۦ more pa na namatay na npa,['ۦۦ ۦۦ ۦۦ ۦۦ more pa na namatay na npa']
"If your son/daughter in college join the student council or SUPREME STUDENT GOVERNMENT, e double check gyud intawn kai naka bantay mu once belong na sila ana nga body, hait na kaayu murag kinsa, di nana maminaw..punteryahun nana sa mga activist ilang position, dha nana mag sugud. Mao na usa ra akung ma sulit ani nga hitabu ""MIRISI""","['If your son/daughter in college join the student council or SUPREME STUDENT GOVERNMENT', 'e double check gyud intawn kai naka bantay mu once belong na sila ana nga body', 'hait na kaayu murag kinsa', 'di nana maminaw..punteryahun nana sa mga activist ilang position', 'dha nana mag sugud.', 'Mao na usa ra akung ma sulit ani nga hitabu ""MIRISI""']"
Nabawssan na naman ang prospect ni kumander.... 😅😅😅,['Nabawssan na naman ang prospect ni kumander.... 😅😅😅']
"2 lang yan, corned beef or Jowa ni Kumander","['2 lang yan', 'corned beef or Jowa ni Kumander']"
Sinayang nya lang Buhay nya,['Sinayang nya lang Buhay nya']
"ۦۦ ۦۦ ۦۦ ۦۦ nako makitid utak ng mga yan.  di nila alam ang immersion na sinasabi , mahirap talaga pag low iq kausap haha ..mga mahilig sa puta yan. kaya yan ang bukambibig nila.  banal banalan pa yan ha","['ۦۦ ۦۦ ۦۦ ۦۦ nako makitid utak ng mga yan.', 'di nila alam ang immersion na sinasabi', 'mahirap talaga pag low iq kausap haha ..mga mahilig sa puta yan.', 'kaya yan ang bukambibig nila.', 'banal banalan pa yan ha']"
research  pinunta pero sa NPA sumama?  Dami namang pweding samahan na matino at environmental organizations teh!?bakit dun pa? Hindi ba sila nanonood ng Balita? Eh war zone ng NPA at AFP ang lugar na yun dun? 🤦🏻‍♂️,"['research pinunta pero sa NPA sumama?', 'Dami namang pweding samahan na matino at environmental organizations teh!?', 'bakit dun pa?', 'Hindi ba sila nanonood ng Balita?', 'Eh war zone ng NPA at AFP ang lugar na yun dun? 🤦🏻‍♂️']"
pano mi naman nasabeng palamonen?? Nakuha mo lang cguro yan sa sarili mo reflection ng sarili mo AHAHAHAHAHHA WAWA KA KOYA ISA KA RING GAGO EH BULOK NA NGA GAGO PA TYPICAL NA UTAK ALIMANGO MENTALITY 🤣,"['pano mi naman nasabeng palamonen??', 'Nakuha mo lang cguro yan sa sarili mo reflection ng sarili mo AHAHAHAHAHHA WAWA KA KOYA ISA KA RING GAGO EH BULOK NA NGA GAGO PA TYPICAL NA UTAK ALIMANGO MENTALITY 🤣']"
ۦۦ ۦۦ ۦۦ ۦۦ cge pag tanggol mo pa katangahan nyo hahahaha,['ۦۦ ۦۦ ۦۦ ۦۦ cge pag tanggol mo pa katangahan nyo hahahaha']
G na G ah 🤣🤣🤣 haba ng litanya mo ah 🤣🤣🤣kahit ano sabihen mo palamuning poota ka pa den 🤣🤣🤣🤣,['G na G ah 🤣🤣🤣'.'haba ng litanya mo ah 🤣🤣🤣'.'kahit ano sabihen mo palamuning poota ka pa den 🤣🤣🤣🤣']
ۦۦ ۦۦ ۦۦ ۦۦ immersion o research tangina same script pag may namatay na kasama nang NPA hahaha pag may research sya sa mga lumad dun dapat may nag paalam muna sa mga LGU hindi yung kay kumander mag paalam muntanga kayo ge pa brainwash pa kayo mga palamuning bobo sayang talino nyo di nyo ginagamit kawawa magulang nyo. Di bale di naman kami ang nag susugal nang buhay kayo naman,"['ۦۦ ۦۦ ۦۦ ۦۦ immersion o research tangina same script pag may namatay na kasama nang NPA hahaha pag may research sya sa mga lumad dun dapat may nag paalam muna sa mga LGU hindi yung kay kumander mag paalam muntanga kayo ge pa brainwash pa kayo mga palamuning bobo sayang talino nyo di nyo ginagamit kawawa magulang nyo.', 'Di bale di naman kami ang nag susugal nang buhay kayo naman']"
na may bawang at sibuyas,['na may bawang at sibuyas']
student research na may baril,['student research na may baril']
makakapag salita pa ba ang Patay??,['makakapag salita pa ba ang Patay??']
"ah ung nanay at asawa mo ung puta buong barangay nga pumila na libre pa. Magkano ba rate ngayon ng nanay mo, nag mura na ba? Gamit nagamit e.  Hanap ko ng customer gusto mo?  Magkano kumisyon.

AH oo marami pala dyan Sorsogon naalala ko nakapila  pa nga","['ah ung nanay at asawa mo ung puta buong barangay nga pumila na libre pa.', 'Magkano ba rate ngayon ng nanay mo', 'nag mura na ba?', 'Gamit nagamit e.', 'Hanap ko ng customer gusto mo?', 'Magkano kumisyon.', 'AH oo marami pala dyan Sorsogon naalala ko nakapila pa nga']"
Bantayan nyo mga anak nyo baka balang araw magiging cornbeef na Sila,['Bantayan nyo mga anak nyo baka balang araw magiging cornbeef na Sila']
Nkapaldo nman yta si kumander jan bago yan na prito?,['Nkapaldo nman yta si kumander jan bago yan na prito?']
ba ginamit talaga? Kc kung may transparency d na yan ma question.. Fact is government fund should be transparent,"['ba ginamit talaga?', 'Kc kung may transparency d na yan ma question..', 'Fact is government fund should be transparent']"
bkit npa pa rin,['bkit npa pa rin']
kahit ano pa sabihin mo BULOK GAGO AT PANGET KA PAREN WALA KANG KWENTANG TAO DAHIL APAKA LAKI MONG BULOK KUHA NAMAN SA ITSURA MO EH MUKHANG WALANG PINAG ARALAN KUNG MERON MAN WALA RING NA AMBAG SAYO HINAYUPAK KA EH GANYAN KA MAG ISIP HALATANG MAY PINAGMANAHAN KA CGURO ISA KANG BASURA SA LIPUNAN AT MABULOK KA SANA KUNG SAN KA MANG LUPALOK NANGGALING BOBO KA,['kahit ano pa sabihin mo BULOK GAGO AT PANGET KA PAREN WALA KANG KWENTANG TAO DAHIL APAKA LAKI MONG BULOK KUHA NAMAN SA ITSURA MO EH MUKHANG WALANG PINAG ARALAN KUNG MERON MAN WALA RING NA AMBAG SAYO HINAYUPAK KA EH GANYAN KA MAG ISIP HALATANG MAY PINAGMANAHAN KA CGURO ISA KANG BASURA SA LIPUNAN AT MABULOK KA SANA KUNG SAN KA MANG LUPALOK NANGGALING BOBO KA']
ka na bobo ka pa. Choose a struggle.,"['ka na bobo ka pa.', 'Choose a struggle.']"
ۦۦ ۦۦ ۦۦ ۦۦ the question is bat wala silang consent to the authority lalo na sa afp para masamahan lalo na HIGH RISK yung lugar something's fishy...,['ۦۦ ۦۦ ۦۦ ۦۦ the question is bat wala silang consent to the authority lalo na sa afp para masamahan lalo na HIGH RISK yung lugar something\'s fishy...']
Mas maniniwala pa ako sa mga talagang may hawak na armas nung naengkwentro eh. Pero yung sibilyan? Wag kame,"['Mas maniniwala pa ako sa mga talagang may hawak na armas nung naengkwentro eh.', 'Pero yung sibilyan?', 'Wag kame']"
"ۦۦ ۦۦ ۦۦ ۦۦ oo nga no, nag immerse paano bumaril, mamuhay sa bundok na parang NPA","['ۦۦ ۦۦ ۦۦ ۦۦ oo nga no', 'nag immerse paano bumaril', 'mamuhay sa bundok na parang NPA']"
bobo ka noh? NPA na bobo?,"['bobo ka noh?', 'NPA na bobo?']"
BOBO DAMING MGA FORMER NPA NAGPAPATUNAY NIYAN. SARADO LANG UTAK MO,"['BOBO DAMING MGA FORMER NPA NAGPAPATUNAY NIYAN.', 'SARADO LANG UTAK MO']"
"Magaling si kumander, pinutukan Muna Bago pa maputukan ng iba","['Magaling si kumander', 'pinutukan Muna Bago pa maputukan ng iba']"
"Daming tuwang tuwa pero sinasabihan din naman ng bangag gobyerno. Eh pano pa yung mga liblib na lugar na hindi naabot ng gobyerno o nakikinabang sa pag usad ng bansa. 

Buti nga may mga studyante na kagaya niya na may malasakit sa maliliit na community ng magsasaka chinecheck pano sila matulungan bukod sa ayudang pera at mga kabataan kung nakakatangap ba nang maayos na edukasyon 

Tatanga niyo mga ignorante kahit saan naman na malayo sa ciudad o isolated community eh may rebelde hindi na kasalanan ng mga taong nag mamalasakit at pumupunta doon para mag check ng kalusugan at pamumuhay ng mga nakatira doong tao kasi Pilipino din sila. mga skwater tumatangap lang ng ayuda tapos sa middle class binabawi pano yung mga mag sasaka natin","['Daming tuwang tuwa pero sinasabihan din naman ng bangag gobyerno.', 'Eh pano pa yung mga liblib na lugar na hindi naabot ng gobyerno o nakikinabang sa pag usad ng bansa.', 'Buti nga may mga studyante na kagaya niya na may malasakit sa maliliit na community ng magsasaka chinecheck pano sila matulungan bukod sa ayudang pera at mga kabataan kung nakakatangap ba nang maayos na edukasyon', 'Tatanga niyo mga ignorante kahit saan naman na malayo sa ciudad o isolated community eh may rebelde hindi na kasalanan ng mga taong nag mamalasakit at pumupunta doon para mag check ng kalusugan at pamumuhay ng mga nakatira doong tao kasi Pilipino din sila.', 'mga skwater tumatangap lang ng ayuda tapos sa middle class binabawi pano yung mga mag sasaka natin']"
Yan yung gusto ni commander ma bata bata pa 🤣,['Yan yung gusto ni commander ma bata bata pa 🤣']
"sa totoo lang di kami naaawa sa mga tulad niyang Stupidyante...
masasabi kung dapat lang talaga para di na tularan ng iba","['sa totoo lang di kami naaawa sa mga tulad niyang Stupidyante...', 'masasabi kung dapat lang talaga para di na tularan ng iba']"
Nabawasan na naman ng isang kakampink,['Nabawasan na naman ng isang kakampink']
"OK, magbantay. Pero isipin mo, para sa 2026 academic year higit na 147,000 na HS students ang nagtangkang makapasa sa UPCAT [UP College Admissions Test] pero 18,000+ lang ang pumasa.","['magbantay.', 'Pero isipin mo', 'para sa 2026 academic year higit na 147', '000 na HS students ang nagtangkang makapasa sa UPCAT [UP College Admissions Test] pero 18', '000+ lang ang pumasa.']"
ۦۦ ۦۦ ۦۦ ۦۦ sinabi mong either  so walang kasiguruhan so pede rin i sabihin na NPA sya cguro :P,['ۦۦ ۦۦ ۦۦ ۦۦ sinabi mong either so walang kasiguruhan so pede rin i sabihin na NPA sya cguro :P']
ۦۦ ۦۦ ۦۦ ۦۦ Tanga na ENPEEY allahu Akbar may Allah put a curse upon you all,['ۦۦ ۦۦ ۦۦ ۦۦ Tanga na ENPEEY allahu Akbar may Allah put a curse upon you all']
pasa ng Link.,['pasa ng Link.']
matalino sila? Bat Nan doon sila sa site ng NPA? Alam nmn nila anti government and kalaban mrming places pwede puntahan doon pa talaga? Come on..,"['matalino sila?', 'Bat Nan doon sila sa site ng NPA?', 'Alam nmn nila anti government and kalaban mrming places pwede puntahan doon pa talaga?', 'Come on..']"
mo na NPA ako?,['mo na NPA ako?']
offended yung iyaking pamain character na kakampots 🤣,['offended yung iyaking pamain character na kakampots 🤣']
"ay DDS. Kaya pala. Haha kahit Di na explain, given na tabogo 🤣","['ay DDS.', 'Kaya pala.', 'Haha kahit Di na explain', 'given na tabogo 🤣']"
iyak kawawa kanaman kakampwet ka last time may naka debate ako ng kakampwet e sa dulo dulo pangarap lang pala nyang ma pinger ni kumander sa pwet baka ganun din pangarap mo? 😂😂,['iyak kawawa kanaman kakampwet ka last time may naka debate ako ng kakampwet e sa dulo dulo pangarap lang pala nyang ma pinger ni kumander sa pwet baka ganun din pangarap mo? 😂😂']
"Justine oh come on daw na parang ang ganda ng logic nya, para mong sinabe yan na bobo yung police na namatay on duty or yung nurse na nahawaan ng sakit, in the first place student research ang ginawa for the displaced farmers due sa dispute ng land, parang "" ang bobo ng seaman na namatay sa dagat alam nya namang malalim ang tubig or alam nyang may pirata"" tunog ganon talaga may collateral talaga sa mga ganyan, bibigay k nalang ng argumento pang crim pa, saang office yung Microsoft office sir.

at panong alam, common knowledge pala kuta ng NPA di ako na inform eh diba confidential info yan? galing mo din no, and dont think i support insurgency i think its stupid to go in the mountain while claiming fighting for whats right id rather change the country by being on a good politician, but i also understand the desperation of those who are forced to take up arms to defend what's rightfully theirs, palibhasa mga kapulisan at militar kahit obvious na land grabbing yes sir lang alam na sagot, and wag ka mag malaki ngayon na para bang di mababa tingin mo sa mga kababaihan na bumoboses para sa tama.","['Justine oh come on daw na parang ang ganda ng logic nya', 'para mong sinabe yan na bobo yung police na namatay on duty or yung nurse na nahawaan ng sakit', 'in the first place student research ang ginawa for the displaced farmers due sa dispute ng land', 'parang "" ang bobo ng seaman na namatay sa dagat alam nya namang malalim ang tubig or alam nyang may pirata"" tunog ganon talaga may collateral talaga sa mga ganyan', 'bibigay k nalang ng argumento pang crim pa', 'saang office yung Microsoft office sir.', 'at panong alam', 'common knowledge pala kuta ng NPA di ako na inform eh diba confidential info yan?', 'galing mo din no', 'and dont think i support insurgency i think its stupid to go in the mountain while claiming fighting for whats right id rather change the country by being on a good politician', 'but i also understand the desperation of those who are forced to take up arms to defend what\'s rightfully theirs', 'palibhasa mga kapulisan at militar kahit obvious na land grabbing yes sir lang alam na sagot', 'and wag ka mag malaki ngayon na para bang di mababa tingin mo sa mga kababaihan na bumoboses para sa tama.']"
BOBO KA NA NGA MANYAKIS AT PANGIT PA POTANGINA MI DESERVE MONG MAMATAY IH CHAT KO YANG ASAWA MONG BOBO KA EH,['BOBO KA NA NGA MANYAKIS AT PANGIT PA POTANGINA MI DESERVE MONG MAMATAY IH CHAT KO YANG ASAWA MONG BOBO KA EH']
"Alam nila na mamatay sila sa oras na makipaglaban sila sa militar tapos magpapavictim effect pa. Desisyon nila yan kaya yan napala nila. Kahit sa ibang bansa nila gawin yan, sa oras na mag rebelde sila, humawak ng armas at lumaban sa militar, kahit citizen pa sila doon, papatayin talaga sila doon.","['Alam nila na mamatay sila sa oras na makipaglaban sila sa militar tapos magpapavictim effect pa.', 'Desisyon nila yan kaya yan napala nila.', 'Kahit sa ibang bansa nila gawin yan', 'sa oras na mag rebelde sila', 'humawak ng armas at lumaban sa militar', 'kahit citizen pa sila doon', 'papatayin talaga sila doon.']"
Na aliw sa dami ng mga boylet.....,['Na aliw sa dami ng mga boylet.....']
Mga npa na nagrerecruit pati students na uto-uto congrats AFP,['Mga npa na nagrerecruit pati students na uto-uto congrats AFP']
How about those PNP Scholars na nilaan ang buhay para sa kaligtasan ng mamamayang Filipino? Hindi niyo ba sila ibabalita? Tapos manghihingi pa kayo ng hustisya sa mga yan ehh choice nilang marecruite sila ng NPA!,"['How about those PNP Scholars na nilaan ang buhay para sa kaligtasan ng mamamayang Filipino?', 'Hindi niyo ba sila ibabalita?', 'Tapos manghihingi pa kayo ng hustisya sa mga yan ehh choice nilang marecruite sila ng NPA!']"
"yeah fuck no, npa shits na mas lalong nagpapahirap sa mga taga-bukid, pag di binigyan ng pagkain, mananakot ulol","['yeah fuck no', 'npa shits na mas lalong nagpapahirap sa mga taga-bukid', 'pag di binigyan ng pagkain', 'mananakot ulol']"
Rafael pano mo alam? Member ka rin na manyak?,"['Rafael pano mo alam?', 'Member ka rin na manyak?']"
ۦۦ ۦۦ ۦۦ ۦۦ nahh just stating the fact ganon ginagawa sa mga npa members na babae,['ۦۦ ۦۦ ۦۦ ۦۦ nahh just stating the fact ganon ginagawa sa mga npa members na babae']
ۦۦ ۦۦ ۦۦ ۦۦ Gago...mamundok ka na antay c kumander jakol,['ۦۦ ۦۦ ۦۦ ۦۦ Gago...mamundok ka na antay c kumander jakol']
halatang ngayon ka lang ipinanganak nasa tiyan kapa ata nang nanay mo matagal na news na hanap sa raid nang mga condoms at pills,['halatang ngayon ka lang ipinanganak nasa tiyan kapa ata nang nanay mo matagal na news na hanap sa raid nang mga condoms at pills']
"communists? Kayo yan mga kakampwet mga pakana ng terrorism sa bansa kinampihan nyo yung mga salot nd mga npa, yung mga terrorista na nakaupo sa kongreso like, kabataaan, akbayan, gabriela, bicol saro, etc lol","['communists?', 'Kayo yan mga kakampwet mga pakana ng terrorism sa bansa kinampihan nyo yung mga salot nd mga npa', 'yung mga terrorista na nakaupo sa kongreso like', 'kabataaan', 'akbayan', 'gabriela', 'bicol saro', 'etc lol']"
na Tamad pa 🤣🤣🤣,['na Tamad pa 🤣🤣🤣']
Kinulwestyon nyo palage ang military pero ang mga recruiter ng mga yan na nasa gobyerno at university hindi?,['Kinulwestyon nyo palage ang military pero ang mga recruiter ng mga yan na nasa gobyerno at university hindi?']
ang ganda pa naman nya.,['ang ganda pa naman nya.']
"nageexpand na kasi ang UP madami na silang branch sa bundok mga courses na offer, training course, obstacle course, m16 course un nga lang wala siyang certificate kasi hindi naman nagbibigay ang NPA ng certificate.","['nageexpand na kasi ang UP madami na silang branch sa bundok mga courses na offer', 'training course', 'obstacle course', 'm16 course un nga lang wala siyang certificate kasi hindi naman nagbibigay ang NPA ng certificate.']"
Ký siya nilunok na ni commander ngayun lulunukin na sya ng nga uod sa hukay WAHAHA,['Ký siya nilunok na ni commander ngayun lulunukin na sya ng nga uod sa hukay WAHAHA']
"ۦۦ ۦۦ ۦۦ ۦۦ anong wag kame, eh ikaw na susunod maging corned beef","['ۦۦ ۦۦ ۦۦ ۦۦ anong wag kame', 'eh ikaw na susunod maging corned beef']"
ۦۦ ۦۦ ۦۦ ۦۦ  alam na alam mo ah HAHAHAHAHAH!!,['ۦۦ ۦۦ ۦۦ ۦۦ alam na alam mo ah HAHAHAHAHAH!!']
casting couch with tuta ng kurap na opisyal? 😆😆😆,['casting couch with tuta ng kurap na opisyal? 😆😆😆']
relax lang kain ka muna nito,['relax lang kain ka muna nito']
student research boss pero balit di nakikipag coordinate sa LGU ng lugar na yun or sa pnp for safety reasons?,['student research boss pero balit di nakikipag coordinate sa LGU ng lugar na yun or sa pnp for safety reasons?']
sinisi mo pa si Du30 sa kabobohan nyo😂😂😂😂😂😂😂😂😂😂😂😂😂.. kain ka muna nito,['sinisi mo pa si Du30 sa kabobohan nyo😂😂😂😂😂😂😂😂😂😂😂😂😂.. kain ka muna nito']
mamumundok na yan sila boss mag re research dala yung ak47😂😂😂😂😂😂😂... proud na proud kaya magulang nila sa katarantadohan nila?,"['mamumundok na yan sila boss mag re research dala yung ak47😂😂😂😂😂😂_...', 'proud na proud kaya magulang nila sa katarantadohan nila?']"
baket sure ka din ba na kawang gawa talaga ginagawa nila sa bundok? nandun ka ba at nakita na tumutulong tlga sila sa mahihirap dun?,['baket sure ka din ba na kawang gawa talaga ginagawa nila sa bundok? nandun ka ba at nakita na tumutulong tlga sila sa mahihirap dun?']
wala na bang ibang script na pwede sabihin bukod sa pag reresearch nila sa bundok 🤣 yung nakaraan nahuli nag reresearch sa bundok din tapos may dalang m16 HAHAHAHAAHA sge konti nlng mapapaniwala nyo na kame konting effort pa HAHAHAHAHAHA,['wala na bang ibang script na pwede sabihin bukod sa pag reresearch nila sa bundok 🤣 yung nakaraan nahuli nag reresearch sa bundok din tapos may dalang m16 HAHAHAHAAHA sge konti nlng mapapaniwala nyo na kame konting effort pa HAHAHAHAHAHA']
"basta dds tuwang tuwa sa SA at violence, ginagawa pa ngang biro.","['basta dds tuwang tuwa sa SA at violence', 'ginagawa pa ngang biro.']"
Tikom lang ang bibig ng mga guro diyan pero alam nila sa sarili na isa sila sa mga kasapi.,['Tikom lang ang bibig ng mga guro diyan pero alam nila sa sarili na isa sila sa mga kasapi.']
"Yung mga nirerekrut ng mga makakaliwa at dinadala sa bundok, kung hindi manok ni kadre, foot soldier. Pag nadeds, baon sa hukay lahat ng salaysayin na nangyayari sa mga kuta ng mga terorista.

Samantalang mga leader nila nasa ibang bansa. At mga anak nila nagaaral sa nga magagandang eskwelahan abroad. Hindi humahawak ng baril at di nasasalat ni kumander.","['Yung mga nirerekrut ng mga makakaliwa at dinadala sa bundok', 'kung hindi manok ni kadre', 'foot soldier.', 'Pag nadeds', 'baon sa hukay lahat ng salaysayin na nangyayari sa mga kuta ng mga terorista.', 'Samantalang mga leader nila nasa ibang bansa.', 'At mga anak nila nagaaral sa nga magagandang eskwelahan abroad.', 'Hindi humahawak ng baril at di nasasalat ni kumander.']"
ano na UP?,['ano na UP?']
bakit may nasamsam na mga contraceptive hahah,['bakit may nasamsam na mga contraceptive hahah']
tanga ka ba? Kelan ko sinabi na nag kawang gawa sila sa bundok? Kelan din ako nagsabi na tumutulong sila sa mahirap? Bobo,"['tanga ka ba?', 'Kelan ko sinabi na nag kawang gawa sila sa bundok?', 'Kelan din ako nagsabi na tumutulong sila sa mahirap?', 'Bobo']"
potang inang itsura yan. Di mo malaman kung emo na bading or tae na naapakan ng tsinelas.,"['potang inang itsura yan.', 'Di mo malaman kung emo na bading or tae na naapakan ng tsinelas.']"
alam naman natin may point ang pinaglalaban niyo ung baguhin ang baluktot na sistema.. Pero may iba pa bang way aside sa pagsali sa NPA?,"['alam naman natin may point ang pinaglalaban niyo ung baguhin ang baluktot na sistema..', 'Pero may iba pa bang way aside sa pagsali sa NPA?']"
boss may kakilala ako npa. Nakakausap ko xa as first person Source. As per the sources about sa mga nangyayari sa kilusan etc.. Totoo yun. May isang lugar nga di ko na memention. Halos isang sitio NPA halos. They even co-exist with the authorities. At may mga ARMS talaga sila. Nililibing nila sa ilalim ng lupa.,"['boss may kakilala ako npa.', 'Nakakausap ko xa as first person Source.', 'As per the sources about sa mga nangyayari sa kilusan etc..', 'Totoo yun.', 'May isang lugar nga di ko na memention.', 'Halos isang sitio NPA halos.', 'They even co-exist with the authorities.', 'At may mga ARMS talaga sila.', 'Nililibing nila sa ilalim ng lupa.']"
inggit ka naman gusto mo kase ikaw marape. Di mangyayari yan dahil may tit* ka. Bading ka lang di ka babae,"['inggit ka naman gusto mo kase ikaw marape.', 'Di mangyayari yan dahil may tit* ka.', 'Bading ka lang di ka babae']"
Pabukid pa,['Pabukid pa']
"Napanuod ko na ito, di ko lang maalala kung saan leader ng NPA partner nya jan 😂😂","['Napanuod ko na ito', 'di ko lang maalala kung saan leader ng NPA partner nya jan 😂😂']"
Tas ayaw nyo ng ROTC wahaahaha pansin ko lang mga matatalino pa nadadala ng mga NPA😶,['Tas ayaw nyo ng ROTC wahaahaha'.' pansin ko lang mga matatalino pa nadadala ng mga NPA😶']
"Sa mga nasawing kabataan, masamang sabihin na ""deserve"". pero sadyang siningil ka nang pinaggagawa mo sa bayan. you died as npa? May honor and dignity ba na nakamit? Kawawa naman ang inyong mga magulang. Sa inyong mga pinuno ng kapatiran, community service na naman? o researcher yarn? Wakasan ang CPP NPA NDF na salot at piste sa bayan at lalo na sa kabataan. Wakasan sa 2028 election ang Makabayan Bloc at ang lahat na piste at salot na kasapi nitong mga legal fronts.","['Sa mga nasawing kabataan', 'masamang sabihin na ""deserve"".', 'pero sadyang siningil ka nang pinaggagawa mo sa bayan.', 'you died as npa?', 'May honor and dignity ba na nakamit?', 'Kawawa naman ang inyong mga magulang.', 'Sa inyong mga pinuno ng kapatiran', 'community service na naman?', 'o researcher yarn?', 'Wakasan ang CPP NPA NDF na salot at piste sa bayan at lalo na sa kabataan.', 'Wakasan sa 2028 election ang Makabayan Bloc at ang lahat na piste at salot na kasapi nitong mga legal fronts.']"
ۦۦ ۦۦ ۦۦ ۦۦ na naka camouflage😂,['ۦۦ ۦۦ ۦۦ ۦۦ na naka camouflage😂']
bastos sana di ka magkaron ng anak na babae nakakahiya ka maging tatay kadiri,['bastos sana di ka magkaron ng anak na babae nakakahiya ka maging tatay kadiri']
"Namatay sa gitna ng bakbakan, NPA na?","['Namatay sa gitna ng bakbakan', 'NPA na?']"
Owel huwag mo ipasa kabakIaan mo dito saIot na manyakoI na bisakoI,['Owel huwag mo ipasa kabakIaan mo dito saIot na manyakoI na bisakoI']
waiting na maging cornbeef ang isang poser here HAHAHAHA,['waiting na maging cornbeef ang isang poser here HAHAHAHA']
bugok ka lang kaya dimo ma accept . Low IQ pero ikaw basura pa rin sa lipunan,"['bugok ka lang kaya dimo ma accept .', 'Low IQ pero ikaw basura pa rin sa lipunan']"
king Ina mo magresearch ka kung ano ginagawa ng mga animal na yan sa mga student na Babae nanapapakyat nila galing namismo sa mga former npa kupal pagtanggol mo pa mga animal,['king Ina mo magresearch ka kung ano ginagawa ng mga animal na yan sa mga student na Babae nanapapakyat nila galing namismo sa mga former npa kupal pagtanggol mo pa mga animal']
JI ENDENCIA mangmang ka . Ma ko call out mo din kaya yung pagkamatay ng platoon leader namin na isang tenyente na napitas sa kamay ng NPA. Wala kang alam pabigat kapa sa magulang mo. Hindi kami titigil hanggat di kayo nauubos mga basura sa lipunan.wag mong sabihin na estudyante lang yan hunghang ka,"['JI ENDENCIA mangmang ka .', 'Ma ko call out mo din kaya yung pagkamatay ng platoon leader namin na isang tenyente na napitas sa kamay ng NPA.', 'Wala kang alam pabigat kapa sa magulang mo.', 'Hindi kami titigil hanggat di kayo nauubos mga basura sa lipunan.wag mong sabihin na estudyante lang yan hunghang ka']"
ۦۦ ۦۦ ۦۦ ۦۦ Bakit walang coordination sa LGU kung totoong immersion or research lalo na sa high risk area na known conflict zone,['ۦۦ ۦۦ ۦۦ ۦۦ Bakit walang coordination sa LGU kung totoong immersion or research lalo na sa high risk area na known conflict zone']
Ký oo kwento mo sa kasamahan mong npa na naging cornbeef na HAHAHAHA,['Ký oo kwento mo sa kasamahan mong npa na naging cornbeef na HAHAHAHA']
downgrade Utak Sison na yan,['downgrade Utak Sison na yan']
"problema kasi sa UP hinahayaan din nila yan, sa ibang university wala naman ganyan kasi pinagbabawalan mismo ng school. 

isipin mo pinalaki mo ng ilang taon tapos iiyutin lang ng mga commander ng NPA tapos isasabak sa gyera na parang baboy","['problema kasi sa UP hinahayaan din nila yan', 'sa ibang university wala naman ganyan kasi pinagbabawalan mismo ng school.', 'isipin mo pinalaki mo ng ilang taon tapos iiyutin lang ng mga commander ng NPA tapos isasabak sa gyera na parang baboy']"
Daming alam ng mga taga UP. Kami nga sa UPHSD nagve vape lang sa CR at nagbi-biliard sa free time. Hindi kami sumasama sa NPA at may ROTC kami tuwing sabado.,"['Daming alam ng mga taga UP.', 'Kami nga sa UPHSD nagve vape lang sa CR at nagbi-biliard sa free time.', 'Hindi kami sumasama sa NPA at may ROTC kami tuwing sabado.']"
Nakakasad lang may mga studyante parin na uto uto up pa man din nag aral,['Nakakasad lang may mga studyante parin na uto uto up pa man din nag aral']
sus.. kung gusto talaga nila maalis yan scenario.. dapat alisin na party list sa gobyerno at mga ibang nakaupo na member ng NPA.. alisin mga scholar at teacher na napatunayan na NPA na nag recruit.. ibang bansa basta napatunayan ka terrorist bitay matic.. dito nasa loob pa mismo ng gobyerno sabagay puro magnanakaw gobyerno... systema basura yan ang pinas,"['sus..', 'kung gusto talaga nila maalis yan scenario..', 'dapat alisin na party list sa gobyerno at mga ibang nakaupo na member ng NPA..', 'alisin mga scholar at teacher na napatunayan na NPA na nag recruit..', 'ibang bansa basta napatunayan ka terrorist bitay matic..', 'dito nasa loob pa mismo ng gobyerno sabagay puro magnanakaw gobyerno...', 'systema basura yan ang pinas']"
"wala na tayong magagawa dyan, benembang yan ni Commander e","['wala na tayong magagawa dyan', 'benembang yan ni Commander e']"
"ay threatened lang... Ngayon infiltrated na ng kumunista...sila yong umbrella wing ng cpp npa... Ang iba dyan di nila alam ginagawa nila, upang ipakita Lang na sila ay mga AKTIBISTANG SIKAT.","['ay threatened lang...', 'Ngayon infiltrated na ng kumunista...sila yong umbrella wing ng cpp npa...', 'Ang iba dyan di nila alam ginagawa nila', 'upang ipakita Lang na sila ay mga AKTIBISTANG SIKAT.']"
hoy kumag nasa Boracay na gstae mo andito ka nman,['hoy kumag nasa Boracay na gstae mo andito ka nman']
"proof mo nga kung si Alyana may authorization letter from LGU para mag conduct ng research study sa bundok, nag authorize ba ang UP na ang student nila mag conduct ng research sa bundok sige daw saan yung authorization letters nila coming from LGUs wala kasi sumampa nga NPA diba brainwash nga yan gising kasi kayo sa katotohanan na Hindi yan sila authorize sabihin nyong researcher e nakasuot nga ng chest rig(bandolier) with magazine and m16 to think nagsasabi pa kayo ng tanim alam nyo ba gaano ka hirap magdala ng gamit at mag operate tapos nagsasabi pa kayo ng tinaniman e halatang sya nanga sumampa sa NPA","['proof mo nga kung si Alyana may authorization letter from LGU para mag conduct ng research study sa bundok', 'nag authorize ba ang UP na ang student nila mag conduct ng research sa bundok sige daw saan yung authorization letters nila coming from LGUs wala kasi sumampa nga NPA diba brainwash nga yan gising kasi kayo sa katotohanan na Hindi yan sila authorize sabihin nyong researcher e nakasuot nga ng chest rig(bandolier) with magazine and m16 to think nagsasabi pa kayo ng tanim alam nyo ba gaano ka hirap magdala ng gamit at mag operate tapos nagsasabi pa kayo ng tinaniman e halatang sya nanga sumampa sa NPA']"
"hahaha bobo ka? Wla ka naman palang alam eh bat ka nasabat dyan? Tingnan mo mga post ng nagtatanggol sa kanya, sinasabi pumunta sa bundok pra mag research at tumulong sa mga taong nasa liblib na lugar na yun. Ngayon sabihin mo, bat binomba yung lugar kung may mga sibilyan talaga dun at hindi mga NPA? Anong ginagawa nya sa lugar na puro NPA? Nagreresearch sa mga rebelde?","['hahaha bobo ka?', 'Wla ka naman palang alam eh bat ka nasabat dyan?', 'Tingnan mo mga post ng nagtatanggol sa kanya', 'sinasabi pumunta sa bundok pra mag research at tumulong sa mga taong nasa liblib na lugar na yun.', 'Ngayon sabihin mo', 'bat binomba yung lugar kung may mga sibilyan talaga dun at hindi mga NPA?', 'Anong ginagawa nya sa lugar na puro NPA?', 'Nagreresearch sa mga rebelde?']"
so pag di ka NPA ang kadiri pero pag si Kommander ok lang nice,['so pag di ka NPA ang kadiri pero pag si Kommander ok lang nice']
One week lang yan makakalimutan na yan,['One week lang yan makakalimutan na yan']
matatalinong bata pero nabilog sila dahil sa emosyon. dahil sa galit sa Gobyerno. sila kasi ung mga tipong may paninindigan at matatapang na nagboboses sa mga kabataan kaso hindi nila alam na nabilog na sila ng mga nagrecruit sa kanila sa pag trigger ng galit nila sa Gobyerno. Sana wala nang sumunod pang katulad nila. Magsumikap at palitan ninyo ang mga corrupt sa Gobyerno. Dun kayo mas higit na hahangaan ng taong bayan. RIP and condolence sa bawat pamilya ng mga nasawi.,"['matatalinong bata pero nabilog sila dahil sa emosyon.', 'dahil sa galit sa Gobyerno.', 'sila kasi ung mga tipong may paninindigan at matatapang na nagboboses sa mga kabataan kaso hindi nila alam na nabilog na sila ng mga nagrecruit sa ka nila sa pag trigger ng galit nila sa Gobyerno.', 'Sana wala nang sumunod pang katulad nila.', 'Magsumikap at palitan ninyo ang mga corrupt sa Gobyerno.', 'Dun kayo mas higit na hahangaan ng taong bayan.', 'RIP and condolence sa bawat pamilya ng mga nasawi.']"
Red na red ang hair hahaha corned beef ba hahahaha en pey eey pa.,['Red na red ang hair hahaha corned beef ba hahahaha en pey eey pa.']
mga kabataang walang takot sa dios dahil akala nila Sila Ang dios na mkapagpabago sa takbo ng gobyerno!!! Kung malapit pa yan sa dios matatakot yan mag NPA,"['mga kabataang walang takot sa dios dahil akala nila Sila Ang dios na mkapagpabago sa takbo ng gobyerno!!!', 'Kung malapit pa yan sa dios matatakot yan mag NPA']"
for speaking truth? Mrming nag surrender na kakabaihan na gingalaw sila ng commander nila.,"['for speaking truth?', 'Mrming nag surrender na kakabaihan na gingalaw sila ng commander nila.']"
"ironic kamo, imagine mo pinag aral ka ng mga magulang mo sa isang sikat na university tas ganyan lang kahahantungan 🤦🏻‍♂️
Hindi na sila highschool para ma uto pa ng mga ganyang kulto pero still why?","['ironic kamo', 'imagine mo pinag aral ka ng mga magulang mo sa isang sikat na university tas ganyan lang kahahantungan 🤦🏻‍♂️', 'Hindi na sila highschool para ma uto pa ng mga ganyang kulto pero still why?']"
JI ENDENCIA isa nanamng profile na pang bading ang natagpuang tanga 🤣🤣,['JI ENDENCIA isa nanamng profile na pang bading ang natagpuang tanga 🤣🤣']
"Student activists future NPA

VS

ROTC Cadet future Army men

Kilala nila mga NPA since college. Alam ng army mga galawan sa recruitment. Kaya college pa lang, identified na ng ROTC kung sino ang mga demonyong maikli pa lang ang sungay, dapat nang mawala.","['Student activists future NPA', 'VS', 'ROTC Cadet future Army men', 'Kilala nila mga NPA since college.', 'Alam ng army mga galawan sa recruitment.', 'Kaya college pa lang', 'identified na ng ROTC kung sino ang mga demonyong maikli pa lang ang sungay', 'dapat nang mawala.']"
"Daming keyboard warriors dito na di marunong mag facts checks. Anyway, kahit sino naman pwedi patayin ng militar tapos sabihin lang nila na myembro terorista parang sa ibang mga pulis lang mahilig mag tanim ng mga evidence, I think y'all need to touch some grass","['Daming keyboard warriors dito na di marunong mag facts checks.', 'Anyway', 'kahit sino naman pwedi patayin ng militar tapos sabihin lang nila na myembro terorista parang sa ibang mga pulis lang mahilig mag tanim ng mga evidence', 'I think y\'all need to touch some grass']"
"it as simple as ginagamit para ma recruit ang mga estudyante ang mga valid na issue na ng lipunan kahirapan,injustice. So yung bata idealistic, maniniwala siya kailangan labanan gobyerno.","['it as simple as ginagamit para ma recruit ang mga estudyante ang mga valid na issue na ng lipunan kahirapan', 'injustice.', 'So yung bata idealistic', 'maniniwala siya kailangan labanan gobyerno.']"
mga anak talaga nang mga kakampink kasapi din nang mga Npa eh hahaha ge pagtanggol nyo pa katangahan nyo mga bugok,['mga anak talaga nang mga kakampink kasapi din nang mga Npa eh hahaha ge pagtanggol nyo pa katangahan nyo mga bugok']
student research ampota penge ebidensya kung nag student research sya bugok ka din na NPA. Nag paalam ba sya sa LGU na mag reresearch sya jan? Eh alam nyang pugad nang npa yan eh syempre membro din sya BOBO. Tangahan nyo pa! Lumang script puro research pag namatay mga TANGA!,"['student research ampota penge ebidensya kung nag student research sya bugok ka din na NPA.', 'Nag paalam ba sya sa LGU na mag reresearch sya jan?', 'Eh alam nyang pugad nang npa yan eh syempre membro din sya BOBO.', 'Tangahan nyo pa!', 'Lumang script puro research pag namatay mga TANGA!']"
na may halong .50 Cal bullets,['na may halong .50 Cal bullets']
"importante lahat ng buhay ng tao beh, pati ikaw na pabigat sa ekonomiya. Wag ka magtago sa dummy acc mo, tapang tapangan yarn?","['importante lahat ng buhay ng tao beh', 'pati ikaw na pabigat sa ekonomiya.', 'Wag ka magtago sa dummy acc mo', 'tapang tapangan yarn?']"
"sino kaya tabogo, kami na buhay or siya na naging corned beef? Hahahaha! Baka ikaw na sunod. Akyat kana sa bundok🤪","['sino kaya tabogo', 'kami na buhay or siya na naging corned beef?', 'Hahaha!', 'Baka ikaw na sunod.', 'Akyat kana sa bundok🤪']"
hindi naman siguro sir na pag may encounter e palaging may researcher sa area na mga students. Talagang ksamahan nila yan.,"['hindi naman siguro sir na pag may encounter e palaging may researcher sa area na mga students.', 'Talagan ksamahan nila yan.']"
"Schools also should be held liable. If its for immersion or research, may pananagutan sila kasi we all know na before we conduct study may  certain requirements dyan. Bat pinayagan at why not hindi nakipag coordinate ang skul sa lgu? 

I came from state University, before we conduct study we need to present documents that approved by the skul itself then present it to the lgu of the place where we gonna conduct.","['Schools also should be held liable.', 'If its for immersion or research', 'may pananagutan sila kasi we all know na before we conduct study may certain requirements dyan.', 'Bat pinayagan at why not hindi nakipag coordinate ang skul sa lgu?', 'I came from state University', 'before we conduct study we need to present documents that approved by the skul itself then present it to the lgu of the place where we gonna conduct.']"
"Obvious naman, bakit di Kasi nakipag coordinate sa AFP kung aakyat sa mga delikadong bundok?  Halata naman, tapos may nagtatanggol pa rin.","['Obvious naman', 'bakit di Kasi nakipag coordinate sa AFP kung aakyat sa mga delikadong bundok?', 'Halata naman', 'tapos may nagtatanggol pa rin.']"
"This is my personal opinion, and mine only! 

Sa totoo lang, hindi kakulangan ng tapang ang problema natin. Marami sa kabataan ngayon ang handang lumaban para sa tama. Pero ang tanong, paano ba dapat lumaban?

Hindi lahat ng laban dinadaan sa dahas. Kung iisipin mo, mas malakas ang utak kaysa baril. Corruption is not defeated by bullets, but by awareness, strategy, at collective action. Kailangan natin gamitin ang talino natin to expose what is wrong, to question systems, at mag demand ng transparency at accountability.

Picking up arms may seem like a strong statement, pero sa dulo, sino ba ang mas prepared? Government troops are highly trained, well equipped, at may sapat na firepower at ammunition. It becomes a losing battle, at ang pinaka masakit, ang nawawala ay mga kabataang may potensyal, may pangarap, at may kakayahang magbago ng sistema sa mas matalinong paraan.

Kung nagabayan lang sana nang tama ang mga isipan na ito, they could have been a great help in our government. Sa tamang direksyon, ang talino at tapang nila puwedeng gamitin sa paggawa ng batas, pagbuo ng reporma, at paglilingkod sa bayan.

Sayang ang mga brilliant minds kung mauuwi lang sa dahas. Mas kailangan sila sa pagbuo ng solusyon, sa pag educate ng kapwa, sa pag push ng reforms, at sa pag create ng long term change. Hindi kahinaan ang piliing mag isip kaysa manakit. In fact, iyon ang tunay na lakas.

Kung gusto natin ng tunay na pagbabago, gamitin natin ang utak natin, hindi armas. Doon nagsisimula ang laban na may pag asa manalo.","['This is my personal opinion', 'and mine only!', 'Sa totoo lang', 'hindi kakulangan ng tapang ang problema natin.', 'Marami sa kabataan ngayon ang handang lumaban para sa tama.', 'Pero ang tanong', 'paano ba dapat lumaban?', 'Hindi lahat ng laban dinadaan sa dahas.', 'Kung iisipin mo', 'mas malakas ang utak kaysa baril.', 'Corruption is not defeated by bullets', 'but by awareness', 'strategy', 'at collective action.', 'Kailangan natin gamitin ang talino natin to expose what is wrong', 'to question systems', 'at mag demand ng transparency at accountability.', 'Picking up arms may seem like a strong statement', 'pero sa dulo', 'sino ba ang mas prepared?', 'Government troops are highly trained', 'well equipped', 'at may sapat na firepower at ammunition.', 'It becomes a losing battle', 'at ang pinaka masakit', 'ang nawawala ay mga kabataang may potensyal', 'may pangarap', 'at may kakayahang magbago ng sistema sa mas matalinong paraan.', 'Kung nagabayan lang sana nang tama ang mga isipan na ito', 'they could have been a great help in our government.', 'Sa tamang direksyon', 'ang talino at tapang nila puwedeng gamitin sa paggawa ng batas', 'pagbuo ng reporma', 'at paglilingkod sa bayan.', 'Sayang ang mga brilliant minds kung mauuwi lang sa dahas.', 'Mas kailangan sila sa pagbuo ng solusyon', 'sa pag educate ng kapwa', 'sa pag push ng reforms', 'at sa pag create ng long term change.', 'Hindi kahinaan ang piliing mag isip kaysa manakit.', 'In fact', 'iyon ang tunay na lakas.', 'Kung gusto natin ng tunay na pagbabago', 'gamitin natin ang utak natin', 'hindi armas.', 'Doon nagsisimula ang laban na may pag asa manalo.']"
"1.Ano ang ginagawa ng isang estudyante sa gitna ng bundok at sa isang conflict area? 

Kung ang layunin ay tunay na research o pag-aaral, bakit kailangang doon sa lugar na talamak ang presensya ng New People’s Army (NPA)? At higit sa lahat, bakit kasama ( o malapit)  sa  isang high ranking leader ng mga rebelde?

2. Bakit hindi nakipag coordinate sa Local Government Unit (LGU)?

 Mayroon tayong mga sinusunod na protocol para sa kaligtasan ng sinumang sibilyan na papasok sa mga liblib na lugar. 

Bakit hindi ito ginawa? Kung wala namang itinatagong masama, bakit kailangang pumasok nang patago?

Bakit hindi tularan ang mga journalist? 

Ang mga reporter mula sa malalaking media networks gaya ng GMA at ABS-CBN ay pumapasok din sa mga mapanganib na lugar, pero ginagawa nila ito nang may koordinasyon at malinaw na pagkakakilanlan para sa kanilang seguridad. 

Kung ang layunin ay kumuha ng impormasyon o datos, bakit hindi dumaan sa tamang proseso para matiyak ang safety?

Hinggil sa Red tagging, Madalas gamiting dahilan ang takot sa ""red-tagging"" kaya hindi nagpapaalam sa otoridad.

 Pero ang tanong? 
 kung ang isang tao ay purong estudyante o researcher lamang at walang kinalaman sa armadong pakikibaka, bakit siya matatakot na kilalanin ng gobyerno? 

Ang pag-iwas sa koordinasyon ang lalong naglalagay sa kanila sa panganib at nagbubukas ng pagdududa sa kanilang tunay na pakay.

Nakikiramay tayo sa mga pamilyang nawalan, ngunit kailangan din nating maging mapanuri. Ang pagsuway sa mga legal na proseso at pakikihalubilo sa mga armadong grupo sa gitna ng operasyon ng militar ay may mabigat na panganib na hindi dapat isisi sa gobyerno lamang.

 Panahon na para maging tapat tayo sa kung ano ang tunay na nangyayari sa ating mga kabataan kapag sila ay dinadala sa mga ""immersion"" sa mga lugar na may giyera.

Ctto 🫶🏻","['1.Ano ang ginagawa ng isang estudyante sa gitna ng bundok at sa isang conflict area?', 'Kung ang layunin ay tunay na research o pag-aaral', 'bakit kailangang doon sa lugar na talamak ang presensya ng New People’s Army (NPA)?', 'At higit sa lahat', 'bakit kasama ( o malapit) sa isang high ranking leader ng mga rebelde?', '2. Bakit hindi nakipag coordinate sa Local Government Unit (LGU)?', 'Mayroon tayong mga sinusunod na protocol para sa kaligtasan ng sinumang sibilyan na papasok sa mga liblib na lugar.', 'Bakit hindi ito ginawa?', 'Kung wala namang itinatagong masama', 'bakit kailangang pumasok nang patago?', 'Bakit hindi tularan ang mga journalist?', 'Ang mga reporter mula sa malalaking media networks gaya ng GMA at ABS-CBN ay pumapasok din sa mga mapanganib na lugar', 'pero ginagawa nila ito nang may koordinasyon at malinaw na pagkakakilanlan para sa kanilang seguridad.', 'Kung ang layunin ay kumuha ng impormasyon o datos', 'bakit hindi dumaan sa tamang proseso para matiyak ang safety?', 'Hinggil sa Red tagging', 'Madalas gamiting dahilan ang takot sa ""red-tagging"" kaya hindi nagpapaalam sa otoridad.', 'Pero ang tanong?', 'kung ang isang tao ay purong estudyante o researcher lamang at walang kinalaman sa armadong pakikibaka', 'bakit siya matatakot na kilalanin ng gobyerno?', 'Ang pag-iwas sa koordinasyon ang lalong naglalagay sa kanila sa panganib at nagbubukas ng pagdududa sa kanilang tunay na pakay.', 'Nakikiramay tayo sa mga pamilyang nawalan', 'ngunt kailangan din nating maging mapanuri.', 'Ang pagsuway sa mga legal na proseso at pakikihalubilo sa mga armadong grupo sa gitna ng operasyon ng militar ay may mabigat na panganib na hindi dapat isisi sa gobyerno lamang.', 'Panahon na para maging tapat tayo sa kung ano ang tunay na nangyayari sa ating mga kabataan kapag sila ay dinadala sa mga ""immersion"" sa mga lugar na may giyera.', 'Ctto 🫶🏻']"
Sayang ang ginastos ng Bayan. Malaki pa naman ang kaltas ko sa sahod dahil sa Tax. Sana napunta na lang sa iba ang prebelihiyo na ito para naman may ambag sa pag unlad ng bayan.🥲,"['Sayang ang ginastos ng Bayan.', 'Malaki pa naman ang kaltas ko sa sahod dahil sa Tax.', 'Sana napunta na lang sa iba ang prebelihiyo na ito para naman may ambag sa pag unlad ng bayan.🥲']"
"baka ikaw nga sumunod eh, kaso diyan lang sa tabi tabi nyo. kaya ingat ingat","['baka ikaw nga sumunod eh', 'kaso diyan lang sa tabi tabi nyo.', 'kaya ingat ingat']"
"haha ganyan talaga sinasabi pag DDS. pag bumulagta ka bigla, alam na bakit, kaya ingat ingat. lock mo profile mo dali","['haha ganyan talaga sinasabi pag DDS.', 'pag bumulagta ka bigla', 'alam na bakit', 'kaya ingat ingat.', 'lock mo profile mo dali']"
hahahahha! Iyak npa! Bobo nyo kasi kaya nagiging corned beef kayo😅🤪. Tinatakot mo pa akong tanga ka! Akalain mo naman may magagawa😅🤪,"['hahahahha!', 'Iyak npa!', 'Bobo nyo kasi kaya nagiging corned beef kayo😅🤪.', 'Tinatakot mo pa akong tanga ka!', 'Akalain mo naman may magagawa😅🤪']"
yes because na bawasan yung mga basurang activista tanga 🤣🤣🤣🤣🤣 pwede,['yes because na bawasan yung mga basurang activista tanga 🤣🤣🤣🤣🤣 pwede']
at sa tingin mo matatapos ang corrupt sa bansa kung hnd gagamitan ng Dahas? Sino ba yang pinupunto mo? Si Leni? Do you think kaya ng lambot niya patuwidin ang baluktot na pamumuno sa congreso??? I don't think so.,"['at sa tingin mo matatapos ang corrupt sa bansa kung hnd gagamitan ng Dahas?', 'Sino ba yang pinupunto mo?', 'Si Leni?', 'Do you think kaya ng lambot niya patuwidin ang baluktot na pamumuno sa congreso???', 'I don't think so.']"
"reading comprehension helps too... 🙄🥸 tagalog na , hindi pa nakuha ang punto! Duh!!","['reading comprehension helps too... 🙄🥸 tagalog na', 'hindi pa nakuha ang punto!', 'Duh!!']"
"code ahahaahaa
mabuti kung si kumander lang ...ehhh andaming commander ahahaaha atleast diba bago maging cornbeef naging masaya muna ang lahat","['code ahahaahaa', 'mabuti kung si kumander lang ...ehhh andaming commander ahahaaha atleast diba bago maging cornbeef naging masaya muna ang lahat']"
dito sa comment mo antahimik nila that means they are projecting people sa namatay pa,['dito sa comment mo antahimik nila that means they are projecting people sa namatay pa']
"Piñas eto pala pamangkin mo? mapuntahan nga.

di ka makatulog dahil na tanong sa tanong ko?","['Piñas eto pala pamangkin mo?', 'mapuntahan nga.', 'di ka makatulog dahil na tanong sa tanong ko?']"
Dapat tlga mawala na yang NPA partylist eh tulad ng kabataan partylist.,['Dapat tlga mawala na yang NPA partylist eh tulad ng kabataan partylist.']
Maganda yan napaaga kaysa makarekrut pa ng ibang magaaral pra sumapi sa grupo nila eye opener yan sa mga kasalukuyang nililinlng nila,['Maganda yan napaaga kaysa makarekrut pa ng ibang magaaral pra sumapi sa grupo nila eye opener yan sa mga kasalukuyang nililinlng nila']
"Against sa gobyerno, pero iskolar ng gobyerno..nakakalito! Councilor nasa pwesto sa gobyerno pero nasa poder ng NPA. Researcher pero may armas, ano gingawa niya dun? Para saan? Nagtatanong lang po..","['Against sa gobyerno', 'pero iskolar ng gobyerno..nakakalito!', 'Councilor nasa pwesto sa gobyerno pero nasa poder ng NPA.', 'Researcher pero may armas', 'ano gingawa niya dun?', 'Para saan?', 'Nagtatanong lang po..']"
so alam namn pala na sa UP nag sisimula ang pag recruit ng npa bkt hindi ipasarado ang university,['so alam namn pala na sa UP nag sisimula ang pag recruit ng npa bkt hindi ipasarado ang university']
Buhok pa lang eh alam mo na walang gagawing tama,['Buhok pa lang eh alam mo na walang gagawing tama']
"yan teacher pa nga ang ugat ng manipulation.

ang school ang nagpoproduce ng tao na perfect sample na manipulated o programed ang isipan.","['yan teacher pa nga ang ugat ng manipulation.', 'ang school ang nagpoproduce ng tao na perfect sample na manipulated o programed ang isipan.']"
puro “DDS” nalang wala na bang ibang ma rebutt mga kakampwet?🤣,['puro “DDS” nalang wala na bang ibang ma rebutt mga kakampwet?🤣']
magresearch ka tanga tahol ka ng tahol nagmumukha ka lang tanga eh🤣,['magresearch ka tanga tahol ka ng tahol nagmumukha ka lang tanga eh🤣']
"sy malamang. tuwang tuwa at dapat mauna si mayor.  ok lang ma EJK dahil adik daw.  o diba, DDS lang may ganyang logic .  dahil napatay ng autoridad, automatic, adik, npa, etc.

btw, inday at poon mo sabay pa ata makukulong :D  congrats uuwing abo sa garapon","['sy malamang.', 'tuwang tuwa at dapat mauna si mayor.', 'ok lang ma EJK dahil adik daw.', 'o diba', 'DDS lang may ganyang logic .', 'dahil napatay ng autoridad', 'automatic', 'adik', 'npa', 'etc.', 'btw', 'inday at poon mo sabay pa ata makukulong :D congrats uuwing abo sa garapon']"
osige kwento mo sa santo mo na si St. Kian patron ng mga runner na gaya mo🤣,['osige kwento mo sa santo mo na si St. Kian patron ng mga runner na gaya mo🤣']
tahol ka ng tahol sa fb tanga ka umakyat ka na din don sa bundok inaantay ka na ng mga tropa mong NPA,['tahol ka ng tahol sa fb tanga ka umakyat ka na din don sa bundok inaantay ka na ng mga tropa mong NPA']
"kayong DDS lang naman gumagawa ng sarili nyong kwento.  ang importante doon, ang nag utos na pumatay ng mga adik kuno at may rewards system sa mga nakapatay eh nandun na sa ICC at malamang dun na mamamatay.   sana matagal pa mabuhay para magdusa sya dun. alam naman ng lahat na mahilig sa drama ung tatay nyo, sya na mismo nagsabi, PARA MAKA KUHA NG SIMPATYA :D","['kayong DDS lang naman gumagawa ng sarili nyong kwento.', 'ang importante doon', 'ang nag utos na pumatay ng mga adik kuno at may rewards system sa mga nakapatay eh nandun na sa ICC at malamang dun na mamamatay.', 'sana matagal pa mabuhay para magdusa sya dun.', 'alam naman ng lahat na mahilig sa drama ung tatay nyo', 'sya na mismo nagsabi', 'PARA MAKA KUHA NG SIMPATYA :D']"
"Imbes na mag aral, nasa bundok nakisali sa NPA research... So ganito na pala mga kabataan na ka batch ko? Sumasama sa NPA?","['Imbes na mag aral', 'nasa bundok nakisali sa NPA research...', 'So ganito na pala mga kabataan na ka batch ko?', 'Sumasama sa NPA?']"
kabobohan lang opinion netong nag post😂,['kabobohan lang opinion netong nag post😂']
"Pero yung mga buhong na nag recruit at nag brainwashed sa kanya, buhay na buhay at nakinabang pa. 🤷","['Pero yung mga buhong na nag recruit at nag brainwashed sa kanya', 'buhay na buhay at nakinabang pa. 🤷']"
tanginamo pa ganyan ganyan ka pa ni hindi mo nga alam kung anong pinaglalaban mo🤣,['tanginamo pa ganyan ganyan ka pa ni hindi mo nga alam kung anong pinaglalaban mo🤣']
hayaan mo na yan ang alam lang niyan panoorin eh kabadingan tv,['hayaan mo na yan ang alam lang niyan panoorin eh kabadingan tv']
may pa watchout watchout ka pa! Tanga! Patuloy mo yan para maging corned beef ka din😅,"['may pa watchout watchout ka pa!', 'Tanga!', 'Patuloy mo yan para maging corned beef ka din😅']"
"anong pabigat potngina mooo! Ang laki-laki ng tax ko, ang dami kong tax  binabayaran tas nanakawin lang sa mga ka uri mo?! Pakeo! Hindi lahat ng buhay importante gaya ni Alyssa deserved nya talaga mamatay para mabawasan yung pangit and NPA sa mundo.. tsaka sobrang satisfying yun ah ginawa syang kornbep! Babahahaha sarap","['anong pabigat potngina mooo!', 'Ang laki-laki ng tax ko', 'ang dami kong tax binabayaran tas nanakawin lang sa mga ka uri mo?!', 'Pakeo!', 'Hindi lahat ng buhay importante gaya ni Alyssa deserved nya talaga mamatay para mabawasan yung pangit and NPA sa mundo..', 'tsaka sobrang satisfying yun ah ginawa syang kornbep!', 'Babahahaha sarap']"
Pinaka maganda linisin buong up palitan lahat ng lahar ng faculty at mga nsmumuno dito at pa graduatetin muna yung mga kasalukuyan nag aaral at wag muna tumangap ng estudyante hangat d nakaka graduate lahat para total reset,['Pinaka maganda linisin buong up palitan lahat ng lahar ng faculty at mga nsmumuno dito at pa graduatetin muna yung mga kasalukuyan nag aaral at wag muna tumangap ng estudyante hangat d nakaka graduate lahat para total reset']
Gusto lang sigurong lumikha ng sariling government...communism..Communism was dying pagkabuwag ng Berlin Wall at Red China.,['Gusto lang sigurong lumikha ng sariling government...communism..Communism was dying pagkabuwag ng Berlin Wall at Red China.']
Hangang kwento kana lang,['Hangang kwento kana lang']
Ginagawa niyo naman yan diba? Walang iyakan. Totoo naman na nangyayari yan.,"['Ginagawa niyo naman yan diba?', 'Walang iyakan.', 'Totoo naman na nangyayari yan.']"
hindi ako dds pero deserve niya yan hahahahhaha college ka tapos aakyat sa bundok na may dalang baril ano yan OJT,['hindi ako dds pero deserve niya yan hahahahhaha'.'college ka tapos aakyat sa bundok na may dalang baril ano yan OJT']
buy nyo na po?🤣🤣🤣🤣,['buy nyo na po?🤣🤣🤣🤣']
bka DDS  GOOD BOY AT GOOD GIRLS SILA 😂😂 PLUS HERO PA,['bka DDS GOOD BOY AT GOOD GIRLS SILA 😂😂 PLUS HERO PA']
bading na npa.,['bading na npa.']
makahulugan pa rin daw ang armadong pakikibaka kasi konti na lang sila?,['makahulugan pa rin daw ang armadong pakikibaka kasi konti na lang sila?']
"Sayang na buhay,bakit kac sumasali sa npa😕","['Sayang na buhay', 'bakit kac sumasali sa npa😕']"
"Kahit anong kwentong gawin nyo kahit gawin nyong santo yang mga yan di nyo kami maloloko alam na namin kung pano kayo gumagana, maraming kadre na ang sumuko at umamin di kami mga tanga, -pakisabi dun sa mga npa recruiter na nasa congress ngayon","['Kahit anong kwentong gawin nyo kahit gawin nyong santo yang mga yan di nyo kami maloloko alam na namin kung pano kayo gumagana', 'maraming kadre na ang sumuko at umamin di kami mga tanga', '-pakisabi dun sa mga npa recruiter na nasa congress ngayon']"
"Kung gusto ng pagbabago, dapat mag aral muna mabuti.

Hindi yung namumundok ka na agad, ikaw na din mismo pumili ng kamatayan mo","['Kung gusto ng pagbabago', 'dapat mag aral muna mabuti.', 'Hindi yung namumundok ka na agad', 'ikaw na din mismo pumili ng kamatayan mo']"
"Boss, mga disposable lang naman yan mga recruit na yan, tapos pinapatapon sa gubat gubat. Yung mga tunay na NPA, sa malalaking mansion nakatira. Wala sila pake, kung saan kangkungan kayo pulutin. Tatanga nyo din kasi eh. Bakit papauto sa mga demonyong ayaw sa kaayusan. Meron lagi gulo sa background.","['Boss', 'mga disposable lang naman yan mga recruit na yan', 'tapos pinapatapon sa gubat gubat.', 'Yung mga tunay na NPA', 'sa malalaking mansion nakatira.', 'Wala sila pake', 'kung saan kangkungan kayo pulutin.', 'Tatanga nyo din kasi eh.', 'Bakit papauto sa mga demonyong ayaw sa kaayusan.', 'Meron lagi gulo sa background.']"
UP DILIMAN INFILTRATED NPA NA ANG IBIG SABIHIN TEACHER AT STUDEN KASAMA SA RECRUITER NG NPA,['UP DILIMAN INFILTRATED NPA NA ANG IBIG SABIHIN TEACHER AT STUDEN KASAMA SA RECRUITER NG NPA']
"Sayang lang buhay ng mga ganito, namamatay tapos wala din naman nagbabago sa pinaglalaban nila","['Sayang lang buhay ng mga ganito', 'namatay tapos wala din naman nagbabago sa pinaglalaban nila']"
haha masarap corned beef ipakain sarili na corned beef sa mga kumander haha,['haha masarap corned beef ipakain sarili na corned beef sa mga kumander haha']
"Emmanuel sure ka bang May napatay at naharass na ko? HAHAHAHA baka kayo po, kasi ganyan kayo mag isip sa kapwa","['Emmanuel sure ka bang May napatay at naharass na ko?', 'HAHAHA baka kayo po', 'kasi ganyan kayo mag isip sa kapwa']"
at least mamamatay na si dutae sa kulungan,['at least mamamatay na si dutae sa kulungan']
baka ikaw nasa balita naka Bulagta na langng di alam kung bakit 😁,['baka ikaw nasa balita naka Bulagta na langng di alam kung bakit 😁']
"JI ENDENCIA ma'am ang hina ng comprehension mo sa totoo lang 😂 ang sabi ko ""KAYO"" hindi ""ikaw"" lang. Yung mga ka grupo mo sa bundok at congress di'ba masaya sila pag may namamatay na civilian kasi isisisi sa AFP.","['JI ENDENCIA ma\'am ang hina ng comprehension mo sa totoo lang 😂 ang sabi ko ""KAYO"" hindi ""ikaw"" lang.', 'Yung mga ka grupo mo sa bundok at congress di\'ba masaya sila pag may namamatay na civilian kasi isisisi sa AFP.']"
"oo parang joke lang ni digong din na ""sana nauna ang mayor""","['oo parang joke lang ni digong din na ""sana nauna ang mayor""']"
Melvin pag mangmang automatic na kahit di npa,['Melvin pag mangmang automatic na kahit di npa']
"ka na ng AI, hindi ka pa nagtanong kung paano mag-isip ng tama.","['ka na ng AI', 'hindi ka pa nagtanong kung paano mag-isip ng tama.']"
"niyong mamundok tapos pag napatay iiyak ? HAHAHA.
mga gong2 wag kami.
Tuloy nyo pag oojt nyo sa bundok ng maubos kayong mga may biyak sa utak.
Shcolar ng bayan, tas bibigyan niyo lang din ng sakit ng ulo mga taong bayan.
Abay ibang kasaltikan na yan..","['niyong mamundok tapos pag napatay iiyak ?', 'HAHAHA.', 'mga gong2 wag kami.', 'Tuloy nyo pag oojt nyo sa bundok ng maubos kayong mga may biyak sa utak.', 'Shcolar ng bayan', 'tas bibigyan niyo lang din ng sakit ng ulo mga taong bayan.', 'Abay ibang kasaltikan na yan..']"
wala akong kinalaman dyan haha redirect your pagka dismaya somwhere else. ang tanong ko lang kung nakakatawa ba comment nya,"['wala akong kinalaman dyan haha redirect your pagka dismaya somwhere else.', 'ang tanong ko lang kung nakakatawa ba comment nya']"
"ko sayo yan dahil magkakapareho kayo ng sinusupportahan.
Wag ka magkunwari na sasabihin mo na wala ka kuno kinalaman.
Alam mo at alam ng lahat na kadalasan pingkilawan ang protector ng NPA, kaya pingkilawan din ang sinusuportahan ng NPA dahil pareho may binipesyo.

Ang mas mabuti sabihin mo sa iyong kasamahan, kung ayaw nila pagtawanan ng karamihan dahil sa baluktot nilang pinaniniwalaan, umalis na sila sa kilusan at bumalik na sa kanilang tahanan para mapag patuloy nila ang kanilang mga buhay na may kaginhawaan . . .","['ko sayo yan dahil magkakapareho kayo ng sinusupportahan.', 'Wag ka magkunwari na sasabihin mo na wala ka kuno kinalaman.', 'Alam mo at alam ng lahat na kadalasan pingkilawan ang protector ng NPA', 'kaya pingkilawan din ang sinusuportahan ng NPA dahil pareho may binipesyo.', 'Ang mas mabuti sabihin mo sa iyong kasamahan', 'kung ayaw nila pagtawanan ng karamihan dahil sa baluktot nilang pinaniniwalaan', 'umalis na sila sa kilusan at bumalik na sa kanilang tahanan para mapag patuloy nila ang kanilang mga buhay na may kaginhawaan . . .']"
"di ako npa o rebelde at naniniwala ako sa reporma na katulad ng gusto ni Rizal pero sobrang foul ng mga komento nyo tungkol sa taong ito. wala naman siguro tayong karapatan para husgahan yang tao nayan, unang una hindi nyo naman kilala yan at hindi nyo din alam ang pinag aralan nya, kung anong mga karanasan at nakita nya buong buhay nya. Pangalawa, maling mali na pumatay at isiping “nararapat” sa isang tao ang kamatayan dahil kung saatin ito sinabi o sa pamilya natin, hindi din natin magugustuhan yon. Maging maingat sa mga sinasabi.","['di ako npa o rebelde at naniniwala ako sa reporma na katulad ng gusto ni Rizal pero sobrang foul ng mga komento nyo tungkol sa taong ito.', 'wala naman siguro tayong karapatan para husgahan yang tao nayan', 'unang una hindi nyo naman kilala yan at hindi nyo din alam ang pinag aralan nya', 'kung anong mga karanasan at nakita nya buong buhay nya.', 'Pangalawa', 'maling mali na pumatay at isiping “nararapat” sa isang tao ang kamatayan dahil kung saatin ito sinabi o sa pamilya natin', 'hindi din natin magugustuhan yon.', 'Maging maingat sa mga sinasabi.']"
"umpisahan i-abolish ang partylist system, basura ang system na yan, pondo ng bayan ginagamit pang pondo sa mga sumisira sa kinabukasan ng mga kabataan.","['umpisahan i-abolish ang partylist system', 'basura ang system na yan', 'pondo ng bayan ginagamit pang pondo sa mga sumisira sa kinabukasan ng mga kabataan.']"
"No disrespect regarding sa mga namatay pero antatanga nyo nag communist kayo at nag rebelde,Nag clash kayo sa mga militar eh wala naman kayong ability to fight qng alam nyo lang ay mang brainwash ng ibang students to join","['No disrespect regarding sa mga namatay pero antatanga nyo nag communist kayo at nag rebelde', 'Nag clash kayo sa mga militar eh wala naman kayong ability to fight qng alam nyo lang ay mang brainwash ng ibang students to join']"
Red tagging pa ba tawag jan? Tuwing may encounter sa NPA puro taga UP Diliman at Kabataan Partylist yun nahuhuli or namamatay? Terrorista na yan eh 🤣,"['Red tagging pa ba tawag jan?', 'Tuwing may encounter sa NPA puro taga UP Diliman at Kabataan Partylist yun nahuhuli or namamatay?', 'Terrorista na yan eh 🤣']"
Ipasara na yan....gawing mandatory ang ROTC at magpasa ng batas upang lahat ng able bodied male Filipino.ay mag render ng service sa Armed Forces kahit 3 years ang aaayaw kasuhan..,"['Ipasara na yan....', 'gawing mandatory ang ROTC at magpasa ng batas upang lahat ng able bodied male Filipino.ay mag render ng service sa Armed Forces kahit 3 years ang aaayaw kasuhan..']"
"Ligaw na landas, kinabukasang nautas","['Ligaw na landas', 'kinabukasang nautas']"
"Isa sa mga solusyon is not to enroll your children sa UP's school or other universities na naghihimok ng kilusan against the gov't. Before mag college, pagsabihan ang mga bata at e aware sila...","['Isa sa mga solusyon is not to enroll your children sa UP\'s school or other universities na naghihimok ng kilusan against the gov\'t.', 'Before mag college', 'pagsabihan ang mga bata at e aware sila...']"
Me and my dirty mind... Huwag na lang...,"['Me and my dirty mind...', 'Huwag na lang...']"
"kung bulok ang UP eh di first thing to do umalis ka na ng bansa kasi korupt ang pinas di ba? 
ano kinalaman ng school sa pag hihikayat mag NPA? 

NASA PAGPAPALAKI nyo yan","['kung bulok ang UP eh di first thing to do umalis ka na ng bansa kasi korupt ang pinas di ba?', 'ano kinalaman ng school sa pag hihikayat mag NPA?', 'NASA PAGPAPALAKI nyo yan']"
"nasa kupal na ideology nio yan, tukmol","['nasa kupal na ideology nio yan', 'tukmol']"
Dela Peña BM na ano? mang manyak rin? fuck you bobo,"['Dela Peña BM na ano?', 'mang manyak rin?', 'fuck you bobo']"
pero sila? Okey lang pumatay ng sibilyan?,"['pero sila?', 'Okey lang pumatay ng sibilyan?']"
dapat buwagin na partylist na yan arestuhin mga tongressman na yan pati si raulo manuela pati si kulot,['dapat buwagin na partylist na yan arestuhin mga tongressman na yan pati si raulo manuela pati si kulot']
"Sayang ang buhay.
Pimaghirapan itaguyod ng magulang tapos mamamatay lang dahil sa nauto ng peer pressure at band wagoning.

Sayang yung scholarship na sana napakinabangan ng gustong makatapos.

Sayang yung talino, nawala ang common sense. Tsk tsk.","['Sayang ang buhay.', 'Pimaghirapan itaguyod ng magulang tapos mamamatay lang dahil sa nauto ng peer pressure at band wagoning.', 'Sayang yung scholarship na sana napakinabangan ng gustong makatapos.', 'Sayang yung talino', 'nawala ang common sense.', 'Tsk tsk.']"
"Pinag-aral ng parents, yung iba taga probinsya at yung parents nila work hard just to send them to a prestigious universities tapos e.rerecruit lng ng mga NPA..😔.. Yung iba nga hindi nga pinag buhatan ng kamay ng parents kahit lamok ayaw ng parents madapuan tapos mag aakyat lang ng bundok para mag NPA..","['Pinag-aral ng parents', 'yung iba taga probinsya at yung parents nila work hard just to send them to a prestigious universities tapos e'.'rerecruit lng ng mga NPA..😔.. '.'Yung iba nga hindi nga pinag buhatan ng kamay ng parents kahit lamok ayaw ng parents madapuan tapos mag aakyat lang ng bundok para mag NPA..']"
"Nawala tga yubg simpatya ko sa mga mga ""LEFTovers"" na yan eh, biruin mo matagal na silang nakikipaglaban sa gobyerno pero bakit hanggang ngayon marami pa ring mga kurakot at abusado na mga politiko. Luging-lugi pa rin ang mga cibilyan eh","['Nawala tga yubg simpatya ko sa mga mga ""LEFTovers"" na yan eh', 'biruin mo matagal na silang nakikipaglaban sa gobyerno pero bakit hanggang ngayon marami pa ring mga kurakot at abusado na mga politiko.', 'Luging-lugi pa rin ang mga cibilyan eh']"
sabi ng redtagger na na naniniwala kay god?? whats the 6th commandment? thou shall not murder.,"['sabi ng redtagger na na naniniwala kay god??', 'whats the 6th commandment?', 'thou shall not murder.']"
"pinagsasabi mo dyan? Sa simpleng tanong puro kabobohan na pinagsasabi mo at dami mong assumption.

Ang mabuti pa, magpatingin ka muna at mukhang may tilling ka na sa utak at kung ano ano pinagsasabi mo at mukhang pinag uugnay mo at gumagawa k na ng kwento para suportahan ang delusion mo. Mamaya yan sabihin mo ikaw na ang sugo at mag wala ka pa dyan sa inyo 😂","['pinagsasabi mo dyan?', 'Sa simpleng tanong puro kabobohan na pinagsasabi mo at dami mong assumption.', 'Ang mabuti pa', 'magpatingin ka muna at mukhang may tilling ka na sa utak at kung ano ano pinagsasabi mo at mukhang pinag uugnay mo at gumagawa k na ng kwento para suportahan ang delusion mo.', 'Mamaya yan sabihin mo ikaw na ang sugo at mag wala ka pa dyan sa inyo 😂']"
simpleng tanong nga lang dami nang assumptions. May balik sa kanila yan,"['simpleng tanong nga lang dami nang assumptions.', 'May balik sa kanila yan']"
"ayyy soosss dedeny kapa parepareho kayong mga utak NPA, wag ako ...
Ang sabihin niyo di niyo talaga matanggap sa mga sarili ninyo pag napagsasabihan kayo.
Mga feeling maalam sa lahat kahit wala pang napatunayan, mga mama anong ulam naman..
Nagmamatapang kuno sa daan, pero pag napagsabihan iiyak..
Wala ka nga bayag gumamit ng tunay mong account, juicemeyooo kadalasan sa inyo mga walang bayag, pero mahilig kumain ng bayag mga BADing hahahaha.
Nagtatago sa mga dummy account, kasi nga takot makita ng magulang malaman na nakikibaka pailalim baka palayasin, at di na makakain 😅🤣🤭","['ayyy soosss dedeny kapa parepareho kayong mga utak NPA', 'wag ako ...', 'Ang sabihin niyo di niyo talaga matanggap sa mga sarili ninyo pag napagsasabihan kayo.', 'Mga feeling maalam sa lahat kahit wala pang napatunayan', 'mga mama anong ulam naman..', 'Nagmamatapang kuno sa daan', 'pero pag napagsasabihan iiyak..', 'Wala ka nga bayag gumamit ng tunay mong account', 'juicemeyooo kadalasan sa inyo mga walang bayag', 'pero mahilig kumain ng bayag mga BADing hahahaha.', 'Nagtatago sa mga dummy account', 'kasi nga takot makita ng magulang malaman na nakikibaka pailalim baka palayasin', 'at di na makakain 😅🤣🤭']"
"talaga mga replayan kadalasan ng mga pingkilawan pag na cocorner HAHAHAHA

 Nasagot kana sa bandang kung ayaw ninyo pagtawanan, umalis na kayo sa inyong kilusan.
Talagang katawatawa talaga kayo.
Pinili ninyo yan tas pag napatay magiiyakan ??
Gusto ninyo kaawaan ? B*lshittttt pala talaga kayo!!
Mga buang lang maniniwala sa inyo pinaglalaban HAHAHAHA.

Dedeny patong future NPA nato hahahaha","['talaga mga replayan kadalasan ng mga pingkilawan pag na cocorner HAHAHAHA', 'Nasagot kana sa bandang kung ayaw ninyo pagtawanan', 'umalis na kayo sa inyong kilusan.', 'Talagan katawatawa talaga kayo.', 'Pinili ninyo yan tas pag napatay magiiyakan ??', 'Gusto ninyo kaawaan ? B*lshittttt pala talaga kayo!!', 'Mga buang lang maniniwala sa inyo pinaglalaban HAHAHAHA.', 'Dedeny patong future NPA nato hahahaha']"
"Pinabantayan na nga ni Duterte dati lahat ng unibersidad pero hindi talaga mawawala mga traidor. Balik sa dating gawi. Eh ang lakas pa nga nila mandaya sa mga bar exam. Kung dati lagi mga taga UP ang top notcher, nung pinabantayan ni duterte bakita biglang mga universidad sa probinsya ang nag totop. Ibig sabihin malalas mag leak ng bar exam sa UP dahil hawak ng mga sindikato.","['Pinabantayan na nga ni Duterte dati lahat ng unibersidad pero hindi talaga mawawala mga traidor.', 'Balik sa dating gawi.', 'Eh ang lakas pa nga nila mandaya sa mga bar exam.', 'Kung dati lagi mga taga UP ang top notcher', 'nung pinabantayan ni duterte bakita biglang mga universidad sa probinsya ang nag totop.', 'Ibig sabihin malalas mag leak ng bar exam sa UP dahil hawak ng mga sindikato.']"
Bat ba Kasi nananalo pa yang mga makabayan block na Yan..,['Bat ba Kasi nananalo pa yang mga makabayan block na Yan..']
"Dami agad humuhusga Hindi namn alam kung ano talaga ung totoo. Para Sakin mahirap humusga Basta Basta Lalo Hindi namn natin alam ung totoo may mga possible factors din Kasi

Kasi sa coxtext nakikisalamuha daw siya sa mga magsasaka, pero ang malaking tanong Kasi dito alam ba niya na ung mga magsasaka Nayan is npa o laban sa government. Kasi unang una Hindi namn natin malalaman yan Basta Basta kung terrorist ba ung magsasaka nayun kahit sabihin natin na matalino payan sobra. At alam namn natin may mga pagyayare narin na ganto na Hindi nila alam na npa o labn sa government ung kasama nila kaya mahirap humusga Basta Basta kung Hindi namn alm ung totoo

Pero Hindi din natin maalis ung possible na alam niya talaga Yun pero di natin masasabi Kasi Hindi namn natin alam ung totoo Kaya mas Maganda wag nalang kau makialam respect nalang natin 
Wala din namn kau magagawa Respect nalng.

At isa sa tanong Kasi jan bakit sila nakikisalamuha sa mga magsasaka, I know namn na baka   project pero dapat may kasama yan n tc Kahit college payan Lalo ung school nagpagawa nyan so responsibility nila yan kaya may pananagutan din sila Jan.

Karma is real nalang talaga sa mga humuhusga agad na Hindi namn alam ung totoo.","['Dami agad humuhusga Hindi namn alam kung ano talaga ung totoo.', 'Para Sakin mahirap humusga Basta Basta Lalo Hindi namn natin alam ung totoo may mga possible factors din Kasi', 'Kasi sa coxtext nakikisalamuha daw siya sa mga magsasaka', 'pero ang malaking tanong Kasi dito alam ba niya na ung mga magsasaka Nayan is npa o laban sa government.', 'Kasi unang una Hindi namn natin malalaman yan Basta Basta kung terrorist ba ung magsasaka nayun kahit sabihin natin na matalino payan sobra.', 'At alam namn natin may mga pagyayare narin na ganto na Hindi nila alam na npa o labn sa government ung kasama nila kaya mahirap humusga Basta Basta kung Hindi namn alm ung totoo', 'Pero Hindi din natin maalis ung possible na alam niya talaga Yun pero di natin masasabi Kasi Hindi namn natin alam ung totoo Kaya mas Maganda wag nalang kau makialam respect nalang natin', 'Wala din namn kau magagawa Respect nalng.', 'At isa sa tanong Kasi jan bakit sila nakikisalamuha sa mga magsasaka', 'I know namn na baka project pero dapat may kasama yan n tc Kahit college payan Lalo ung school nagpagawa nyan so responsibility nila yan kaya may pananagutan din sila Jan.', 'Karma is real nalang talaga sa mga humuhusga agad na Hindi namn alam ung totoo.']"
"Asan si kulot? sayang Hindi pa sya napasama dun, mga kabataang nasayang lng.","['Asan si kulot?', 'sayang Hindi pa sya napasama dun', 'mga kabataang nasayang lng.']"
napaka-bihira ng ganitong komento. Tama ka. Maaring hindi alam ng mga dayo na ang kasalamuha nila ay mga rebelde na pala.,"['napaka-bihira ng ganitong komento.', 'Tama ka.', 'Maaring hindi alam ng mga dayo na ang kasalamuha nila ay mga rebelde na pala.']"
Mas okay na ako makasama mga lasenggero kesa NPA.,['Mas okay na ako makasama mga lasenggero kesa NPA.']
Councilor pa talaga. Hayy,"['Councilor pa talaga.', 'Hayy']"
Ian D Rebotiaco may senator pa nga,['Ian D Rebotiaco may senator pa nga']
Mas lalala pa ngayon kasi takot na ang karamihan ng mga magulang ngayon na i-discipline ang mga anak nila baka sumama kc ang loob sa knila kaya hinahayaan lang nila sa gustong gawin.,['Mas lalala pa ngayon kasi takot na ang karamihan ng mga magulang ngayon na i-discipline ang mga anak nila baka sumama kc ang loob sa knila kaya hinahayaan lang nila sa gustong gawin.']
ginagawa ng pamunoan ng state university na yan sa student nila na namatay ??? TIKOM Ang mga bibig?? Ano na mga professors Dyan sa UP na yan,"['ginagawa ng pamunoan ng state university na yan sa student nila na namatay ???', 'TIKOM Ang mga bibig??', 'Ano na mga professors Dyan sa UP na yan']"
"Masakit makita mga ganitong post, nag hihinge sila ng hustisya sa NPA na namamatay, samantala kami na biktima ng mga NPA dito sa Toboso, pinapatay nila mga kapamilya ko at ibang inosenting magsasaka sa lugar namin, wala man lang may sumisigaw ng hustisya para sa amin.. Sigaw sila ng sigaw ng hustisya, pero wala man sila dito sa lugar namin, hindi man nila alam ang totoong nangyayari dito sa lugar namin.. Sapagkamatay nila kahit papanu ramdam namin na parang nakamit na rin namin ang totoong hustisya..🙏🙏🙏","['Masakit makita mga ganitong post', 'nag hihinge sila ng hustisya sa NPA na namamatay', 'samantala kami na biktima ng mga NPA dito sa Toboso', 'pinapatay nila mga kapamilya ko at ibang inosenting magsasaka sa lugar namin', 'wala man lang may sumisigaw ng hustisya para sa amin..', 'Sigaw sila ng sigaw ng hustisya', 'pero wala man sila dito sa lugar namin', 'hindi man nila alam ang totoong nangyayari dito sa lugar namin..', 'Sapagkamatay nila kahit papanu ramdam namin na parang nakamit na rin namin ang totoong hustisya..🙏🙏🙏']"
"Mga kabataang puno ng idealismo, hindi panghabambuhay na bokasyon ang pakikibaka bilang miyembro ng CPP. Katulad ng mga naunang miyembro na tumanda na, babalik din kayo sa karaniwang buhay ng maraming Pilipino -nagtatrabaho sa pribado o gobyerno, nagnenegosyo, nagbabayad ng buwis, at nag-aalaga ng mga anak at apo. Kaya ngayon pa lang, huwag ninyong ilagay sa kapahamakan ang inyong mga buhay.","['Mga kabataang puno ng idealismo', 'hindi panghabambuhay na bokasyon ang pakikibaka bilang miyembro ng CPP.', 'Katulad ng mga naunang miyembro na tumanda na', 'babalik din kayo sa karaniwang buhay ng maraming Pilipino -nagtatrabaho sa pribado o gobyerno', 'nagnenegosyo', 'nagbabayad ng buwis', 'at nag-aalaga ng mga anak at apo.', 'Kaya ngayon pa lang', 'huwag ninyong ilagay sa kapahamakan ang inyong mga buhay.']"
"cge depensahan nyo, bundok pa","['cge depensahan nyo', 'bundok pa']"
Akala ko naman matatalino talaga mga taga-UP pero karamihan ang bibilis magpa-brainwash 🙄 di man lang ginamitan ng talino bago maniwala 🤦,"['Akala ko naman matatalino talaga mga taga-UP pero karamihan ang bibilis magpa-brainwash 🙄', 'di man lang ginamitan ng talino bago maniwala 🤦']"
"Ano ba? 🥴 Mga researchers sila.
Research Design: CPP-NPA Ideology
Research Instrument: M16
Research Locale: Bundok

Ang campus sa UP DILIMAN tapos mag research DAW sa Negros? Ok pa sana kung UPLB kasi may forestry silang program","['Ano ba? 🥴', 'Mga researchers sila.', 'Research Design: CPP-NPA Ideology', 'Research Instrument: M16', 'Research Locale: Bundok', 'Ang campus sa UP DILIMAN tapos mag research DAW sa Negros?', 'Ok pa sana kung UPLB kasi may forestry silang program']"
"from personal experience, di lang sa universities! When I was in HS (catholic school ) pinapasok ng scool namin ang Gabriela at tinuruan kami ng Gabriela mag welga against Erap Estrada without considering our safety. tinuruan kami na makihalo sa mga pro-Erap para di halata tapos pag sumigaw daw ung supporters ni Erap, sasagot kami ng ""sisipain"". Di sila mag ask ng consent sa parents namin.","['from personal experience', 'di lang sa universities!', 'When I was in HS (catholic school ) pinapasok ng scool namin ang Gabriela at tinuruan kami ng Gabriela mag welga against Erap Estrada without considering our safety.', 'tinuruan kami na makihalo sa mga pro-Erap para di halata tapos pag sumigaw daw ung supporters ni Erap', 'sasagot kami ng ""sisipain"".', 'Di sila mag ask ng consent sa parents namin.']"
Choice nila yan malaki na yan sila ang daming student involved dyan sa mga npa pinili nila ang landas na yan,['Choice nila yan malaki na yan sila ang daming student involved dyan sa mga npa pinili nila ang landas na yan']
Ang gagaling pa nilang mag bigay ng false doctrines sa mga vulnerable students. Lalo pg broken family. Hays,"['Ang gagaling pa nilang mag bigay ng false doctrines sa mga vulnerable students.', 'Lalo pg broken family.', 'Hays']"
Atleast nabawasan ang mga future member ng congress na mga terrorista.,['Atleast nabawasan ang mga future member ng congress na mga terrorista.']
"Arn'sDoc Dagaman matagal nang tikom bibig everytime na may student na involved sa encounter.. parang sinabing ""bahala sya.. sya pumunta dun eh"" :( So sad.. sayang ang future ng bata","['Arn'sDoc Dagaman matagal nang tikom bibig everytime na may student na involved sa encounter..', 'parang sinabing ""bahala sya.. sya pumunta dun eh"" :(', 'So sad..', 'sayang ang future ng bata']"
"BULOK Ang ganyan na pamunoan ng state universities/private colleges, Hindi sila gagawa ng actions or rules since marami ng mga students Ang namamatay dahil  pinapayagan nila maging AKTIBISTA Ang kanilang mga students...!!","['BULOK Ang ganyan na pamunoan ng state universities/private colleges', 'Hindi sila gagawa ng actions or rules since marami ng mga students Ang namamatay dahil pinapayagan nila maging AKTIBISTA Ang kanilang mga students...!!']"
"dapat ang paimbestigahan na ngayon sa senate ay UP… bakit ang daming narerecruit na rebelde? pinopondohan ng tax natin ang mga bata jan para maging rebelde? ganyn ba?

dapat yan ang isigaw nating mga taxpayers! or better, alisin na ang pondo sa UP! sayang lang ang tax natin! kawaw mga kabataan!","['dapat ang paimbestigahan na ngayon sa senate ay UP…', 'bakit ang daming narerecruit na rebelde?', 'pinopondohan ng tax natin ang mga bata jan para maging rebelde?', 'ganyn ba?', 'dapat yan ang isigaw nating mga taxpayers!', 'or better', 'alisin na ang pondo sa UP!', 'sayang lang ang tax natin!', 'kawaw mga kabataan!']"
"After ma parausan ni Cummander, naging cornbeef na agad 😆","['After ma parausan ni Cummander', 'naging cornbeef na agad 😆']"
"Kaya cla galit na galit sa intel funds ni vp sara, kc nabisto na cla! kaya sa 2028 mawawala muli yan sa mga iskwelahan at mapapanatag na naman ang taong bayan, pero ang taong bayad hahagulgol at magtatago sa budok..","['Kaya cla galit na galit sa intel funds ni vp sara', 'kc nabisto na cla!', 'kaya sa 2028 mawawala muli yan sa mga iskwelahan at mapapanatag na naman ang taong bayan', 'pero ang taong bayad hahagulgol at magtatago sa budok..']"
"Mag isip kayo pinopondohan ng gobyerno mga nagrecruit sayo gumawa sila ng kalaban ng gobyerno para sila yumaman sa pamamagitan nyo hayahay ang buhay nila samantala kayo naghihirap hangggang mamatay sa engkwentro,jan na nagtatapos ang pangarap nyo,kung mag aral kayo mabuti mag fucos sa goal nyo sa buhay para sa ikabubuti ng pamilya nyo,yan ang tunay na pakikibaka sa hamon ng buhay.","['Mag isip kayo pinopondohan ng gobyerno mga nagrecruit sayo gumawa sila ng kalaban ng gobyerno para sila yumaman sa pamamagitan nyo hayahay ang buhay nila samantala kayo naghihirap hangggang mamatay sa engkwentro', 'jan na nagtatapos ang pangarap nyo', 'kung mag aral kayo mabuti mag fucos sa goal nyo sa buhay para sa ikabubuti ng pamilya nyo', 'yan ang tumay na pakikibaka sa hamon ng buhay.']"
"Noon pa man target na ng mga npa/komunista ang mga kabataang nagaaral. Mapupusok at nasa curious stage pa isip nila kaya madaling marecruit. Nung nagaaral pa ako, panig din ako sa mga kabataang nakikita ko sa rally na miyembro ng komunistang grupo. Pero nung tumanda na ako, tinatawanan ko na sila. 🤣","['Noon pa man target na ng mga npa/komunista ang mga kabataang nagaaral.', 'Mapupusok at nasa curious stage pa isip nila kaya madaling marecruit.', 'Nung nagaaral pa ako', 'panig din ako sa mga kabataang nakikita ko sa rally na miyembro ng komunistang grupo.', 'Pero nung tumanda na ako', 'tinatawanan ko na sila. 2026 na eh. 🤣']"
na siya,['na siya']
Ang ganda sana naging CORN BEEF pa hahahahha,['Ang ganda sana naging CORN BEEF pa hahahahha']
Gumising ako na patay na daw si Alyssa Alano. Samantalang few days ago na revive pa tong vid Nya https://www.facebook.com/share/r/1JCPTrhDKT/?mibextid=wwXIfr,"['Gumising ako na patay na daw si Alyssa Alano.', 'Samantalang few days ago na revive pa tong vid Nya https://www.facebook.com/share/r/1JCPTrhDKT/?mibextid=wwXIfr']"
Tapos na si kumander HAHAHA,['Tapos na si kumander HAHAHA']
"bakla ano bang recruitment pinagsasabi niyo eh walang pumilit at humila sa aming buksan ang mata kundi ang pag aralan ang lagay ng lipunan. nasasa iyo na kung sa anong lente mo ito tatanawin—inaral, isinabuhay ang praktika ayan ang tamang pagtawag. 

gabalahibo.
o gabundok. 
na buhay na inialay sa piling ng masa. 

cornbeef my ass, i prefer to be a luncheon meat—that y'll can't afford 😝","['bakla ano bang recruitment pinagsasabi niyo eh walang pumilit at humila sa aming buksan ang mata kundi ang pag aralan ang lagay ng lipunan.', 'nasasa iyo na kung sa anong lente mo ito tatanawin—inaral', 'isinabuhay ang praktika ayan ang tamang pagtawag.', 'gabalahibo.', 'o gabundok.', 'na buhay na inialay sa piling ng masa.', 'cornbeef my ass', 'i prefer to be a luncheon meat—that y'll can't afford 😝']"
Swerte talaga natin may social media na nalalaman na natin kung ano talaga ang totoong hangarin nila,['Swerte talaga natin may social media na nalalaman na natin kung ano talaga ang totoong hangarin nila']
"dapat kasuhan mga nag pa punta sa knya sa bundok, shes active member ng Kabataan Party List","['dapat kasuhan mga nag pa punta sa knya sa bundok', 'shes active member ng Kabataan Party List']"
Open secret naman talaga na may mga recruiter ang mga leftist groups sa mga state universities. In-denial lang talaga kahit matagal nang kalakaran yan 🥷,"['Open secret naman talaga na may mga recruiter ang mga leftist groups sa mga state universities.', 'In-denial lang talaga kahit matagal nang kalakaran yan 🥷']"
Di na bago yarnnn 😅,['Di na bago yarnnn 😅']
"Condolence sa family niya.
Pero kung ako alam ko may ganap don na ganon sa ibang lugar na lang na wala need ba talaga na doon sya mag research at wlang coordination sa LGU ?
Di ko ririsk buhay ko inang yan","['Condolence sa family niya.', 'Pero kung ako alam ko may ganap don na ganon sa ibang lugar na lang na wala need ba talaga na doon sya mag research at wlang coordination sa LGU ?', 'Di ko ririsk buhay ko inang yan']"
sige lang makibaka kayo! Bukas #cornedbeef na kayo😂🤣😂🤣,"['sige lang makibaka kayo!', 'Bukas #cornedbeef na kayo😂🤣😂🤣']"
"Nakakainis talaga ang mga comments na iniiwan ng mga tao dito.. lalo na yung mga taong nakatingin sa kanya sa sekswal na paraan. Ginagawa na ba talaga nating normal ang paglalagay ng label sa bawat taong sumasalungat sa mga hangal mong pananaw bilang bahagi ng NPA? Are we really gonna massacre our youth because the government red tagged them without prior investigation? There's not even any evidence that she was part of the NPA! She was just labelled a part of the NPA because she was in a rural area. 

Courses such as BA Political Science, the one na Alyssa Alano is in, do researches in remote areas. I'm not quite sure if you know about this...

That's why such cases like these should be investigated.. the common Filipino does not know the true story behind these student leaders getting killed off by the AFP. All the common Juan does is degrade and red tag them. We can't just label everyone who gets killed in a military encounter a rebel.","['Nakakainis talaga ang mga comments na iniiwan ng mga tao dito..', 'lalo na yung mga taong nakatingin sa kanya sa sekswal na paraan.', 'Ginagawa na ba talaga nating normal ang paglalagay ng label sa bawat taong sumasalungat sa mga hangal mong pananaw bilang bahagi ng NPA?', 'Are we really gonna massacre our youth because the government red tagged them without prior investigation?', 'There's not even any evidence that she was part of the NPA!', 'She was just labelled a part of the NPA because she was in a rural area.', 'Courses such as BA Political Science', 'the one na Alyssa Alano is in', 'do researches in remote areas.', 'I'm not quite sure if you know about this...', 'That's why such cases like these should be investigated..', 'the common Filipino does not know the true story behind these student leaders getting killed off by the AFP.', 'All the common Juan does is degrade and red tag them.', 'We can't just label everyone who gets killed in a military encounter a rebel.']"
"Nung dalaga pa ako muntik na ako merecruit ng mga kaliwa.Isipin mo yun nasa barangay mismo namin yung Campo ng sundalo saleslady ako nun sa bakery may customer ako na babae lagi ko nakikita dun sa tapat lang ng bakery namin sila nagboardinghouse .freindly ako kahit sino nakikipag-usap ako.Nagsnack sya sa bakery.Nagka-usap kami medyo mahaba buti na lang yung mga nag-aaply para magsundalo naging kaibigan ko rin narinig ata yung usapan namin nasa baba lang kasi sila mismo ng bakery tumutuloy ang sabi nya sa akin ""Hoy wag ka maniwala dun sa sinabi nya.Sa kabila yon."" Syempre may isip naman ako agad ko nagets sinabi nya buti na lang talaga kasi after ko binigay number ko dun sa babae tawag sya ng tawag sakin at text kasi raw maganda raw yung sahod konting duty lang daw maging Cafgu daw kami😭 buti na lang talaga may nakapagsabi sa akin","['Nung dalaga pa ako muntik na ako merecruit ng mga kaliwa.', 'Isipin mo yun nasa barangay mismo namin yung Campo ng sundalo saleslady ako nun sa bakery may customer ako na babae lagi ko nakikita dun sa tapat lang ng bakery namin sila nagboardinghouse .', 'freindly ako kahit sino nakikipag-usap ako.', 'Nagsnack sya sa bakery.', 'Nagka-usap kami medyo mahaba buti na lang yung mga nag-aaply para magsundalo naging kaibigan ko rin narinig ata yung usapan namin nasa baba lang kasi sila mismo ng bakery tumutuloy ang sabi nya sa akin ""Hoy wag ka maniwala dun sa sinabi nya.', 'Sa kabila yon.""', 'Syempre may isip naman ako agad ko nagets sinabi nya buti na lang talaga kasi after ko binigay number ko dun sa babae tawag sya ng tawag sakin at text kasi raw maganda raw yung sahod konting duty lang daw maging Cafgu daw kami😭 buti na lang talaga may nakapagsabi sa akin']"
Wow... congratulations 🤣🤣🤣🤣🤣 deserve na deserve happy birthday Nov 2 😁😁😁😁,"['Wow...', 'congratulations 2026 🤣🤣🤣🤣🤣', 'deserve na deserve happy birthday Nov 2😁😁😁😁']"
"Kaya may mga Mary Grace Piattos para sana maiwasan yung mga ganyan, o mabawasan man lang. Wala eh.","['Kaya may mga Mary Grace Piattos para sana maiwasan yung mga ganyan', 'o mabawasan man lang.', 'Wala eh.']"
"pag nasa bundok ka talaga at may baril kasama ng mga npa tapos nasakuti kayo ng mga sundalo! Alangan hinde lalaban ang mga sundalo eh perming ang mga npa ang nangungunang bumaril sa mga sundalo! Sa panahon ngayon mapupusok talaga ang mga kabataan hinde naman lahat kundi halos kalahati ng kabataan natin! Lalo na yong tipong nag galing galingan at nag tali talinuhan, natuto lang magsalita galing sa radical oratorikal skill ayon sobrang confident na sa sarili feeling hinde na tinatablan ng bala.","['pag nasa bundok ka talaga at may baril kasama ng mga npa tapos nasakuti kayo ng mga sundalo!', 'Alangan hinde lalaban ang mga sundalo eh perming ang mga npa ang nangungunang bumaril sa mga sundalo!', 'Sa panahon ngayon mapupusok talaga ang mga kabataan hinde naman lahat kundi halos kalahati ng kabataan natin!', 'Lalo na yong tipong nag galing galingan at nag tali talinuhan', 'natuto lang magsalita galing sa radical oratorikal skill ayon sobrang confident na sa sarili feeling hinde na tinatablan ng bala.']"
Hindi porket sinabi ng classmate mo na kailangan nyo sumugod susugod kana tandaan mo estudyante ka palanh di sundalo,['Hindi porket sinabi ng classmate mo na kailangan nyo sumugod susugod kana tandaan mo estudyante ka palanh di sundalo']
Basag ang bungo kabubuhan pa,['Basag ang bungo kabubuhan pa']
Bakit kailangan pang aabot sa ganito. Kapwa pilipino nag patayan. Dapat masaya at galak tayo habang buhay pa tayo. Dapat iwasan natin ang gulo. Wag natin kalimotan na may nagbigay saya sa ating buhay. Wag tayong makinig o magpadala sa mga lider na may masamang ambisyon ma NPA or Militar man. Makinig tayo sa mga lider na ang gusto ay kapayapaan at kaunlaran sa bansang pilipinas.,"['Bakit kailangan pang aabot sa ganito.', 'Kapwa pilipino nag patayan.', 'Dapat masaya at galak tayo habang buhay pa tayo.', 'Dapat iwasan natin ang gulo.', 'Wag natin kalimotan na may nagbigay saya sa ating buhay.', 'Wag tayong makinig o magpadala sa mga lider na may masamang ambisyon ma NPA or Militar man.', 'Makinig tayo sa mga lider na ang gusto ay kapayapaan at kaunlaran sa bansang pilipinas.']"
Hustisya para sa kanya mabait Po na bata Yan di pu Yan sumusuway sa utos ni kumander. Nag kataon lang Po na may field trip Sila at Isa sa laro nila ay animal hunting Kaya Po Meron sayang M16. #Hustisya #Cornbeef,"['Hustisya para sa kanya mabait Po na bata Yan di pu Yan sumusuway sa utos ni kumander.', 'Nag kataon lang Po na may field trip Sila at Isa sa laro nila ay animal hunting Kaya Po Meron sayang M16.', '#Hustisya #Cornbeef']"
naka full battle gear po siya at the time na may encounter. saka kung may research bakit walang coordination sa LGU? Wag mo ng gawing mangmang yung mga naka kita ng post ng AFP,"['naka full battle gear po siya at the time na may encounter.', 'saka kung may research bakit walang coordination sa LGU?', 'Wag mo ng gawing mangmang yung mga naka kita ng post ng AFP']"
"Marami tayong mga tanong na hindi pa nasasagot kaya naman nananawagan na lang ako para sa isang malayang imbestigasyon. Hindi nga natin alam kung ano ang tunay niyang intensyon doon sa Negros.

Its just sad na we normalize UP = NPA. At tatawanan lang ng mga tao ang mga balitang ito tungkol sa mga apektado. Kahit basic decency nalang, hindi pa maintindihan ng mga tao

Gusto lang namin ng mga sagot. Kung sakaling matawag siyang tunay na miyembro ng NPA, pasensya na.","['Marami tayong mga tanong na hindi pa nasasagot kaya naman nananawagan na lang ako para sa isang malayang imbestigasyon.', 'Hindi nga natin alam kung ano ang tunay niyang intensyon doon sa Negros.', 'Its just sad na we normalize UP = NPA.', 'At tatawanan lang ng mga tao ang mga balitang ito tungkol sa mga apektado.', 'Kahit basic decency nalang', 'hindi pa maintindihan ng mga tao', 'Gusto lang namin ng mga sagot.', 'Kung sakaling matawag siyang tunay na miyembro ng NPA', 'pasensya na.']"
"Minsan, yung mga armas ng terrorista galing rin sa military. Tinitinda nung mga corrupt na general tsaka mga popolitiko. Kaya di matinagtinag mga yan kasi ginagatasan lng ng mga corrupt, tapos yung mga bobong sumasali sa ibaba nagiging sacrifice.","['yung armas ng terrorista galing rin sa military.', 'Tinitinda nung mga corrupt na general tsaka mga popolitiko.', 'Kaya di matinagtinag mga yan kasi ginagatasan lng ng mga corrupt', 'tapos yung mga bobong sumasali sa ibaba nagiging sacrifice.']"
Maki BAKA. ayun na Corn Beef tuloy.,"['Maki BAKA.', 'ayun na Corn Beef tuloy.']"
mas nauna pa kay digong naging pataba eehhhhh,['mas nauna pa kay digong naging pataba eehhhhh']
Ano ginagawa nya dun sa encounter site ehh ung mga karatig residente nagsilikasan na.....,['Ano ginagawa nya dun sa encounter site ehh ung mga karatig residente nagsilikasan na.....']
"Just a common sense question lang nuh?

Why was she there? Un lang. Alangang nag babakasyun cya dun nag sight seing and dun pa mismo sa NPA huh. Anu ginagawa nya dun? Nag iinterview for the sake of UP? No she was part of it. I feel sorry for her loss, she has a choice and lets pray for her soul","['Just a common sense question lang nuh?', 'Why was she there?', 'Un lang.', 'Alangang nag babakasyun cya dun nag sight seing and dun pa mismo sa NPA huh.', 'Anu ginagawa nya dun?', 'Nag iinterview for the sake of UP?', 'No she was part of it.', 'I feel sorry for her loss', 'she has a choice and lets pray for her soul']"
lantaran nya nga inamin s video na yan na aktibista sya. nesting and recruitment ground ng CPP NPA yang UP na yan noon p man. wag kayo papayag n makikilahok mga anak nyo s ano mang activist group jn s school n yn. or else prepare for the worst.,"['lantaran nya nga inamin s video na yan na aktibista sya.', 'nesting and recruitment ground ng CPP NPA yang UP na yan noon p man.', 'wag kayo papayag n makikilahok mga anak nyo s ano mang activist group jn s school n yn.', 'or else prepare for the worst.']"
"Enroll nyo mga anak nyo sa New Era University 100 percent walang komunista, fraternity at sorority dahil bawal na bawal yan dun","['Enroll nyo mga anak nyo sa New Era University 100 percent walang komunista', 'fraternity at sorority dahil bawal na bawal yan dun']"
Pano kung kamag anak nyo na recruit? Pano pag kamag anak o anak nyo ang naging karne norte? Dapat ma stop na yang mga NPA na yan.,"['Pano kung kamag anak nyo na recruit?', 'Pano pag kamag anak o anak nyo ang naging karne norte?', 'Dapat ma stop na yang mga NPA na yan.']"
sayang......ga tiktok nlang unta ka tapos namaligya.... malipay pa cguro imong mama nga mka kwarta ug mka tabang nila......,"['sayang......ga tiktok nlang unta ka tapos namaligya....', 'malipay pa cguro imong mama nga mka kwarta ug mka tabang nila......']"
Kaylangan talaga banrayan ang mga kabataan dyan sa UP. Dami na namumundok.,"['Kaylangan talaga banrayan ang mga kabataan dyan sa UP.', 'Dami na namumundok.']"
yong crush mo noon binabayo na pala ni commander. 🤣,['yong crush mo noon binabayo na pala ni commander. 🤣']
"Dapat kc unahin dyan ung mga nasa kongreso na mki NPA'shelving themselves to be called""honorables''kaya kyong mga studyante'wag kyong pauto sa mga organizers at mga prof nyo na aakyat kyo ng bundok pra mgresearch kunuhay dhil dyn lng kyo mapapahamak!!!","['Dapat kc unahin dyan ung mga nasa kongreso na mki NPA'shelving themselves to be called""honorables''kaya kyong mga studyante'wag kyong pauto sa mga organizers at mga prof nyo na aakyat kyo ng bundok pra mgresearch kunuhay dhil dyn lng kyo mapapahamak!!!']"
"matagal ng sinasabi iyan at common knowledge na rin. kaya sa mga magulang pag napansin na masyado ng kritikal at mapusok ang damdamin ng mga anak sa bulok ng gobyerno, medyo kausapin na ang mga ito at gabayan.","['matagal ng sinasabi iyan at common knowledge na rin.', 'kaya sa mga magulang pag napansen na masyado ng kritikal at mapusok ang damdamin ng mga anak sa bulok ng gobyerno', 'medyo kausapin na ang mga ito at gabayan.']"
Immersion with full combat gear and m16 pa,['Immersion with full combat gear and m16 pa']
Ng Parausan🖕,['Ng Parausan🖕']
"Ang binomba yung mga Bata na gsto ng pagbabago, Ang Malaya Yung mga gumagawa ng kasamaan at ayaw ng pagbabago,","['Ang binomba yung mga Bata na gsto ng pagbabago', 'Ang Malaya Yung mga gumagawa ng kasamaan at ayaw ng pagbabago']"
"Sayang yung mga kabataan na nauuto pa rin ng makakaliwang grupo..tingnan nila yung andoon sa congress/senate sarap ng buhay..samantala, kawawa yung andoon sa bundok nakikipaglaban..","['Sayang yung mga kabataan na nauuto pa rin ng makakaliwang grupo..tingnan nila yung andoon sa congress/senate sarap ng buhay..samantala', 'kawawa yung andoon sa bundok nakikipaglaban..']"
Di pinagbigyan kya pinalabas na dedo na engkwentro 🤣🤣,['Di pinagbigyan kya pinalabas na dedo na engkwentro 🤣🤣']
Student researcher? para sa anong subject? pinayagan ng prof pumunta sa bundok? dapat managot ang prof at school kung ganyan ang dahilan nila. Saka anong course ba nag ooffer ng subject na galing sa ibat ibang school ang mga studyante kasi kung research yan bakit galing sa ibat ibang school.,"['Student researcher?', 'para sa anong subject?', 'pinayagan ng prof pumunta sa bundok?', 'dapat managot ang prof at school kung ganyan ang dahilan nila.', 'Saka anong course ba nag ooffer ng subject na galing sa ibat ibang school ang mga studyante kasi kung research yan bakit galing sa ibat ibang school.']"
May accountability ba ang State U gaya ng UP sa pag papabaya sa mga aktibidades ng mga maka komunista na organisasyon sa loob ng kanilang bakuran? Pera ng taong bayan ang nagpo pondo para kayo ay patuloy na maging pundasyon ng edukasyon at tamang pag uugali ng mga iskolar ng bayan. Pero ang pondo din na yan ng taong bayan (buwis ng mga magulang) ang ginagamit niyo para hayaan ang mga kabataan ay maligaw ng landas at mawalay sa kanilang mga mahal sa buhay. What an irony. Kawawang mga magulang na nag babayad ng buwis at in danger na mawalan ng anak sa bakbakan laban sa gobyerno.,"['May accountability ba ang State U gaya ng UP sa pag papabaya sa mga aktibidades ng mga maka komunista na organisasyon sa loob ng kanilang bakuran?', 'Pera ng taong bayan ang nagpo pondo para kayo ay patuloy na maging pundasyon ng edukasyon at tamang pag uugali ng mga iskolar ng bayan.', 'Pero ang pondo din na yan ng taong bayan (buwis ng mga magulang) ang ginagamit niyo para hayaan ang mga kabataan ay maligaw ng landas at mawalay sa kanilang mga mahal sa buhay.', 'What an irony.', 'Kawawang mga magulang na nag babayad ng buwis at in danger na mawalan ng anak sa bakbakan laban sa gobyerno.']"
Ok lang yan sawa na naman si commander sa kanila 😂😂😂 ibang bagong recruit na naman daw titikman nila 😂😂😂🖕,"['Ok lang yan sawa na naman si commander sa kanila 😂😂😂', 'ibang bagong recruit na naman daw titikman nila 😂😂😂🖕']"
"Ipinapadala yang mga estudyante para i sacrifice para pag dating sa media magmumhang masama ang mga sundalo dahil estundyante ang napatay, gising mga kabataan, ginagawa lang kayong sacrifice para masira ang imahe ng gobyerno","['Ipinapadala yang mga estudyante para i sacrifice para pag dating sa media magmumhang masama ang mga sundalo dahil estundyante ang napatay', 'gising mga kabataan', 'ginagawa lang kayong sacrifice para masira ang imahe ng gobyerno']"
"Congratulations GRADUATE NA, Who's Next","['Congratulations GRADUATE NA', 'Who's Next']"
for sure kapag nakapatay yan ng sundalo.. walang maaawa sa sundalo.. parang ayos lang sa iba. dahil trabaho daw naman nila yun.,"['for sure kapag nakapatay yan ng sundalo..', 'walang maaawa sa sundalo..', 'parang ayos lang sa iba.', 'dahil trabaho daw naman nila yun.']"
ask the parent kung alam nila na may ganun na activity ang anak nila.. at kung pinayagan ba nila..,"['ask the parent kung alam nila na may ganun na activity ang anak nila..', 'at kung pinayagan ba nila..']"
Napakahirap makapasok sa UP pero sinasayang lang ng mga NPA nato. 🤦🤦🤦,['Napakahirap makapasok sa UP pero sinasayang lang ng mga NPA nato. 🤦🤦🤦']
"Dapat pumasok nlng sya sa PNPA ganun din namn yun ganun din training may mas madadagdagan pa kaalamn ,hirap talaga pag subrang talino madaling mamatay..","['Dapat pumasok nlng sya sa PNPA ganun din namn yun ganun din training may mas madadagdagan pa kaalamn', 'hirap talaga pag subrang talino madaling mamatay..']"
Dapat lang kayong maubos mga salot sa lipunan. #NoToCPPNPANDF,"['Dapat lang kayong maubos mga salot sa lipunan.', '#NoToCPPNPANDF']"
"Ganyan ang recruitment nakakapang lason sa isip ng bata, kaya advice ko lang dyan sa mga parent, pls early palang educate your kids (inside your home)how outside world works bago pa malason isip nila because we never know how far could this get.","['Ganyan ang recruitment nakakapang lason sa isip ng bata', 'kaya advice ko lang dyan sa mga parent', 'pls early palang educate your kids (inside your home)how outside world works bago pa malason isip nila because we never know how far could this get.']"
"Hello Ma’am Tuesday.

Ganito kasi yan, diba may tinatawag na confidential funds. Tapos yung gumagamit sa tama non, pinapa impeach nyo. Imbes ma pigilan ang recruitment sa mga studyante eh hindi na namomonitor ng maayos.

Kayong mga artista, parati nyong ginagamit ang platform nyo para maging woke. Para kumontra sa mga Duterte. Kesho kinulimbat yung pera. Pero di nyo mapatunayan. Yung admin ngayon, di nyo naman ma criticize. Yung mga kapwa nyo artista, pumanig na sa UniPink.

So bale ang mangyayari po dyan, mas pinalakas nyo lang po yung recruitment sa mga namumundok. Kasi ang root cause po ng armed struggle ay poverty. Wala naman kayong ginawa para ma puksa ang kahirapan ngayon. Wala nga tayong ff up sa pag alis ng VAT na nagpapahirap sa pag taas ng bilihin lalo na sa langis. Di nga kayo umiimik sa isyu ng maleta na naka private helis and planes. Kawawa po yung kabataan, kawawa din po yung mga sundalo.

Habang may tatsulok po. Kawawa tayong lahat, pilipino laban sa pilipino.","['Hello Ma’am Tuesday.', 'Ganito kasi yan', 'diba may tinatawag na confidential funds.', 'Tapos yung gumagamit sa tama non', 'pinapa impeach nyo.', 'Imbes ma pigilan ang recruitment sa mga studyante eh hindi na namomonitor ng maayos.', 'Kayong mga artista', 'parati nyong ginagamit ang platform nyo para maging woke.', 'Para kumontra sa mga Duterte.', 'Kesho kinulimbat yung pera.', 'Pero di nyo mapatunayan.', 'Yung admin ngayon', 'di nyo naman ma criticize.', 'Yung mga kapwa nyo artista', 'pumanig na sa UniPink.', 'So bale ang mangyayari po dyan', 'mas pinalakas nyo lang po yung recruitment sa mga namumundok.', 'Kasi ang root cause po ng armed struggle ay poverty.', 'Wala naman kayong ginawa para ma puksa ang kahirapan ngayon.', 'Wala nga tayong ff up sa pag alis ng VAT na nagpapahirap sa pag taas ng bilihin lalo na sa langis.', 'Di nga kayo umiimik sa isyu ng maleta na naka private helis and planes.', 'Kawawa po yung kabataan', 'kawawa din po yung mga sundalo.', 'Habang may tatsulok po.', 'Kawawa tayong lahat', 'pilipino laban sa pilipino.']"
Gusto lang naman nila mag PUBG live sa bundok eh. 🤣,['Gusto lang naman nila mag PUBG live sa bundok eh. 🤣']
Hindi ko ma tag si Risa Hontiveros naka blocked na ata ako eh lagi ko pa namang menimentioned yun pag may nahuli at napatay na mga bata nila.🤣,['Hindi ko ma tag si Risa Hontiveros naka blocked na ata ako eh lagi ko pa namang menimentioned yun pag may nahuli at napatay na mga bata nila.🤣']
sa sobrang tamang hinala mo at gusto mo maging play safe gumawa ka pa ng bagong account para lang harapin ako MASYADO KANG MAHINANG NILALANG!!,['sa sobrang tamang hinala mo at gusto mo maging play safe gumawa ka pa ng bagong account para lang harapin ako MASYADO KANG MAHINANG NILALANG!!']
tapos yung mga naka heart at like react pa sa iyo mga self righteous na introvert na mong mong magsama sama kayong mga totoong weirdo!!,['tapos yung mga naka heart at like react pa sa iyo mga self righteous na introvert na mong mong magsama sama kayong mga totoong weirdo!!']
Ngayon sabihin ng mga anti duterte na mali sya,['Ngayon sabihin ng mga anti duterte na mali sya']
"This is why the people or organizations that brought her to the rebel-infested communities should be liable as well. Walang risk assessment and coordination ng magtungo sa remote community. 
 
Pero napaka hindi patas naman na bansagang terorista ang mga biktima liban kung mapatunayan.","['This is why the people or organizations that brought her to the rebel-infested communities should be liable as well.', 'Walang risk assessment and coordination ng magtungo sa remote community.', 'Pero napaka hindi patas naman na bansagang terorista ang mga biktima liban kung mapatunayan.']"
Ganyan talaga ang Buhay.. Ikaw Ang madedesisyon.. kanan ba o kaliwa.. Kun saan kaman mapunta .. walang dapat sisihin kundi Sarili mo lang.,"['Ganyan talaga ang Buhay..', 'Ikaw Ang madedesisyon..', 'kanan ba o kaliwa..', 'Kun saan kaman mapunta ..', 'walang dapat sisihin kundi Sarili mo lang.']"
"Kasalanan nya yan nagpauto sya sumama sya sa mga taong di mo malaman kung anong pinaglalaban masabi lng n nakikibaka ayun sama agad,e di nakita nya hinahanap nya yun nga lng pnghabangbuhay na aral nakamtan nya......","['Kasalanan nya yan nagpauto sya sumama sya sa mga taong di mo malaman kung anong pinaglalaban masabi lng n nakikibaka ayun sama agad', 'e di nakita nya hinahanap nya yun nga lng pnghabangbuhay na aral nakamtan nya......']"
Nag relax yata ang NTF ELCAC. Dami na naman cgurong new recruits. Sa bagay parang walang paki ang admin ngayon.,"['Nag relax yata ang NTF ELCAC.', 'Dami na naman cgurong new recruits.', 'Sa bagay parang walang paki ang admin ngayon.']"
Nagiiyakan na naman mga tao sa Reddit neto,['Nagiiyakan na naman mga tao sa Reddit neto']
"Mga taga manila lang ang nauuto ng mga rebelde.
.
Lahat ng taga deep provinces alam to, na ang pondo ng mga yan ay galing sa extortion na ginagawa sa mga landowner sa probinsya, tapos sasabihin nila para sa bayan? Eh baril palang ang kapangyarihan nila ay corrupt na sila? Ang mga sumasali lang na lalaki dyan sa probinsya ay yung mga batugan na ayaw magsaka, gusto nalang ng kapangyarihan gamit ang dahas. Open secret nang yang mga babaeng aktibista na nauuto nila ay ginagawa lang parausan sa bundok, pag panget ginagawa nilang pangpain sa sundalo.","['Mga taga manila lang ang nauuto ng mga rebelde.', 'Lahat ng taga deep provinces alam to', 'na ang pondo ng mga yan ay galing sa extortion na ginagawa sa mga landowner sa probinsya', 'tapos sasabihin nila para sa bayan?', 'Eh baril palang ang kapangyarihan nila ay corrupt na sila?', 'Ang mga sumasali lang na lalaki dyan sa probinsya ay yung mga batugan na ayaw magsaka', 'gusto nalang ng kapangyarihan gamit ang dahas.', 'Open secret nang yang mga babaeng aktibista na nauuto nila ay ginagawa lang parausan sa bundok', 'pag panget ginagawa nilang pangpain sa sundalo.']"
Tanggalin sa pribelehiyo ng state sponsorship. Kung Jan lang naman napupunta tax ko at ikamamatay ng mga kabataan.,"['Tanggalin sa pribelehiyo ng state sponsorship.', 'Kung Jan lang naman napupunta tax ko at ikamamatay ng mga kabataan.']"
No wonder daming NPA sa congress kasi kahit na matatalino nabudol pa sa mga NPA. Easy money lang talaga pag naging NPA ka. Imagine nag camping ka lang sa bundok at may sahod pa..,"['No wonder daming NPA sa congress kasi kahit na matatalino nabudol pa sa mga NPA.', 'Easy money lang talaga pag naging NPA ka.', 'Imagine nag camping ka lang sa bundok at may sahod pa..']"
Parang si Risa na un pumalit kay Joma Sison,['Parang si Risa na un pumalit kay Joma Sison']
Sawa na si Commander kaya pwede kana gawing frontliner sa bakbakan 😭,['Sawa na si Commander'.'kaya pwede kana gawing frontliner sa bakbakan 😭']
Kung tutuusin paldo pa rn si Kumander haha,['Kung tutuusin paldo pa rn si Kumander haha']
Nasa student na talaga kung magpa tanga... cant think for themselves..,"['Nasa student na talaga kung magpa tanga...','cant think for themselves..']"
"meron napatay n PLM student na babae sa Mindoro - Member ng Kabataan partylist. Ngayon nmn UP DILIMAN student na chairman ng LFS. Mga naniwala sila sa ideology ni Marx, Lenin, Mao tsetung at Joma Sison. Naabuso ang kanilang idealismo. SAYANG. Condolence sa pamilya.","['meron napatay n PLM student na babae sa Mindoro - Member ng Kabataan partylist.', 'Ngayon nmn UP DILIMAN student na chairman ng LFS.', 'Mga naniwala sila sa ideology ni Marx', 'Lenin', 'Mao tsetung at Joma Sison.', 'Naabuso ang kanilang idealismo.', 'SAYANG.', 'Condolence sa pamilya.']"
Sad na naman si kumander,['Sad na naman si kumander']
Ano na naman research uleh oh!.. Medical Mission na naman 😎😎😎,"['Ano na naman research uleh oh!..', 'Medical Mission na naman 😎😎😎']"
"Ang pagpatay sa isang aktibistang na-red-tag ay maituturing na extrajudicial killing (EJK), kahit na nangyari ito sa isang komunidad na may kilalang presensya ng New People’s Army (NPA). Sa ilalim ng batas ng Pilipinas at mga internasyonal na pamantayan, ang pagkakaroon ng insurhensya ay hindi nagbibigay-katwiran sa sadyang pagpatay sa isang tao nang walang patas na paglilitis","['Ang pagpatay sa isang aktibistang na-red-tag ay maituturing na extrajudicial killing (EJK)', 'kahit na nangyari ito sa isang komunidad na may kilalang presensya ng New People’s Army (NPA).', 'Sa ilalim ng batas ng Pilipinas at mga internasyonal na pamantayan', 'ang pagkakaroon ng insurhensya ay hindi nagbibigay-katwiran sa sadyang pagpatay sa isang tao nang walang patas na paglilitis']"
Then sasabihin na naman ng human rights na kumunista at pulpol na bandidong NPA e estudyante na nagreresearch lang.Magpapaawa na naman at may mga ganid na politikong magbibida bida at sisigaw sigawan ang mga kawawang Sundalong Pumoprotekta sa bansa at mga estudyante.Gigipitin na naaman ang militar.Palalabasin na naman na mga Sundalo ang mali at may kasalanan?,"['Then sasabihin na naman ng human rights na kumunista at pulpol na bandidong NPA e estudyante na nagreresearch lang.', 'Magpapaawa na naman at may mga ganid na politikong magbibida bida at sisigaw sigawan ang mga kawawang Sundalong Pumoprotekta sa bansa at mga estudyante.', 'Gigipitin na naaman ang militar.', 'Palalabasin na naman na mga Sundalo ang mali at may kasalanan?']"
Paldo na naman si komander 🤣,['Paldo na naman si komander 🤣']
"Ang huling sarap na pala ni commander,,, 🤣","['Ang huling sarap na pala ni commander', '🤣']"
na double penetration ng mga cadre at ni kumander,['na double penetration ng mga cadre at ni kumander']
"Ito mga tao na madaling mauto at ma doktrinahan.

*Present-focused (hindi long-term mag-isip)
*High trust / madaling magtiwala
*Low critical thinking (kahit matalino)
*Emotion-driven decisions
*Fixed mindset (hindi flexible mag-isip)

Hindi porket matalino = hindi na mauuto.
May mga taong mataas ang IQ pero:

*kulang sa skepticism
*hindi sanay sa independent thinking","['Ito mga tao na madaling mauto at ma doktrinahan.', '*Present-focused (hindi long-term mag-isip)', '*High trust / madaling magtiwala', '*Low critical thinking (kahit matalino)', '*Emotion-driven decisions', '*Fixed mindset (hindi flexible mag-isip)', 'Hindi porket matalino = hindi na mauuto.', 'May mga taong mataas ang IQ pero:', '*kulang sa skepticism', '*hindi sanay sa independent thinking']"
"Ayaw nila ng tahimik na buhay, gusto nila sa bundok. Haha","['Ayaw nila ng tahimik na buhay', 'gusto nila sa bundok.', 'Haha']"
Youth researchers na sinamahan ng mga local guides. Yung mga armas pang protekta lang nila yun kontra sa mga hayup sa gubat. Cornedbeef tuloy. 🤣🤣,"['Youth researchers na sinamahan ng mga local guides.', Yung mga armas pang protekta lang nila yun kontra sa mga hayup sa gubat.', 'Cornedbeef tuloy. 🤣🤣']"
Dumadami na naman sila dahil sa palala na kurapsyon sa bansa.,['Dumadami na naman sila dahil sa palala na kurapsyon sa bansa.']
Dpt ksi ung UP palitan na gawin ng university of NPA hahaha,['Dpt ksi ung UP palitan na gawin ng university of NPA hahaha']
isang santo na nmn ang nalagas 😂,['isang santo na nmn ang nalagas 😂']
"Yung isa dun sa napatay na npa, faculty member pa ng u.p tsktsk","['Yung isa dun sa napatay na npa', 'faculty member pa ng u.p tsktsk']"
"Imbes na mag contribute sa society, Ayun nag contribute Siya ng healthy ecosystem sa bundok","['Imbes na mag contribute sa society', 'Ayun nag contribute Siya ng healthy ecosystem sa bundok']"
"sayang yung tax na pina-aral sa kanya, naging rebelde pa!!!!","['sayang yung tax na pina-aral sa kanya', 'naging rebelde pa!!!!']"
kapag nasa up bantayan nyu kapag nagpopost na yan sa fb mas lalo kung kakampink sya at up bantayan nyu,['kapag nasa up bantayan nyu kapag nagpopost na yan sa fb mas lalo kung kakampink sya at up bantayan nyu']
efas lang ya efas,['efas lang ya efas']
Buti na lang hndi naging black leather ang sofa kundi iba ang iisipin ko.,['Buti na lang hndi naging black leather ang sofa kundi iba ang iisipin ko.']
ang mga npa gobyerno at skwelahan na. kaya ready na kayo tumangap.,"['ang mga npa gobyerno at skwelahan na.', 'kaya ready na kayo tumangap.']"
yung intro palang alam mo na sa backround 🤣,['yung intro palang alam mo na sa backround 🤣']
"Are there any investigations against UP? Kasi pag may encounter ang AFP at CPP-NPA at pag may casualties laging nasasama yung name ng school, wala bang ginagawa ang CHED at Government regarding this? Mas matagal pa to sa flood control eh.","['Are there any investigations against UP?', 'Kasi pag may encounter ang AFP at CPP-NPA at pag may casualties laging nasasama yung name ng school', 'wala bang ginagawa ang CHED at Government regarding this?', 'Mas matagal pa to sa flood control eh.']"
Di nman sila kawalan kung icocornbeef sila ng AFP tsaka desisyon nila yan na magpagamit sa mga mayayamang negosyante at pulitiko na nasa Luzon.,['Di nman sila kawalan kung icocornbeef sila ng AFP tsaka desisyon nila yan na magpagamit sa mga mayayamang negosyante at pulitiko na nasa Luzon.']
"Mga delusional na gen-Z, kala mo malaki impact nila sa lipunan kapag sumanib sila sa pinaglalaban ng NPA.","['Mga delusional na gen-Z', 'kala mo malaki impact nila sa lipunan kapag sumanib sila sa pinaglalaban ng NPA.']"
Casting couch kaso sa NPA na draft 😂✌️,['Casting couch kaso sa NPA na draft 😂✌️']
"We have a fucked up government tapos may ganito pa, its just sad.","['We have a fucked up government tapos may ganito pa', 'its just sad.']"
ito na sya sheesh,['ito na sya sheesh']
And universities are tolerating this nefarious activities inside of their campus. Sila pa galit sa red tagging,"['And universities are tolerating this nefarious activities inside of their campus.', 'Sila pa galit sa red tagging']"
"Diko maisip kng pano nila na brebrainwash mga kabataan matatalino pa nmn, di kaya may mga sayad mga batang ito?🙄🤔","['Diko maisip kng pano nila na brebrainwash mga kabataan matatalino pa nmn', 'di kaya may mga sayad mga batang ito?🙄🤔']"
Habulin ang confidential funds ni VP para di na mapansing buhay ulit ang NPA recruitment sa campuses,['Habulin ang confidential funds ni VP para di na mapansing buhay ulit ang NPA recruitment sa campuses']
close nyo na UP if nagccreate lang sila ng terorista sa bansa,['close nyo na UP if nagccreate lang sila ng terorista sa bansa']
kadalasang target nila eh yung mga idealistic na kabataan.,['kadalasang target nila eh yung mga idealistic na kabataan.']
tanga kasi sila yun lang yun,['tanga kasi sila yun lang yun']
yung mga pacool kids na feeling above s lahat. Yan madali matarget ng npa,"['yung mga pacool kids na feeling above s lahat.', 'Yan madali matarget ng npa']"
"you just need make them feel important. Madaling ma brainwashed yung mga passionate idealistic student na feeling nila they can make a big change sa current society. Just frustrate them sa takbo ng current society then offer an alternative sabay mag nitpick ka ng mga cases portraying that alternative a permanent solution. They will portray themselves as champion of the poor and a hero of true justice sabay pabida sa mga ""natulungan"" nilang mga magsasaka/ mahihirap laban sa mga land grabber/ mining companies. Di na ako magtataka if some of them suffers main character syndrome or have a hero complex, martyr complex and/or savior complex.","['you just need make them feel important.', 'Madaling ma brainwashed yung mga passionate idealistic student na feeling nila they can make a big change sa current society.', 'Just frustrate them sa takbo ng current society then offer an alternative sabay mag nitpick ka ng mga cases portraying that alternative a permanent solution.', 'They will portray themselves as champion of the poor and a hero of true justice sabay pabida sa mga ""natulungan"" nilang mga magsasaka/ mahihirap laban sa mga land grabber/ mining companies.', 'Di na ako magtataka if some of them suffers main character syndrome or have a hero complex', 'martyr complex and/or savior complex.']"
"When she's alive: PROUD NPA
when she's Dead: human rights activists. 🤣🤣🤣🤣🤣
Studyante tapos napatay sa bundok may hawak na armas?? 🤣🤣🤣","['When she's alive: PROUD NPA', 'when she's Dead: human rights activists. 🤣🤣🤣🤣', 'Studyante tapos napatay sa bundok may hawak na armas??🤣🤣🤣']"
TAMA !! MGA MAGULANG HINGI NG TOLONG SA GOBYERNO PARA MAKAPAG ARAL ANAG ANAK !! TAPOS ANG ANAK NAPASAMA LANG SA MGA WALANG KWENTANG UTAK NPA !!!! ANG GOSTO LANG NANG GOBYERNO KAYA PINA ARAL NG LIBRE O SKOLAR NG BAYAN PARA MAKA TOLONG SA MGA MAGULANG AT MGA KAPATID !! HINDI PARA LUMABAN SA GOBYERNONG NAG PA ARAL SA KANILA !!! 🤔🤔🤔🤔,"['TAMA !!', 'MGA MAGULANG HINGI NG TOLONG SA GOBYERNO PARA MAKAPAG ARAL ANAG ANAK !!', 'TAPOS ANG ANAK NAPASAMA LANG SA MGA WALANG KWENTANG UTAK NPA !!!!', 'ANG GOSTO LANG NANG GOBYERNO KAYA PINA ARAL NG LIBRE O SKOLAR NG BAYAN PARA MAKA TOLONG SA MGA MAGULANG AT MGA KAPATID !!', 'HINDI PARA LUMABAN SA GOBYERNONG NAG PA ARAL SA KANILA !!!🤔🤔🤔🤔']"
"UP should be accountable for the deaths of their students.
Promote NTF-ELCAC to destroy and remove those recruiters inside of universities. 
Kawawa lang mga studyante na nauuto ng doktrina at ideolohiya ng CPP.","['UP should be accountable for the deaths of their students.', 'Promote NTF-ELCAC to destroy and remove those recruiters inside of universities.', 'Kawawa lang mga studyante na nauuto ng doktrina at ideolohiya ng CPP.']"
literal na research defense,['literal na research defense']
"paki namin, mga batang communista mahilig mag-alyansa lang ang alam di nakikita ang tunay na ginagawa ng gobyerno para lang ikaunlad ng bansa","['paki namin', 'mga batang communista mahilig mag-alyansa lang ang alam di nakikita ang tunay na ginagawa ng gobyerno para lang ikaunlad ng bansa']"
Nag cacamping lang si Ka Allysa binaril nyo na.,['Nag cacamping lang si Ka Allysa binaril nyo na.']
"Researchers na naka combat gear?
https://www.facebook.com/share/p/1HMCQAKvBJ/","['Researchers na naka combat gear?', 'https://www.facebook.com/share/p/1HMCQAKvBJ/']"
"Gusto natin e eradicate ang NPA pero yung corrupt government ayaw natin e eradicate? E kaya may NPA kasi may government na corrupt. E eradicate mo yung Corrupt Government mamatay sa natural death ang lahat ng rebeldeng grupo. 
Ang root cause ng lahat nyan ay corrupt na gobierno.","['Gusto natin e eradicate ang NPA pero yung corrupt government ayaw natin e eradicate?', 'E kaya may NPA kasi may government na corrupt.', 'E eradicate mo yung Corrupt Government mamatay sa natural death ang lahat ng rebeldeng grupo.', 'Ang root cause ng lahat nyan ay corrupt na gobierno.']"
"artista man d.i na sya sa una..
Alyssa Alano :)","['artista man d.i na sya sa una..
Alyssa Alano :)']"
kawawa pla mga student na mga naloloko nila,['kawawa pla mga student na mga naloloko nila']
pa send link,['pa send link']
Kaya wag na dapat botohin yung mga politicong sumusuporta s makakaliwa or makakaliwa sila mismo..,['Kaya wag na dapat botohin yung mga politicong sumusuporta s makakaliwa or makakaliwa sila mismo..']
Lungkot na si kumander.. wla ng katabi sa pagtulog.,"['Lungkot na si kumander..', 'wla ng katabi sa pagtulog.']"
na Yan😄,['na Yan😄']
Maawa kayo s mga anak nyo baka hnd Nyo na alm ang gingawa nila Baka na hypnotice na sila ng mga npa group tanungin siyasatin,"['Maawa kayo s mga anak nyo baka hnd Nyo na alm ang gingawa nila', 'Baka na hypnotice na sila ng mga npa group tanungin siyasatin']"
hindi tumagos sa mga mabalasik na AFP si NPA Alano. Bounce na panghabang buhay,"['hindi tumagos sa mga mabalasik na AFP si NPA Alano.', 'Bounce na panghabang buhay']"
"yeah were dead wrong, our children are not safe inside universities kasi puros mkakaliwa na wlang ginawa kundi lasunin isipan ng kabataan ang andun,","['yeah were dead wrong', 'our children are not safe inside universities kasi puros mkakaliwa na wlang ginawa kundi lasunin isipan ng kabataan ang andun']"
"ilan na po ba ang warning na nakita natin d ba may dalawa ng university student din ang nadakip ng mga militar nan nasa bundok kaso pinag tatanggol ng mga partylist na d daw yun mga NPA ,pero ngayun d na sila maka ngaw2 kasi may na cornbeef na  natuluyan na sa delesyun nilang tama sila,","['ilan na po ba ang warning na nakita natin d ba may dalawa ng university student din ang nadakip ng mga militar nan nasa bundok kaso pinag tatanggol ng mga partylist na d daw yun mga NPA', 'pero ngayun d na sila maka ngaw2 kasi may na cornbeef na natuluyan na sa delesyun nilang tama sila']"
Marxist pa more,['Marxist pa more']
or na Deads di sila proud pagiging NPA nila??ganun ba yon??nag reresearch lang sila??so anong point ng pinaglalaban nila??,"['or na Deads di sila proud pagiging NPA nila??', 'ganun ba yon??', 'nag reresearch lang sila??', 'so anong point ng pinaglalaban nila??']"
Ea ng matatandang komander pagkatapos pagsawaan sinasabak sa labanan at iiwan para sa next phase ng plano nila: magsisigaw sigawan na palayain sila bilang political prisoner,['Ea ng matatandang komander pagkatapos pagsawaan sinasabak sa labanan at iiwan para sa next phase ng plano nila: magsisigaw sigawan na palayain sila bilang political prisoner']
"Noong buhay pa-NAG RESEARCH 
Nang namatay na- THE SEARCH IS OVER","['Noong buhay pa-NAG RESEARCH', 'Nang namatay na- THE SEARCH IS OVER']"
"KITA KO LANG SA NAG COMMENT , HAHAHAHA","['KITA KO LANG SA NAG COMMENT', 'HAHAHAHA']"
Pa bukid pa more may bitbit M16!,['Pa bukid pa more may bitbit M16!']
"Dre ni padulong ang confidential funds ni Sarah, to protect the students from brainwashing to this demon NPA TERRORIST maong suko kaayo na sila mga MACABAYAN Bloc sa kongreso, that the reality","['Dre ni padulong ang confidential funds ni Sarah', 'to protect the students from brainwashing to this demon NPA TERRORIST maong suko kaayo na sila mga MACABAYAN Bloc sa kongreso', 'that the reality']"
"Business yang pag Een Pi Ey na yan. Ilang years na ba yan? 50-60 years? Ginawa para magkaroon ng divide and conquer sa bansa, taktiks ni ankol sam(NED FUNDED) na ginagawa rin sa ibang bansa. lugi jan yung narerecruit kasi nagiging sundalo(for en pi ey) sa bundok kalaban army eh surebol corned beef kinabukasan mo jan🤣 ewan andami parin nauuto🤣 war is business nga naman🤣 yung mga leaders nila? ayun laki ng nakukuha tax sating mga pinoy(party lists), tas may revolutionary tax pa sa mga businessman🤣 mga leaders nyo lang umaasenso, pumupuntang ibang bansa or napag aral yung anak nila sa ibang bansa... pero kayong bagong recruit surebol yan matetegi kayo sa bundok sooner or later🤣 well ginusto nyo yan ih🤣","['Business yang pag Een Pi Ey na yan.', 'Ilang years na ba yan?', '50-60 years?', 'Ginawa para magkaroon ng divide and conquer sa bansa', 'taktiks ni ankol sam(NED FUNDED) na ginagawa rin sa ibang bansa.', 'lugi jan yung narerecruit kasi nagiging sundalo(for en pi ey) sa bundok kalaban army eh surebol corned beef kinabukasan mo jan🤣', 'ewan andami parin nauuto🤣 war is business nga naman🤣', 'yung mga leaders nila?', 'ayun laki ng nakukuha tax sating mga pinoy(party lists)', 'tas may revolutionary tax pa sa mga businessman🤣', 'mga leaders nyo lang umaasenso', 'pumupuntang ibang bansa or napag aral yung anak nila sa ibang bansa... pero kayong bagong recruit surebol yan matetegi kayo sa bundok sooner or later🤣', 'well ginusto nyo yan ih🤣']"
"Daming OJT na nagpi-fieldtrip ngayon ah.....

Mga batan on.....Mao ni ilang ipambahug sa mga sundalo aron mabasol ang mga military sa ilang ginahimong operations....

Mga pawn in a game of chess.....","['Daming OJT na nagpi-fieldtrip ngayon ah.....', 'Mga batan on.....', 'Mao ni ilang ipambahug sa mga sundalo aron mabasol ang mga military sa ilang ginahimong operations....', 'Mga pawn in a game of chess.....']"
"Buti na lng di ako sumama sa exposure ng LFS sa bundok , baka naging fertlizer na ako noon o naging kumander🤣","['Buti na lng di ako sumama sa exposure ng LFS sa bundok', 'baka naging fertlizer na ako noon o naging kumander🤣']"
"Scholar din ako nuon, pero depende nalang sa student kung saan o anong sinasamahang grupo. May choice naman bawat tao. I was once ask but didn't entertain them kasi alam ko na ang kalakaran 👍🏻 nasa student lang talaga wala sa school.","['Scholar din ako nuon', 'pero depende nalang sa student kung saan o anong sinasamahang grupo.', 'May choice naman bawat tao.', 'I was once ask but didn't entertain them kasi alam ko na ang kalakaran 👍🏻', 'nasa student lang talaga wala sa school.'"
Napulot lang siguro nila yung mga baril tapos sinubukan kung puputok. 🤣,['Napulot lang siguro nila yung mga baril tapos sinubukan kung puputok. 🤣']
Kumunista pa more,['Kumunista pa more']
"Kung gusto nyo ng safe na university, walang bully walang mga fraternity, dun po kayo sa New Era University.","['Kung gusto nyo ng safe na university', 'walang bully walang mga fraternity', 'dun po kayo sa New Era University.']"
Bakit kasi hindi pa iraid yang UP? Ilng taon ng NPA breeding ground yang University na yan,"['Bakit kasi hindi pa iraid yang UP?', 'Ilng taon ng NPA breeding ground yang University na yan']"
Researcher daw pero may dalang baril with vest at nakipag barilan pa sa AFP,['Researcher daw pero may dalang baril with vest at nakipag barilan pa sa AFP']
Ang totoo kasi is Ang University Student is Bright and inteligent yan merong mga Grupo sa loob na naka Minotor sa mga Students na may Potential Like This lady nag sisimula yan sa mga pag Recruit sa grupo na andoon sa loob nang University merong mga pag titipon yan and Hinihimok yan sila na makilahok na magiging main factor para mas mapadali yung pag sali nila syempre thier minds are Young and Easly too Fool kaya ang Ending Dating Honor Student na punta sa Armandong Pakikibaka kuno!! na sinasabing para daw Sa bayan!! 😢😢,"['Ang totoo kasi is Ang University Student is Bright and inteligent yan', 'merong mga Grupo sa loob na naka Minotor sa mga Students na may Potential Like This lady', 'nag sisimula yan sa mga pag Recruit sa grupo na andoon sa loob nang University', 'merong mga pag titipon yan and Hinihimok yan sila na makilahok na magiging main factor para mas mapadali yung pag sali nila', 'syempre thier minds are Young and Easly too Fool kaya ang Ending Dating Honor Student na punta sa Armandong Pakikibaka kuno!!', 'na sinasabing para daw Sa bayan!! 😢😢']"
"ayaw parin maniwala yung mga ibang kakampuke sa ganito. Noon pa man kalakaran na nila yan , andaming ng sumuko at nagpapatunay at ang daming nag-Early out sa mundo dahil sa walang kwenta nilang advocacy o pinaglalaban na sila dapat mamuno ng gobyerno.","['ayaw parin maniwala yung mga ibang kakampuke sa ganito.', 'Noon pa man kalakaran na nila yan', 'andaming ng sumuko at nagpapatunay at ang daming nag-Early out sa mundo dahil sa walang kwenta nilang advocacy o pinaglalaban na sila dapat mamuno ng gobyerno.']"
Bat nag immersion na may gubat,['Bat nag immersion na may gubat']
Its either CPP NPA or Govt Forces mamatay.. GOODS na ako sa mga CTG's nalang..,"['Its either CPP NPA or Govt Forces mamatay..', 'GOODS na ako sa mga CTG's nalang..']"
Balita ko kawawa ang mga babaeng NPA pinag pa ra-osan ng mga commander lalo na mga bata. Pinipilahan daw mga yan sabi ng commander kailangan daw nila gampanan yan para sa bayag I mean para sa bayan.,"['Balita ko kawawa ang mga babaeng NPA pinag pa ra-osan ng mga commander lalo na mga bata.', 'Pinipilahan daw mga yan sabi ng commander kailangan daw nila gampanan yan para sa bayag I mean para sa bayan.']"
"anak: tay, mag research lang kami
tatay: sige anak, ito ang baon mo
*makalipas ang ilang araw hindi pa nauwe*
tatay: bat ang tagal naman ng research ng anak ko, maka panood nga ng tv
reporter: 19 ang patay matapos ang bakbakan ng militar at npa
*anak ay umuweng corned beef*","['anak: tay', 'mag research lang kami', 'tatay: sige anak', 'ito ang baon mo', 'makalipas ang ilang araw hindi pa nauwe', 'tatay: bat ang tagal naman ng research ng anak ko', 'maka panood nga ng tv', 'reporter: 19 ang patay matapos ang bakbakan ng militar at npa', 'anak ay umuweng corned beef']"
NPA pa more....what if closed the the UP school,"['NPA pa more....', 'what if closed the the UP school']"
"Just dont go to UP. Too risky. Malalim na institution na activism duon. Liberal minds with extreme ideas, that are never wrong. Delikado. Iwas gulo.","['Just dont go to UP.', 'Too risky.', 'Malalim na institution na activism duon.', 'Liberal minds with extreme ideas', 'that are never wrong.', 'Delikado.', 'Iwas gulo.']"
Kala ko mga uneducated lang ang Nag NPA 🤧🤣,['Kala ko mga uneducated lang ang Nag NPA 🤧🤣']
Hindi na ako nagtataka! Madami pa ang susunod,"['Hindi na ako nagtataka!', 'Madami pa ang susunod']"
"Bakit tong mga to always center of attraction at pa victim, samantala ang mga namatay din na AFP walang mn lng tribute! E pareho lng nmn sila galing sa mga university at scholars!","['Bakit tong mga to always center of attraction at pa victim', 'samantala ang mga namatay din na AFP walang mn lng tribute!','E pareho lng nmn sila galing sa mga university at scholars!']"
Thank you PH military for clearing this rebels! Pa brainwash pa more!,"['Thank you PH military for clearing this rebels!', 'Pa brainwash pa more!']"
May kasalanan din kasi ung govt. harap harapan na ung mga lider ng npa ung iba nasa congresso di pa hinuli hays,"['May kasalanan din kasi ung govt.', 'harap harapan na ung mga lider ng npa ung iba nasa congresso di pa hinuli hays']"
Wala naman napapanagot at nakakasuhan kung bakit sila nasa bundok kaya tuloy tuloy nyo lang pagpapadala sa mga kabataan.,['Wala naman napapanagot at nakakasuhan kung bakit sila nasa bundok kaya tuloy tuloy nyo lang pagpapadala sa mga kabataan.']
"Tanda ko pa nung nasa pup ako, kung sino pa ung mga bakti noon na hardcore at mahilig mag recruit. Sila pa ngayon ung mga nasa corporate world. Nothing wrong with that now but can you see the irony?","['Tanda ko pa nung nasa pup ako', 'kung sino pa ung mga bakti noon na hardcore at mahilig mag recruit.', 'Sila pa ngayon ung mga nasa corporate world.', 'Nothing wrong with that now but can you see the irony?']"
Asking for change or reform does not mean joining the enemies of the state 😂 Everybody wants reform lalo na sa mga nangyayari ngayon but to join CPP-NPA?NO…,"['Asking for change or reform does not mean joining the enemies of the state 😂', 'Everybody wants reform lalo na sa mga nangyayari ngayon but to join CPP-NPA?NO…']"
"Masama na kung masama!! Pero tax payer rin ang nagbabayad sa mga scholarship sa UP! Kung ang pagiging scholarship nila ay magiging way para marecruit sila sa NPA activist, tanggalin na yang scholarship sa UP!","['Masama na kung masama!!', 'Pero tax payer rin ang nagbabayad sa mga scholarship sa UP!', 'Kung ang pagiging scholarship nila ay magiging way para marecruit sila sa NPA activist', 'tanggalin na yang scholarship sa UP!']"
"The so-called NPA leader/s was not present during the operation bc he/they sold them out. 

19 deaths. No combat experience. Na-corner sa fish pond; all tells the same story. Smartphone era, giving up information for reward and possible immunity is as easy as breathing air. 

You may look at him as a leader but when shit hits the fan, true colors will emerge. Hard pill to swallow specially for those cold corpses but that's all facts.","['The so-called NPA leader/s was not present during the operation bc he/they sold them out.', '19 deaths.', 'No combat experience.', 'Na-corner sa fish pond; all tells the same story.', 'Smartphone era', 'giving up information for reward and possible immunity is as easy as breathing air.', 'You may look at him as a leader but when shit hits the fan', 'true colors will emerge.', 'Hard pill to swallow specially for those cold corpses but that's all facts.']"
"Fact… kahit saang university, students will always be in danger… in danger of rebels, in danger of fraternities, in danger of cults and false religion, in danger of criminals, robbers, thieves, sexual predators… and so kung yan ang line of thinking nyo… wag nyo na pag aralin mga anak nyo. This is a dangerous world, thats a fact… and has nothing to do with sending your children in the universities. So stop spreading this unnecessary about students getting brainwashed when you send them to college. Palakihin nyo ng tama anak nyo… and release them.","['Fact… kahit saang university', 'students will always be in danger…', 'in danger of rebels', 'in danger of fraternities', 'in danger of cults and false religion', 'in danger of criminals', 'robbers', 'thieves', 'sexual predators…', 'and so kung yan ang line of thinking nyo… wag nyo na pag aralin mga anak nyo.', 'This is a dangerous world', 'thats a fact… and has nothing to do with sending your children in the universities.', 'So stop spreading this unnecessary about students getting brainwashed when you send them to college.', 'Palakihin nyo ng tama anak nyo… and release them.']"
sinong professor ang nagdeploy sa bata magresearch sa lugar na yun... Kapag mga research na ganyan dapat may coordinator ang university to monitor the status of research and students .. dapat may managot sa loob ng UP,"['sinong professor ang nagdeploy sa bata magresearch sa lugar na yun...', 'Kapag mga research na ganyan dapat may coordinator ang university to monitor the status of research and students ..', 'dapat may managot sa loob ng UP']"
"✖️ALANO
✔️ALANA

Alana corned beef na!","['✖️ALANO', '✔️ALANA', 'Alana corned beef na!']"
"She is NOT inside the campus university. The area is a well known ""rebel"" area. Why would she choose to live in that place and conduct so called research. Doing community research requires coordination and approval with brgy and local gov, if they knew, they wouldnt approve any civilians  doing any study in an area known to have NPAs... all the more a student. 

All your excuses are dumb, lame, and crazy so you can protect the ""recruitment"" process and have someone to blame. Tigilan nio na kabobohan nio 💩. Imagine all the news reports of a student death, and pinagtatawanan lang kayong lahat.","['She is NOT inside the campus university.', 'The area is a well known ""rebel"" area.', 'Why would she choose to live in that place and conduct so called research.', 'Doing community research requires coordination and approval with brgy and local gov', 'if they knew', 'they wouldnt approve any civilians doing any study in an area known to have NPAs...', 'all the more a student.', 'All your excuses are dumb', 'lame', 'and crazy so you can protect the ""recruitment"" process and have someone to blame.', 'Tigilan nio na kabobohan nio 💩.', 'Imagine all the news reports of a student death', 'and pinagtatawanan lang kayong lahat.']"
kampi pa sa Npa matatalino sa acads pero hindi nag iisip ng ayos haha,['kampi pa sa Npa matatalino sa acads pero hindi nag iisip ng ayos haha']
isipin mo nag aral ka sa isa sa pinaka mataas na unibersidad sa bansa tapos naging NPA ka bigla 🤣🤣🤣,['isipin mo nag aral ka sa isa sa pinaka mataas na unibersidad sa bansa tapos naging NPA ka bigla 🤣🤣🤣']
NPA pa more,['NPA pa more']
Pauto pa more,['Pauto pa more']
Colored hair tapos Pula pa ahahah,['Colored hair tapos Pula pa ahahah']
"Gawin ba namang frontliner mga aktibista nila, tapos 'yung mga tenured na well-trained, tumakas sa engkwentro.

They died for nothing. After months, limot na sila at mga pointless nilang pinaglalaban. Pero 'yung parents nila lifetime pain ang dadanasin. Habang walang pake ang mga NPA Groups sa mga dalamhati ng mga namatay.

Malaki pera dyan. Kung may ambisyon kang political o business, sali ka dyan. Pero kung sumali ka dyan dahil sa totoong pakikibaka, sinasayang mo ang talino mo. Matalino ka pero t@ng@.

Sana bayad na lang kayo, kasi nakakatawang t@ng@ kayo for free. You died for nothing.","['Gawin ba namang frontliner mga aktibista nila', 'tapos 'yung mga tenured na well-trained', 'tumakas sa engkwentro.', 'They died for nothing.', 'After months', 'limot na sila at mga pointless nilang pinaglalaban.', 'Pero 'yung parents nila lifetime pain ang dadanasin.', 'Habang walang pake ang mga NPA Groups sa mga dalamhati ng mga namatay.', 'Malaki pera dyan.', 'Kung may ambisyon kang political o business', 'sali ka dyan.', 'Pero kung sumali ka dyan dahil sa totoong pakikibaka', 'sinasayang mo ang talino mo.', 'Matalino ka pero t@ng@.', 'Sana bayad na lang kayo', 'kasi nakakatawang t@ng@ kayo for free.', 'You died for nothing.']"
di ba may Alyssa Alano na starlet,['di ba may Alyssa Alano na starlet']
Mainit init pa,['Mainit init pa']
-1 enter pa,['-1 enter pa']
Mainam pa kung sa Casting Couch siya sumikat. Sayang umanib sa komunista,"['Mainam pa kung sa Casting Couch siya sumikat.', 'Sayang umanib sa komunista']"
"Kinakain na sya ng uod ngayun. 😛😛 
Lahat ng Sosyalismo, imperialismo, Colonyalismo, Kapitalismo, lahat na ng Lismo, ay hindi nya na problema. 
Sarrapp diba? 
😋😋👌🏼","['Kinakain na sya ng uod ngayun.😛😛',
Lahat ng Sosyalismo', 'imperialismo', 'Colonyalismo', 'Kapitalismo', 'lahat na ng Lismo', 'ay hindi nya na problema. 
Sarrapp diba? '.'😋😋👌🏼']"
parang nakita ko na yan sa PinayFlix ahh,['parang nakita ko na yan sa PinayFlix ahh']
"Nabira nmn daw ng kumander eh,,ok na un😂😂😂","['Nabira nmn daw ng kumander eh', 'ok na un😂😂😂']"
"Tangina mo ikaw next, magtago ka na sa kung saan ka man nagtatago, babalik sa 'yo 'yang pinagsasabi mo gago","['Tangina mo ikaw next', 'magtago ka na sa kung saan ka man nagtatago', 'babalik sa \'yo \'yang pinagsasabi mo gago']"
The communist playbook 101. Stage 1 palang obvious na kung saan talaga ang problema.,"['The communist playbook 101.', 'Stage 1 palang obvious na kung saan talaga ang problema.']"
"Mao ni sila ang 50 years ng rebelde. Then pagkaPRESIDENT ni CORY, 30+ years ng MARCUS MAGNANAKAW. Unsa na sila ron sa panahon ni MARCUS JR.? Nahimo ng kauban ni MARCUS og beneficiaries pa sa MALETA. 30+ years na garbo, GIPALIT RA DIAY OG MALETA. NAWALA ANG RALLY OG ""PATALSIKIN"" na drama.","['Mao ni sila ang 50 years ng rebelde.', 'Then pagkaPRESIDENT ni CORY', '30+ years ng MARCUS MAGNANAKAW.', 'Unsa na sila ron sa panahon ni MARCUS JR.?', 'Nahimo ng kauban ni MARCUS og beneficiaries pa sa MALETA.', '30+ years na garbo', 'GIPALIT RA DIAY OG MALETA.', 'NAWALA ANG RALLY OG ""PATALSIKIN"" na drama.']"
Nagpapasalamat pa nga si kumander. :D,['Nagpapasalamat pa nga si kumander. :D']
"was caught and killed in encounter. Ayaw limbongi imo self ana na fact. 

GOD BLESS","['was caught and killed in encounter.', 'Ayaw limbongi imo self ana na fact.', 'GOD BLESS']"
"gagi kumpara mo ang problema ng insurrection sa korapsyon na pinag-uusapan ngayon sa mga balita. Parehas ba?? Yun mga very isolated na issue ng rebelde sa mga remote area pinagka oobsessan ninyo LOL. Matagal nang na reduce to insignificant levels ang mga rebelde, di tulad ng sa mga nakaraang taon. Pinauso lang ulit ang fear mongering about NPA sa mga kampon ni Dutae, na on the record din dati na sumuporta sa NPA. LOL kayo naman marami sa inyong mga conservative kuno di naman makapag distinguish kung anong paniniwala ang nakakatulong at ano ang hindi. Marami kasi dito sa mga tutok na tutok sa mga aktibista kuno, sumusuporta sa mga kabulastugan ng kampo ni dutae. Lol wag ako. I'm almost 50. I know what this country has gone through. I know all the players and all the narratives.","['gagi kumpara mo ang problema ng insurrection sa korapsyon na pinag-uusapan ngayon sa mga balita.', 'Parehas ba??', 'Yun mga very isolated na issue ng rebelde sa mga remote area pinagka oobsessan ninyo LOL.', 'Matagal nang na reduce to insignificant levels ang mga rebelde', 'di tulad ng sa mga nakaraang taon.', 'Pinauso lang ulit ang fear mongering about NPA sa mga kampon ni Dutae', 'na on the record din dati na sumuporta sa NPA.', 'Lol kayo naman marami sa inyong mga conservative kuno di naman makapag distinguish kung anong paniniwala ang nakakatulong at ano ang hindi.', 'Marami kasi dito sa mga tutok na tutok sa mga aktibista kuno', 'sumusuporta sa mga kabulastugan ng kampo ni dutae.', 'Lol wag ako.', 'I\'m almost 50.', 'I know what this country has gone through.', 'I know all the players and all the narratives.']"
"ooh I strucked a nerve. I'm actually dealing with cpla members in my private property. It's a a good thing you're already 50 we don't have to waste more time listening to your yaps you dumb boomer lmao You accuse anyone of being a dds supporter while I literally support Leni. It's crazy that anyone who disagrees with you is a dds supporter 😂 ""lol wag ako"" sino ka ba? Do you pay taxes like I do here, you're in Brazil. You don't have a say here anymore. ""Matagal nang na reduce"" yeah but they're still recruiting in universities of all places. That's crazy. Isn't that crazy? I think that's crazy.","['ooh I strucked a nerve.', 'I\'m actually dealing with cpla members in my private property.', 'It\'s a a good thing you\'re already 50 we don\'t have to waste more time listening to your yaps you dumb boomer lmao', 'You accuse anyone of being a dds supporter while I literally support Leni.', 'It\'s crazy that anyone who disagrees with you is a dds supporter \ud81a\udd12', '""lol wag ako"" sino ka ba?', 'Do you pay taxes like I do here', 'you\'re in Brazil.', 'You don\'t have a say here anymore.', '""Matagal nang na reduce"" yeah but they\'re still recruiting in universities of all places.', 'That\'s crazy.', 'Isn\'t that crazy?', 'I think that\'s crazy.']"
"grow some balls oy bakla kang soyboy ka. Struck a nerve? lol nakakatuwa lang kayo pakinggan kayong mga malalambot na feeling alam lahat. Tingnan mo kabobohan mo nag conclude ka kaagad na nasa Brazil ako. Naniniwala ka rin siguro sa mga naglalagay ng ""works at Krusty Krabs"". Galit ka sa mga boomer na laging sinusupalpal mga pinagsasabi mo.","['grow some balls oy bakla kang soyboy ka.', 'Struck a nerve?', 'lol nakakatuwa lang kayo pakinggan kayong mga malalambot na feeling alam lahat.', 'Tingnan mo kabobohan mo nag conclude ka kaagad na nasa Brazil ako.', 'Naniniwala ka rin siguro sa mga naglalagay ng ""works at Krusty Krabs"".', 'Galit ka sa mga boomer na laging sinusupalpal mga pinagsasabi mo.']"
"they could qualify sana for the affordable housing, baka may way if wala silang pag-ibig contributions. pero mas napupunta kasi doon sa may balak pang gawing rental/airbnb","['they could qualify sana for the affordable housing, baka may way if wala silang pag-ibig contributions. pero mas napupunta', 'kasi doon sa may balak pang gawing rental/airbnb']"
The fact na merong purok leader means aware ang LGU na meron mga nakatira dyan at hinayaan lang nila. ano na Yorme? Puro lang pala salita lol,"['The fact na merong purok leader means aware ang LGU na meron mga nakatira dyan at hinayaan lang nila. ano na Yorme?', 'Puro lang pala salita lol']"
grabe yung jumper na tubig at kuryente if ever loss ng companies na ichacharge sa actual na users,['grabe yung jumper na tubig at kuryente if ever loss ng companies na ichacharge sa actual na users']
"ito yong causes niya kaya nagkaganyan include weak structural designs, the use of low-quality materials, poor construction practices, and unstable foundations.","['ito yong causes niya', 'kaya nagkaganyan include weak structural designs, the use of low-quality materials, poor construction practices, and unstable foundations.']"
so paano nagkaroon ng permit yan??????,['so paano nagkaroon ng permit yan??????']
Damn bumabawi si Senator Erwin! Im all for him now.,"['Damn bumabawi si Senator Erwin!', 'Im all for him now.']"
Both side have their own AGENDA. Wala na makakapagpabangon ng image ng senate.,"['Both side have their own AGENDA.', 'Wala na makakapagpabangon ng image ng senate.']"
"well Cayetano wants bato to attend pero online! LIKE WHAT??? And Cayetano added pa na mag botohan raw kung sino ang agree!! That's why Risa, Bam, Lito, Win and other senators walked out.","['well Cayetano wants bato to attend', 'pero online!', 'LIKE WHAT???', 'And Cayetano added pa na mag botohan raw kung sino ang agree!!', 'That's why Risa, Bam, Lito, Win and other senators walked out.']"
Sa dami ng nangyayari nakakalimutan na ata yung issue about flood control,['Sa dami ng nangyayari nakakalimutan na ata yung issue about flood control']
Tama ba pagkakaintindi ko kay Cayetano? Need bumoto and AFTER na lang ang discussion? Anong klaseng process yan?,"['Tama ba pagkakaintindi ko kay Cayetano?', 'Need bumoto and AFTER na lang ang discussion?', 'Anong klaseng process yan?']"
shame to the government nakakahiya ang pagka lusak ng pinas🥺,['shame to the government nakakahiya ang pagka lusak ng pinas🥺']
VP Sarah salute po we love you po... strong always,['VP Sarah salute po we love you po... strong always']
"yung galawang sarah very well ang action ah, she wants to know who is the true villain, and ngayon palang nalama","['yung galawang sarah very well ang action ah, she wants to know who is the true villain, and ngayon palang nalama']"
checkmate kung cno ang kalaban. yari kyo sa 2028 lampaso is coming,['checkmate kung cno ang kalaban. yari kyo sa 2028 lampaso is coming']
how about sa Phil health na billion2x ang nawala,['how about sa Phil health na billion2x ang nawala']
wala ata budget for housing ang goverment kahit saan ka tumingin,['wala ata budget for housing ang goverment kahit saan ka tumingin']
Bagong Pilipinas with PBBM ang pag-asa namin💚❤️,['Bagong Pilipinas with PBBM ang pag-asa namin💚❤️']
Being softhearted is not easy I'm been crying for 24hours and I can't forget it in my mind durog na durog ang puso ko,['Being softhearted is not easy I'm been crying for 24hours and I can't forget it in my mind durog na durog ang puso ko']
mainit and masikip pala eh bakit nanjan pa kayo? both my parents were OFW pero we grew up comfortable at may maayos na bahay,"['mainit and masikip pala eh bakit nanjan pa kayo? both my parents were OFW', 'pero we grew up comfortable at may maayos na bahay']"
"so, sino po ang mga liable sa nangyari? at anu-ano po pananagutan nila?","['so, sino po ang mga liable sa nangyari? at anu-ano po pananagutan nila?']"
"for sure itutuon nanamn to sa politika, wag guys wlang kinalaman politika dto","['for sure itutuon nanamn to sa politika, wag guys wlang kinalaman politika dto']"
pano nagkatao jan bukod sa mga construction workers and nagtitinda malapit sa site?,['pano nagkatao jan bukod sa mga construction workers and nagtitinda malapit sa site?']
mama ko asa pampanga di narin nag paparamdam samin i hope she's safe,['mama ko asa pampanga di narin nag paparamdam samin i hope she's safe']
where the lie sa sinabi ni sen. tulfo tho?,['where the lie sa sinabi ni sen. tulfo tho?']
"why not, work from home is a thing now di po ba! kahit lahat kayo mag session sa zoom.","['why not, work from home is a thing now di po ba! kahit lahat kayo mag session sa zoom.']"
this is separate ang nabubulok sa d nabubulok. see on next election 2025/2028,['this is separate ang nabubulok sa d nabubulok. see on next election 2025/2028']
"Wise move Madam Sarah, wala palakang komokokak, this is the Silent Code, continue the Confidential Moves even without Funding","['Wise move Madam Sarah, wala palakang komokokak, this is the Silent Code, continue the Confidential Moves even without Funding']"
asan na yung mga nagtatanong about sa flood control??,['asan na yung mga nagtatanong about sa flood control??']
"how about sa confi ng Philhealth, saan napunta ang pera?","['how about sa confi ng Philhealth, saan napunta ang pera?']"
"Please protect the child, ang sakit ng puso ko😭","['Please protect the child, ang sakit ng puso ko😭']"
"daming oldies sa comsec not to defend him pero di naman yan walang nasagot, he used non-verbal communication via a facial gesture. Tinuro po yan sa high school","['daming oldies sa comsec not to defend him', 'pero di naman yan walang nasagot, he used non-verbal communication via a facial gesture.', 'Tinuro po yan sa high school']"
napaka desente always kalma lng cya the best ka talaga aming PBBM,['napaka desente always kalma lng cya the best ka talaga aming PBBM']
Fun Fact: pwede niyo na irepost kapag ni-long press ang like.,['Fun Fact: pwede niyo na irepost kapag ni-long press ang like.']
"so mga pundo naman congresman ang pag usapan, at saan napunta?","['so mga pundo naman congresman ang pag usapan, at saan napunta?']"
Question kung alam kaya ng DEPED ang ginagawa ng Red Cross na mag aask sa mga school for registration daw,"['Question kung alam', 'kaya ng DEPED ang ginagawa ng Red Cross na mag aask sa mga school for registration daw']"
asan si Isko? hindi ba siya dapat mag explain nito?,['asan si Isko? hindi ba siya dapat mag explain nito?']
"grabe talaga ang graft and corruption sa gobyerno natin, never ending story na ito","['grabe talaga ang graft and corruption sa gobyerno natin, never ending story na ito']"
"ang dami nang nagsasabi nito pero walang nangyayari, classic Philippines😂😂😂","['ang dami nang nagsasabi nito', 'pero walang nangyayari, classic Philippines😂😂😂']"
"nakakalungkot naman, these people deserve better housing not just promises","['nakakalungkot naman, these people deserve better housing not just promises']"
"I think the government should prioritize this, maraming pamilya ang apektado","['I think the government should prioritize this, maraming pamilya ang apektado']"
"hindi ko maintindihan bakit ganito pa rin tayo, so many years na","['hindi ko maintindihan bakit ganito pa rin tayo, so many years na']"
"sana maaayos na ito ng bagong administrasyon, fingers crossed","['sana maaayos na ito ng bagong administrasyon, fingers crossed']"
"grabe yung living conditions, parang third world country pa rin tayo","['grabe yung living conditions, parang third world country pa rin tayo']"
"thank you sa nag share nito, dapat malaman ng lahat ang katotohanan","['thank you sa nag share nito, dapat malaman ng lahat ang katotohanan']"
"grabe yung sitwasyon ng informal settlers, the government should do something about it hindi lang puro news coverage","['grabe yung sitwasyon ng informal settlers, the government should do something about it hindi lang puro news coverage']"
"nakakaawa yung mga tao doon, they deserve proper housing hindi lang relocation na malayo sa trabaho nila","['nakakaawa yung mga tao doon, they deserve proper housing hindi lang relocation na malayo sa trabaho nila']"
"ito na naman, another infrastructure project tapos after a few years bumabagsak na. saan napupunta ang pondo?","['ito na naman, another infrastructure project', 'tapos after a few years bumabagsak na. saan napupunta ang pondo?']"
"hindi ko maintindihan bakit hindi pa naaayos ito, it's been years na. kailan pa?","['hindi ko maintindihan bakit hindi pa naaayos ito, it's been years na. kailan pa?']"
"ang laking problema ng housing sa Pinas, millions of Filipinos ang walang decent na tirahan","['ang laking problema ng housing sa Pinas, millions of Filipinos ang walang decent na tirahan']"
"this is not just about houses, ito ay tungkol sa dignidad ng mga Pilipino","['this is not just about houses, ito ay tungkol sa dignidad ng mga Pilipino']"
"need ng gobyerno ng long term plan for this, hindi lang band-aid solutions💙","['need ng gobyerno ng long term plan for this, hindi lang band-aid solutions💙']"
"grabe ang tagal ng process para sa socialized housing, by the time maaprubahan wala na yung nangangailangan","['grabe ang tagal ng process para sa socialized housing, by the time maaprubahan wala na yung nangangailangan']"
maraming pera sa gobyerno pero saan napupunta? hindi sa mga mahihirap,"['maraming pera sa gobyerno', 'pero saan napupunta? hindi sa mga mahihirap']"
"sana mabigyan sila ng permanent solution, not just temporary shelter na masisira rin","['sana mabigyan sila ng permanent solution, not just temporary shelter na masisira rin']"
ang ganda ng news pero sana ma-follow through. daming pangako na hindi natutuparan,"['ang ganda ng news', 'pero sana ma-follow through. daming pangako na hindi natutuparan']"
"hindi lang housing ang kailangan nila, need din ng livelihood programs para makatayo sa sariling paa","['hindi lang housing ang kailangan nila, need din ng livelihood programs para makatayo sa sariling paa']"
"grabe the scale of poverty in the Philippines, and yet meron pa ring mga nagnanakaw sa kaban ng bayan","['grabe the scale of poverty in the Philippines, and yet meron pa ring mga nagnanakaw sa kaban ng bayan']"
"dapat may accountability dito, sino ang may kasalanan at saan sila ngayon?","['dapat may accountability dito, sino ang may kasalanan at saan sila ngayon?']"
kahit maliit na tulong ay malaking bagay sa kanila. spread kindness guys❤️,['kahit maliit na tulong ay malaking bagay sa kanila. spread kindness guys❤️']
"ang gulo ng senate lately, parang teleserye na hindi matatapos. sino ba talaga ang tapat?","['ang gulo ng senate lately, parang teleserye na hindi matatapos. sino ba talaga ang tapat?']"
"I'm so tired of partisan politics, lahat na lang ginagawang pampulitika kahit simpleng batas","['I'm so tired of partisan politics, lahat na lang ginagawang pampulitika kahit simpleng batas']"
"grabe yung debate sa senate kanina, parang hindi sila adults na dapat nagdedesisyon para sa bansa","['grabe yung debate sa senate kanina, parang hindi sila adults na dapat nagdedesisyon para sa bansa']"
sino ba talaga ang may favor ng mga Pilipino dito? it seems like everyone has their own agenda,['sino ba talaga ang may favor ng mga Pilipino dito? it seems like everyone has their own agenda']
nakakatawa at nakakaiyak at the same time ang nangyayari sa senate natin,['nakakatawa at nakakaiyak at the same time ang nangyayari sa senate natin']
"dapat matahimik sila at gawin ang trabaho nila, maraming batas na hindi pa napapasa","['dapat matahimik sila at gawin ang trabaho nila, maraming batas na hindi pa napapasa']"
"I support the walkout, kailangan ng prinsipyo sa pulitika hindi lang political maneuvering","['I support the walkout, kailangan ng prinsipyo sa pulitika hindi lang political maneuvering']"
"ang laki ng sweldo nila pero ganito ang performance, taxpayers money wasted☹️","['ang laki ng sweldo nila', 'pero ganito ang performance, taxpayers money wasted☹️']"
"grabe ang lakas ng loob nila, as if wala silang accountability sa taumbayan","['grabe ang lakas ng loob nila, as if wala silang accountability sa taumbayan']"
"sana magising na ang mga botante, we deserve better leaders💙","['sana magising na ang mga botante, we deserve better leaders💙']"
kahit anong gawin nila sa senate wala ring mababago kung ganyan ang sistema,['kahit anong gawin nila sa senate wala ring mababago kung ganyan ang sistema']
"this is why young people are apathetic sa politics, walang kwenta ang mga nasa pwesto😡","['this is why young people are apathetic sa politics, walang kwenta ang mga nasa pwesto😡']"
hindi ko maisip na ganito pala ang nangyayari sa likod ng cameras sa senate,['hindi ko maisip na ganito pala ang nangyayari sa likod ng cameras sa senate']
need na ng term limits para mapalitan na ang mga matanda at lipas na sa panahon,['need na ng term limits para mapalitan na ang mga matanda at lipas na sa panahon']
grabe ang gall nila to fight over procedural issues when millions are suffering,['grabe ang gall nila to fight over procedural issues when millions are suffering']
"proud of VP Sara for standing her ground, hindi siya nagpapadala sa pressure","['proud of VP Sara for standing her ground, hindi siya nagpapadala sa pressure']"
I don't care what side you're on but the process should be fair lahat ng tao may karapatang magdepensa,['I don't care what side you're on but the process should be fair lahat ng tao may karapatang magdepensa']
"nakakainis yung mga paninira, let the truth come out through proper process","['nakakainis yung mga paninira, let the truth come out through proper process']"
"ang daming nagmamaalam pero wala namang concrete evidence, tsismis lang","['ang daming nagmamaalam', 'pero wala namang concrete evidence, tsismis lang']"
"whether you like her or not, due process is due process. hayaan na ang korte","['whether you like her or not, due process is due process. hayaan na ang korte']"
"grabe yung politikang ginagawa nila, ginagamit ang impeachment bilang political weapon","['grabe yung politikang ginagawa nila, ginagamit ang impeachment bilang political weapon']"
"I think both sides have valid points, pero dapat sa tamang forum ito mapagusapan hindi sa social media","['I think both sides have valid points, pero dapat sa tamang forum ito mapagusapan hindi sa social media']"
"ang daming nagcocomment na hindi naman nanonood ng actual proceedings, based lang sa memes","['ang daming nagcocomment na hindi naman nanonood ng actual proceedings, based lang sa memes']"
sana matapos na ito para makapag focus na ang gobyerno sa mga tunay na problema ng bansa,['sana matapos na ito para makapag focus na ang gobyerno sa mga tunay na problema ng bansa']
"kahit sino pa ang panalo o matalo dito, ang bayan pa rin ang talo sa katapusan","['kahit sino pa ang panalo o matalo dito, ang bayan pa rin ang talo sa katapusan']"
"taon-taon ganito sa Maynila, every rainy season baha na naman. kailan masosolusyunan?","['taon-taon ganito sa Maynila, every rainy season baha na naman. kailan masosolusyunan?']"
grabe ang binabayad nating buwis pero walang ayos na drainage system sa buong bansa,"['grabe ang binabayad nating buwis', 'pero walang ayos na drainage system sa buong bansa']"
"hindi lang baha ang problema, the response ng gobyerno sa calamities is consistently bad","['hindi lang baha ang problema, the response ng gobyerno sa calamities is consistently bad']"
"nakakaawa ang mga biktima ng baha, they lose everything in just a few hours","['nakakaawa ang mga biktima ng baha, they lose everything in just a few hours']"
"dapat may konkreto na action plan, hindi lang press conferences at photo ops","['dapat may konkreto na action plan, hindi lang press conferences at photo ops']"
"ito na naman, flooding in the same areas every year. parang wala namang natutunan","['ito na naman, flooding in the same areas every year. parang wala namang natutunan']"
"grabe ang climate change effect sa atin, mas madalas na ang extreme weather events","['grabe ang climate change effect sa atin, mas madalas na ang extreme weather events']"
"I donated to the relief operations, please help din kung kaya ninyo❤️❤️❤️","['I donated to the relief operations, please help din kung', 'kaya ninyo❤️❤️❤️]"
"ang sakit na panoorin ang mga bata na nasa tubig, sana may makatulong sa kanila","['ang sakit na panoorin ang mga bata na nasa tubig, sana may makatulong sa kanila']"
"hindi na mabibilang ang beses na nag flood dito, systemic problem na ito","['hindi na mabibilang ang beses na nag flood dito, systemic problem na ito']"
"grabe yung Philhealth scandal, billions missing and yet pag kailangan mo hindi pa rin sapat ang coverage","['grabe yung Philhealth scandal, billions missing and yet pag kailangan mo hindi pa rin sapat ang coverage']"
my relative got hospitalized and ang dami pa ring out of pocket expenses kahit may Philhealth,['my relative got hospitalized and ang dami pa ring out of pocket expenses kahit may Philhealth']
dapat i-audit ang lahat ng pondo ng Philhealth at ipakulong ang mga nagnanakaw,['dapat i-audit ang lahat ng pondo ng Philhealth at ipakulong ang mga nagnanakaw']
the irony is ang mga pinaka-nangangailangan ng healthcare ang pinaka hindi naseserbisyuhan,['the irony is ang mga pinaka-nangangailangan ng healthcare ang pinaka hindi naseserbisyuhan']
"grabe ang pila sa public hospitals, we need more doctors and nurses and better pay para hindi sila mag-abroad","['grabe ang pila sa public hospitals, we need more doctors and nurses and better pay para hindi sila mag-abroad']"
"I had a bad experience sa public hospital, sobrang understaffed. parang hindi priority ang health ng Pilipino","['I had a bad experience sa public hospital, sobrang understaffed. parang hindi priority ang health ng Pilipino']"
"dapat libre ang basic healthcare, hindi lang sa papel kundi sa aktwal na serbisyo","['dapat libre ang basic healthcare, hindi lang sa papel kundi sa aktwal na serbisyo']"
"ang daming Pinoy nurses abroad pero kulang sa nurses sa Pinas, ironic but understandable","['ang daming Pinoy nurses abroad', 'pero kulang sa nurses sa Pinas, ironic but understandable']"
"sana may free medicine program na totoo, hindi lang pamigay bago election","['sana may free medicine program na totoo, hindi lang pamigay bago election']"
"health is a right, not a privilege. gobyerno dapat kumilos na","['health is a right, not a privilege. gobyerno dapat kumilos na']"
"grabe yung reading comprehension problem sa mga bata, and the solution is pa more modules?","['grabe yung reading comprehension problem sa mga bata, and the solution is pa more modules?']"
"hindi sumasalamin sa realidad ang mga kurikulum, dapat mas practical ang tinuturo sa mga bata","['hindi sumasalamin sa realidad ang mga kurikulum, dapat mas practical ang tinuturo sa mga bata']"
"ang hirap ng parents ngayon, they have to supplement the education ng anak nila dahil kulang ang sa school","['ang hirap ng parents ngayon, they have to supplement the education ng anak nila dahil kulang ang sa school']"
"I appreciate the teachers pero they're overworked and underpaid, that's the real problem","['I appreciate the teachers', 'pero they're overworked and underpaid, that's the real problem']"
"maraming schools na kulang sa classrooms, kulang sa chairs, kulang sa books. where is the budget?","['maraming schools na kulang sa classrooms, kulang sa chairs, kulang sa books. where is the budget?']"
"dapat i-revamp ang entire education system, hindi lang mag-adjust ng curriculum","['dapat i-revamp ang entire education system, hindi lang mag-adjust ng curriculum']"
"grabe ang impact ng pandemic sa learning ng mga bata, years of setback","['grabe ang impact ng pandemic sa learning ng mga bata, years of setback']"
"sana mag-invest ng malaki ang gobyerno sa education, that is the real investment sa kinabukasan","['sana mag-invest ng malaki ang gobyerno sa education, that is the real investment sa kinabukasan']"
"ang daming out of school youth, we need programs para maabot sila","['ang daming out of school youth, we need programs para maabot sila']"
hindi fair na ang kalidad ng education ay nakadepende kung saan ka nakatira o kung may pera ang pamilya mo,['hindi fair na ang kalidad ng education ay nakadepende kung saan ka nakatira o kung may pera ang pamilya mo']
I'm giving this administration a chance pero sana hindi lang salita ang programa,"['I'm giving this administration a chance', 'pero sana hindi lang salita ang programa']"
"grabe ang rice prices ngayon, what happened to the promise of affordable rice?🙄","['grabe ang rice prices ngayon, what happened to the promise of affordable rice?🙄']"
"hindi ko masabi na okay o hindi ang performance ng admin, pero marami pa dapat gawin","['hindi ko masabi na okay o hindi ang performance ng admin, pero marami pa dapat gawin']"
"yung mga defenders ay kulang sa kritisismo, blind support is not patriotism","['yung mga defenders ay kulang sa kritisismo, blind support is not patriotism']"
I voted for change and I hope the change is real hindi lang branding,['I voted for change and I hope the change is real hindi lang branding']
"ang daming nagrereklamo pero wala namang alternative na inaalok, easy to criticize hard to govern","['ang daming nagrereklamo', 'pero wala namang alternative na inaalok, easy to criticize hard to govern']"
sana mabigyan ng pagkakataon ang bagong administrasyon bago husgahan,['sana mabigyan ng pagkakataon ang bagong administrasyon bago husgahan']
"the economy is struggling and we need real solutions, not just press releases","['the economy is struggling and we need real solutions, not just press releases']"
"grabe ang utang ng bansa, we need fiscal responsibility not more borrowing","['grabe ang utang ng bansa, we need fiscal responsibility not more borrowing']"
"I hope the promises during campaign are not just promises, the people are watching","['I hope the promises during campaign are not just promises, the people are watching']"
"grabe ang traffic sa EDSA, it never gets better kahit anong proyekto ang ginagawa","['grabe ang traffic sa EDSA, it never gets better kahit anong proyekto ang ginagawa']"
"I spend 3 hours commuting every day, this is not a quality of life","['I spend 3 hours commuting every day, this is not a quality of life']"
"bakit ang tagal ng MRT repair, years na since sinabi nilang aayusin","['bakit ang tagal ng MRT repair, years na since sinabi nilang aayusin']"
ang jeepney modernization is a good idea in theory pero yung implementation ay palpak,"['ang jeepney modernization is a good idea in theory', 'pero yung implementation ay palpak']"
"hindi maayos ang public transportation so lahat ng may pera bumibili ng kotse, mas lalo pang nag-traffic","['hindi maayos ang public transportation so lahat ng may pera bumibili ng kotse, mas lalo pang nag-traffic']"
ang daming infra projects pero bakit hindi pa rin nararamdaman ng commuters ang improvement,"['ang daming infra projects', 'pero bakit hindi pa rin nararamdaman ng commuters ang improvement']"
"grabe ang buhay ng mga driver, kumikita lang sila ng konti pero ang daming bayarin","['grabe ang buhay ng mga driver, kumikita lang sila ng konti', 'pero ang daming bayarin']"
"sana may dedicated bike lane sa lahat ng major roads, mas sustainable at hindi matrapiko","['sana may dedicated bike lane sa lahat ng major roads, mas sustainable at hindi matrapiko']"
"I tried the new train line and it's actually okay, sana palawakin pa","['I tried the new train line and it's actually okay, sana palawakin pa']"
ang gobyerno should invest in mass transport not in roads na para lang sa kotse,['ang gobyerno should invest in mass transport not in roads na para lang sa kotse']
"grabe ang sakripisyo ng mga OFW, they leave their families para lang may magawa para sa kanila","['grabe ang sakripisyo ng mga OFW, they leave their families para lang may magawa para sa kanila']"
"I'm an OFW and I miss home every single day, pero walang choice kasi wala dito","['I'm an OFW and I miss home every single day, pero walang choice', 'kasi wala dito']"
"ang problema ay kapag nauwi ang OFW, walang maayos na livelihood na naghihintay sa kanila dito","['ang problema ay kapag nauwi ang OFW, walang maayos na livelihood na naghihintay sa kanila dito']"
"dapat protektahan ng gobyerno ang mga OFW, hindi lang bilang remittance machines","['dapat protektahan ng gobyerno ang mga OFW, hindi lang bilang remittance machines']"
nakakainis na ang sektor na nagpapatakbo ng ekonomiya ay hindi enough ang support ng gobyerno,['nakakainis na ang sektor na nagpapatakbo ng ekonomiya ay hindi enough ang support ng gobyerno']
"yung mga abuso sa abroad ay nakakaiyak, sana mas malakas ang proteksyon ng POEA","['yung mga abuso sa abroad ay nakakaiyak, sana mas malakas ang proteksyon ng POEA']"
grabe ang baon ng utang ng mga nagpunta abroad para makarating lang doon,['grabe ang baon ng utang ng mga nagpunta abroad para makarating lang doon']
I admire the resilience ng mga OFW pero sana hindi na kailangan pa nilang mag-OFW,"['I admire the resilience ng mga OFW', 'pero sana hindi na kailangan pa nilang mag-OFW']"
"ang pangarap lang namin ay mapabuti ang buhay ng pamilya, simple lang pero ang hirap abutin","['ang pangarap lang namin ay mapabuti ang buhay ng pamilya, simple lang', 'pero ang hirap abutin']"
sana dumating ang araw na hindi na kailangan mag-abroad para may magandang kinabukasan,['sana dumating ang araw na hindi na kailangan mag-abroad para may magandang kinabukasan']
"grabe ang viral video na yon, nakakaiyak talaga. hope the family gets the help they need","['grabe ang viral video na yon, nakakaiyak talaga. hope the family gets the help they need']"
"yung trending ngayon sa twitter is actually important, hindi lang showbiz chika","['yung trending ngayon sa twitter is actually important, hindi lang showbiz chika']"
"ang dami nang nagsasabi ng fake news, please verify bago i-share🙂","['ang dami nang nagsasabi ng fake news, please verify bago i-share🙂']"
nakakatawa yung meme but if you think about it deep ang message,['nakakatawa yung meme but if you think about it deep ang message']
"I saw this on tiktok and I had to share, this is the kind of content na kailangan natin","['I saw this on tiktok and I had to share, this is the kind of content na kailangan natin']"
"grabe ang hate comments sa post na yon, cyberbullying is real and it hurts people😔😔","['grabe ang hate comments sa post na yon, cyberbullying is real and it hurts people😔😔']"
"sana ma-educate ang mga Pilipino sa media literacy, marami pa ring nabibiktima ng disinformation","['sana ma-educate ang mga Pilipino sa media literacy, marami pa ring nabibiktima ng disinformation']"
"ang power ng social media to mobilize people is amazing, look at what happened","['ang power ng social media to mobilize people is amazing, look at what happened']"
"hindi natin dapat gawing platform ng hate ang social media, it should connect us not divide","['hindi natin dapat gawing platform ng hate ang social media, it should connect us not divide']"
"yung influencer na yon is problematic, pero ang daming sumusuporta pa rin. baffling","['yung influencer na yon is problematic, pero ang daming sumusuporta pa rin. baffling']"
"grabe si Carlos Yulo, pride of the Philippines talaga. what an athlete","['grabe si Carlos Yulo, pride of the Philippines talaga. what an athlete']"
sana suportahan ng gobyerno ang mga atleta natin hindi lang kapag may medal na,['sana suportahan ng gobyerno ang mga atleta natin hindi lang kapag may medal na']
"ang sarap panoorin ng Gilas, they're getting better every tournament","['ang sarap panoorin ng Gilas, they're getting better every tournament']"
I'm not really into sports pero pag Pilipino ang naglalaro automatic supporter,"['I'm not really into sports', 'pero pag Pilipino ang naglalaro automatic supporter']"
"grabe ang performance nila, they left everything on the court. proud ng Pilipinas","['grabe ang performance nila, they left everything on the court. proud ng Pilipinas']"
"sana mapabuti pa ng programa ng sports sa schools, maraming talented kids na walang support","['sana mapabuti pa ng programa ng sports sa schools, maraming talented kids na walang support']"
"grabe ang discrimination sa sports ay real, sana mawala na ito","['grabe ang discrimination sa sports ay real, sana mawala na ito']"
"nanonood ako kahit mahirap yung game, this is what entertainment should feel like","['nanonood ako kahit mahirap yung game, this is what entertainment should feel like']"
"sana ma-qualify tayo sa World Cup, one day mangyayari yan","['sana ma-qualify tayo sa World Cup, one day mangyayari yan']"
"yung bagong pelikula ay masarap panoorin, go support local films guys","['yung bagong pelikula ay masarap panoorin, go support local films guys']"
"grabe ang talent ng mga bagong artists ngayon, the industry is in good hands","['grabe ang talent ng mga bagong artists ngayon, the industry is in good hands']"
"I stopped watching that show because the storyline is too toxic, hindi healthy","['I stopped watching that show because the storyline is too toxic, hindi healthy']"
"nakakainis yung cancel culture, sometimes people deserve second chances","['nakakainis yung cancel culture, sometimes people deserve second chances']"
"ang daming Pinoy content creators abroad na kinikilala internationally, proud","['ang daming Pinoy content creators abroad na kinikilala internationally, proud']"
"grabe ang hype sa concert, nagka-sold out agad. sana accessible ang tickets para sa lahat","['grabe ang hype sa concert, nagka-sold out agad. sana accessible ang tickets para sa lahat']"
"yung celebrity feud ay overblown ng media, there are more important issues","['yung celebrity feud ay overblown ng media, there are more important issues']"
I appreciate na may Pinoy films na internationally recognized na ngayon,['I appreciate na may Pinoy films na internationally recognized na ngayon']
"grabe ang banat ng netizens, everyone is a critic on social media","['grabe ang banat ng netizens, everyone is a critic on social media']"
sana mag-invest ang mga producers sa quality content hindi lang teleserye formula,['sana mag-invest ang mga producers sa quality content hindi lang teleserye formula']
"grabe ang init ngayon, climate change is no longer a future problem it's now","['grabe ang init ngayon, climate change is no longer a future problem it's now']"
"nakakaiyak ang mga coral reefs na nasisira, we're destroying our own food source😭😭","['nakakaiyak ang mga coral reefs na nasisira, we're destroying our own food source😭😭']"
I started segregating waste at home and I encourage others to do the same,['I started segregating waste at home and I encourage others to do the same']
"ang single-use plastics should be banned na, magastos sa planet at sa atin","['ang single-use plastics should be banned na, magastos sa planet at sa atin']"
"grabe ang air pollution sa Metro Manila, need na ng stricter enforcement","['grabe ang air pollution sa Metro Manila, need na ng stricter enforcement']"
yung mining operations na yon is destroying the environment for profit ng iilan,['yung mining operations na yon is destroying the environment for profit ng iilan']
"dapat mas maraming tree planting programs, and actually monitor kung nabubuhay ang mga puno","['dapat mas maraming tree planting programs, and actually monitor kung nabubuhay ang mga puno']"
"nakakalungkot ang nangyayari sa Palawan, one of the most beautiful places in the world","['nakakalungkot ang nangyayari sa Palawan, one of the most beautiful places in the world']"
"I went to the beach and nakita ko ang daming basura, ang sakit sa puso","['I went to the beach and nakita ko ang daming basura, ang sakit sa puso']"
"sana mag-invest ang Pinas sa renewable energy, we have so much sun and wind","['sana mag-invest ang Pinas sa renewable energy, we have so much sun and wind']"
"grabe ang unemployment rate, graduates na walang makitang trabaho kahit may degree","['grabe ang unemployment rate, graduates na walang makitang trabaho kahit may degree']"
the cost of living is increasing pero ang salary ay hindi naman kasabay,"['the cost of living is increasing', 'pero ang salary ay hindi naman kasabay']"
I'm grateful I have a job pero I know so many na nag-struggle to find one,"['I'm grateful I have a job', 'pero I know so many na nag-struggle to find one']"
dapat mag-prioritize ng local industries ang gobyerno para may trabaho dito,['dapat mag-prioritize ng local industries ang gobyerno para may trabaho dito']
"grabe ang brain drain, the best and brightest are leaving and we can't blame them","['grabe ang brain drain, the best and brightest are leaving and we can't blame them']"
"sana may strong manufacturing sector tayo, hindi lang BPO ang industriya🤧","['sana may strong manufacturing sector tayo, hindi lang BPO ang industriya🤧']"
"ang negosyante sa Pinas ay burdened ng maraming taxes at requirements, kaya maraming lulugi","['ang negosyante sa Pinas ay burdened ng maraming taxes at requirements, kaya maraming lulugi']"
"grabe ang inflation, the peso is worth less and less every year","['grabe ang inflation, the peso is worth less and less every year']"
"I support small businesses, please buy local and stop buying from big corporations na walang puso","['I support small businesses, please buy local and stop buying from big corporations na walang puso']"
"ang economic policy natin needs serious reform, hindi lang tinkering sa edges","['ang economic policy natin needs serious reform, hindi lang tinkering sa edges']"
"grabe ang pressure sa mga estudyante ngayon, mental health is being ignored","['grabe ang pressure sa mga estudyante ngayon, mental health is being ignored']"
I'm a student and I struggle every day pero nobody talks about it openly,"['I'm a student and I struggle every day', 'pero nobody talks about it openly']"
"ang mental health support sa schools is almost nonexistent, we need to do better","['ang mental health support sa schools is almost nonexistent, we need to do better']"
"yung youth these days are more aware and more engaged, na-inspire ako sa kanila","['yung youth these days are more aware and more engaged, na-inspire ako sa kanila']"
I dream of a Philippines where young people don't have to leave to have a good life,['I dream of a Philippines where young people don't have to leave to have a good life']
"ang kabataan ang pag-asa ng bayan, pero kailangan nating i-support sila not just say it","['ang kabataan ang pag-asa ng bayan, pero kailangan nating i-support sila not just say it']"
"grabe ang peer pressure na nararamdaman ng mga kabataan, social media amplifies it","['grabe ang peer pressure na nararamdaman ng mga kabataan, social media amplifies it']"
"sana makilala ng mga bata ang tunay na kasaysayan ng Pilipinas, not just the sanitized version","['sana makilala ng mga bata ang tunay na kasaysayan ng Pilipinas, not just the sanitized version']"
"I'm proud of the activists and the students who speak up, they give me hope","['I'm proud of the activists and the students who speak up, they give me hope']"
"grabe ang insecurity sa ilang parts ng Pinas, hindi ba dapat safe ang bawat Pilipino","['grabe ang insecurity sa ilang parts ng Pinas, hindi ba dapat safe ang bawat Pilipino']"
"nakakainis ang impunity, parang walang accountability ang mga may kapangyarihan","['nakakainis ang impunity, parang walang accountability ang mga may kapangyarihan']"
I'm scared to go out at night and that's not how it should be,['I'm scared to go out at night and that's not how it should be']
ang war on drugs failed pero marami pa rin na naniniwala sa premise nito,"['ang war on drugs failed', 'pero marami pa rin na naniniwala sa premise nito']"
"grabe ang human rights violations, we cannot normalize this","['grabe ang human rights violations, we cannot normalize this']"
"dapat malakas ang justice system natin, hindi lang papabor sa may pera","['dapat malakas ang justice system natin, hindi lang papabor sa may pera']"
"nakakalungkot ang nangyari, another senseless death. when will this stop?","['nakakalungkot ang nangyari, another senseless death. when will this stop?']"
"I know a lot of good cops pero yung sistema ay corrupt, mahirap maniwala","['I know a lot of good cops', 'pero yung sistema ay corrupt, mahirap maniwala']"
"grabe ang red-tagging, anyone who speaks up is labeled as an enemy of the state","['grabe ang red-tagging, anyone who speaks up is labeled as an enemy of the state']"
sana dumating ang araw na safe ang lahat ng Pilipino sa sarili nilang bansa,['sana dumating ang araw na safe ang lahat ng Pilipino sa sarili nilang bansa']
"grabe ang scammers ngayon, every day may bagong scheme na sinusubukan","['grabe ang scammers ngayon, every day may bagong scheme na sinusubukan']"
"nakakatakot ang AI deepfakes, hindi mo na alam kung totoong video o hindi","['nakakatakot ang AI deepfakes, hindi mo na alam kung totoong video o hindi']"
"I got scammed once and it's traumatizing, please be careful online","['I got scammed once and it's traumatizing, please be careful online']"
"ang digital divide sa Pinas is still huge, maraming wala pa ring internet access","['ang digital divide sa Pinas is still huge, maraming wala pa ring internet access']"
"grabe ang data privacy issues, our personal data is being sold without our knowledge","['grabe ang data privacy issues, our personal data is being sold without our knowledge']"
"sana mag-regulate ng properly ang gobyerno ng big tech, hindi lang tax them","['sana mag-regulate ng properly ang gobyerno ng big tech, hindi lang tax them']"
"yung gov websites ay outdated and hard to use, e-governance is still a dream","['yung gov websites ay outdated and hard to use, e-governance is still a dream']"
"grabe ang cyberbullying cases, we need stronger laws at enforcement","['grabe ang cyberbullying cases, we need stronger laws at enforcement']"
I appreciate the fintech innovations pero sana accessible sa lahat hindi lang sa may smartphone,"['I appreciate the fintech innovations', 'pero sana accessible sa lahat hindi lang sa may smartphone']"
"ang digital literacy programs should be in the curriculum, essential skill na ngayon","['ang digital literacy programs should be in the curriculum, essential skill na ngayon']"
"grabe ang presyo ng bigas ngayon, pati ang pangunahing pagkain hindi na afford ng mahihirap","['grabe ang presyo ng bigas ngayon, pati ang pangunahing pagkain hindi na afford ng mahihirap']"
nakakainis ang rotational brownouts habang ang electric bill ay tumataas pa,['nakakainis ang rotational brownouts habang ang electric bill ay tumataas pa']
I can't believe how much my grocery bill has increased in just one year😭😭,['I can't believe how much my grocery bill has increased in just one year😭😭']
"ang inflation is hitting the poor the hardest, those with fixed income are suffering","['ang inflation is hitting the poor the hardest, those with fixed income are suffering']"
"grabe ang price of onions nung nakaraang taon, parang luxury item na ang sibuyas","['grabe ang price of onions nung nakaraang taon, parang luxury item na ang sibuyas']"
sana may malakas na regulation sa price manipulation ng mga kartelo,['sana may malakas na regulation sa price manipulation ng mga kartelo']
"yung food insecurity sa maraming Pilipino ay hindi lang statistics, it's real families","['yung food insecurity sa maraming Pilipino ay hindi lang statistics, it's real families']"
"grabe ang markup sa palengke minsan, mula farm to table ang laki ng difference","['grabe ang markup sa palengke minsan, mula farm to table ang laki ng difference']"
I started a small vegetable garden and I encourage everyone to do the same,['I started a small vegetable garden and I encourage everyone to do the same']
"sana mabigyan ng solusyon ang agricultural sector, ang daming issues mula seed to market","['sana mabigyan ng solusyon ang agricultural sector, ang daming issues mula seed to market']"
"grabe ang power ng simbahan sa pulitika natin, separation of church and state is important","['grabe ang power ng simbahan sa pulitika natin, separation of church and state is important']"
"nakakatuwa yung mga traditions natin sa Pasko, uniquely Pilipino talaga","['nakakatuwa yung mga traditions natin sa Pasko, uniquely Pilipino talaga']"
I respect all religions pero I think we should separate faith from policymaking,"['I respect all religions', 'pero I think we should separate faith from policymaking']"
ang pagmamahal ng Pilipino sa pamilya is both a strength and sometimes a weakness,['ang pagmamahal ng Pilipino sa pamilya is both a strength and sometimes a weakness']
"grabe ang bayanihan spirit na nakikita ko sa calamity times, proud to be Pinoy","['grabe ang bayanihan spirit na nakikita ko sa calamity times, proud to be Pinoy']"
"sana mapanatili natin ang mga cultural traditions, marami na ang nawawala","['sana mapanatili natin ang mga cultural traditions, marami na ang nawawala']"
"yung regionalism sa Pinas is still a thing, we need more national unity","['yung regionalism sa Pinas is still a thing, we need more national unity']"
"grabe ang colonial mentality, we still worship foreign brands and foreign skin","['grabe ang colonial mentality, we still worship foreign brands and foreign skin']"
I think the Filipino identity is strong pero we need to define it for ourselves,"['I think the Filipino identity is strong', 'pero we need to define it for ourselves']"
sana mas maraming Pilipinong proud sa sarili nilang kultura at wika,['sana mas maraming Pilipinong proud sa sarili nilang kultura at wika']
"grabe ang discrimination that women still face in workplaces, we need real equality","['grabe ang discrimination that women still face in workplaces, we need real equality']"
nakakainis ang mansplaining and the culture of dismissing women's opinions,['nakakainis ang mansplaining and the culture of dismissing women's opinions']
"I support the LGBTQ+ community, love is love at walang masama sa pagmamahal","['I support the LGBTQ+ community, love is love at walang masama sa pagmamahal']"
"ang SOGIE bill should be passed na, basic rights are not special privileges","['ang SOGIE bill should be passed na, basic rights are not special privileges']"
"grabe ang gender-based violence, marami pang nangyayari na hindi nire-report","['grabe ang gender-based violence, marami pang nangyayari na hindi nire-report']"
"sana mas maraming women in leadership positions, they bring a different perspective","['sana mas maraming women in leadership positions, they bring a different perspective']"
"yung victim-blaming culture is toxic, we need to change the narrative","['yung victim-blaming culture is toxic, we need to change the narrative']"
"grabe ang pay gap na still exists, equal work should mean equal pay","['grabe ang pay gap na still exists, equal work should mean equal pay']"
"I was harassed once and I know how hard it is to speak up, support survivors","['I was harassed once and I know how hard it is to speak up, support survivors']"
"sana lumago ang awareness sa gender issues, hindi lang sa social media kundi sa ugali","['sana lumago ang awareness sa gender issues, hindi lang sa social media kundi sa ugali']"
"hindi ko akalain na ganito ang mangyayari, shocked talaga ako sa balita","['hindi ko akalain na ganito ang mangyayari, shocked talaga ako sa balita']"
"yung video went viral for a reason, can we talk about the actual issue and not the drama","['yung video went viral for a reason, can we talk about the actual issue and not the drama']"
"I don't usually comment pero this one is important, need to speak up","['I don't usually comment', 'pero this one is important, need to speak up']"
"grabe ang gaslighting sa mga nagsasalita ng katotohanan, stay strong sa mga brave souls","['grabe ang gaslighting sa mga nagsasalita ng katotohanan, stay strong sa mga brave souls']"
"nakakaiyak ang mga testimonya ng mga biktima, we have to do better as a society","['nakakaiyak ang mga testimonya ng mga biktima, we have to do better as a society']"
"I shared this to my contacts, sana makarating sa tamang tao","['I shared this to my contacts, sana makarating sa tamang tao']"
"grabe ang number of people affected, this is bigger than most people realize","['grabe ang number of people affected, this is bigger than most people realize']"
"hindi na tayo pwede mag-stay silent sa mga ganyang bagay, we have to act","['hindi na tayo pwede mag-stay silent sa mga ganyang bagay, we have to act']"
"yung issue na ito ay hindi bago, it's been happening for years walang aksyon","['yung issue na ito ay hindi bago, it's been happening for years walang aksyon']"
"sana may mabago talaga, hindi lang trending tapos nakalimutan na","['sana may mabago talaga, hindi lang trending', 'tapos nakalimutan na']"
I've been following this story and the truth is more complicated than the headlines,['I've been following this story and the truth is more complicated than the headlines']
"grabe ang media bias, depends sa kung sinong nagtatago ng advertisement","['grabe ang media bias, depends sa kung sinong nagtatago ng advertisement']"
"nakakainis yung selective outrage ng mga tao, consistent ka kaya","['nakakainis yung selective outrage ng mga tao, consistent ka', 'kaya']"
I think we all need to educate ourselves more bago mag-share ng content,['I think we all need to educate ourselves more bago mag-share ng content']
"grabe ang power of collective action, we proved that we can make a difference","['grabe ang power of collective action, we proved that we can make a difference']"
"hindi lang ang iboto mo ang mahalaga, yung partisipasyon mo sa society ang mas important","['hindi lang ang iboto mo ang mahalaga, yung partisipasyon mo sa society ang mas important']"
"nakakatawa na rin kasi nakakaiyak, classic Filipino coping mechanism","['nakakatawa na rin', 'kasi nakakaiyak, classic Filipino coping mechanism']"
I'm exhausted by the news cycle pero di rin tayo pwedeng mag-disengage,"['I'm exhausted by the news cycle', 'pero di rin tayo pwedeng mag-disengage']"
"grabe kung isipin mo na mga bata pa lang sila, ang daming naghihintay na sa kanila","['grabe kung isipin mo na mga bata pa lang sila, ang daming naghihintay na sa kanila']"
sana dumating ang araw na walang dapat pag-usapan na ganitong klase ng balita,['sana dumating ang araw na walang dapat pag-usapan na ganitong klase ng balita']
this country deserves better at tayo mismo ang magbabago nito,['this country deserves better at tayo mismo ang magbabago nito']
"grabe ang loob ng mga nagsasalita para sa katotohanan, saludo ako sa kanila","['grabe ang loob ng mga nagsasalita para sa katotohanan, saludo ako sa kanila']"
I don't always agree pero I respect those who stand up for what they believe in,"['I don't always agree', 'pero I respect those who stand up for what they believe in']"
"nakakaiyak ang mga ganoong sitwasyon, pero I believe we can get through this","['nakakaiyak ang mga ganoong sitwasyon, pero I believe we can get through this']"
"ang Pilipino ay matibay, we've been through so much and we're still standing","['ang Pilipino ay matibay, we've been through so much and we're still standing']"
grabe ang dami pang dapat ayusin pero hindi ibig sabihin na wala tayong pag-asa,"['grabe ang dami pang dapat ayusin', 'pero hindi ibig sabihin na wala tayong pag-asa']"
sana makita ng susunod na henerasyon ang mas magandang Pilipinas,['sana makita ng susunod na henerasyon ang mas magandang Pilipinas']
"I choose to stay hopeful, kahit mahirap minsan, still believe in this country","['I choose to stay hopeful, kahit mahirap minsan, still believe in this country']"
"nagtatapos man ang balita sa negatibo, lagi may Pilipino na nagsisikap para sa iba","['nagtatapos man ang balita sa negatibo, lagi may Pilipino na nagsisikap para sa iba']"
"grabe ang lakas ng Filipino spirit, we will get through this together","['grabe ang lakas ng Filipino spirit, we will get through this together']"
hindi easy ang daan pasulong pero we have no choice but to keep moving forward💚,"['hindi easy ang daan pasulong', 'pero we have no choice but to keep moving forward💚']"
"I'm proud to be Filipino, flaws and all. mahal ko ang bansang ito","['I'm proud to be Filipino, flaws and all. mahal ko ang bansang ito']"
sana mas maraming nagmamahal at nagbibigay ng oras para sa bansa natin,['sana mas maraming nagmamahal at nagbibigay ng oras para sa bansa natin']
"grabe yung nangyari sa Cebu ngayon, praying for everyone affected","['grabe yung nangyari sa Cebu ngayon, praying for everyone affected']"
nakakainis na paulit-ulit ang same issues tapos wala ring nagbabago sa sistema,"['nakakainis na paulit-ulit ang same issues', 'tapos wala ring nagbabago sa sistema']"
I think people should stop blaming each other at focus sa solusyon na,['I think people should stop blaming each other at focus sa solusyon na']
"yung viral na yon ay overblown ng media, may mas importanteng balita","['yung viral na yon ay overblown ng media, may mas importanteng balita']"
"grabe ang lakas ng loob ng whistleblowers, risking everything para sa katotohanan","['grabe ang lakas ng loob ng whistleblowers, risking everything para sa katotohanan']"
"hindi ko gets bakit ang daming nagtatanggol sa mga corrupt officials, parang stockholm syndrome","['hindi ko gets bakit ang daming nagtatanggol sa mga corrupt officials, parang stockholm syndrome']"
I've been living abroad for 5 years and every time I read Pinoy news naiinis ako,['I've been living abroad for 5 years and every time I read Pinoy news naiinis ako']
ang dami nating potential as a country pero ang dami ring hinahadlangan tayo,"['ang dami nating potential as a country', 'pero ang dami ring hinahadlangan tayo']"
"grabe ang sacrifice ng mga frontliners, they deserve better compensation💚💚","['grabe ang sacrifice ng mga frontliners, they deserve better compensation💚💚']"
nakakatuwa pa rin ang humor ng mga Pilipino kahit sa pinaka-mahirap na sitwasyon,['nakakatuwa pa rin ang humor ng mga Pilipino kahit sa pinaka-mahirap na sitwasyon']
"I don't understand why we keep electing the same families, dynasty politics is a disease","['I don't understand why we keep electing the same families, dynasty politics is a disease']"
"grabe ang nepotism sa gobyerno, parang family business lang ang turing nila sa bansa","['grabe ang nepotism sa gobyerno, parang family business lang ang turing nila sa bansa']"
"sana maging mas critical ang mga voters, hindi lang pamilyar na pangalan ang basehan","['sana maging mas critical ang mga voters, hindi lang pamilyar na pangalan ang basehan']"
ang issue na ito ay may deeper root cause na dapat i-address hindi lang ang symptoms,['ang issue na ito ay may deeper root cause na dapat i-address hindi lang ang symptoms']
"grabe ang propaganda machinery ng iilang politiko, ilang beses pa nilang uulitin ang kasinungalingan","['grabe ang propaganda machinery ng iilang politiko, ilang beses pa nilang uulitin ang kasinungalingan']"
"I'm hopeful na may mga honest officials pa rin, we just need to support them","['I'm hopeful na may mga honest officials pa rin, we just need to support them']"
"nakakaiyak ang mga stories ng mga bata na gutom, in a country na mayaman sa likas yaman","['nakakaiyak ang mga stories ng mga bata na gutom, in a country na mayaman sa likas yaman']"
"grabe ang inequality, the rich are getting richer and the poor are struggling more","['grabe ang inequality, the rich are getting richer and the poor are struggling more']"
"sana may universal basic income tayo, just to ensure no one goes hungry","['sana may universal basic income tayo, just to ensure no one goes hungry']"
yung debate sa economics ay complex pero the basic question is para kanino ang growth?,"['yung debate sa economics ay complex', 'pero the basic question is para kanino ang growth?']"
"grabe ang traffic sa provincial roads din, hindi lang sa Metro Manila ang problema","['grabe ang traffic sa provincial roads din, hindi lang sa Metro Manila ang problema']"
"nakakainis ang corrupt tollway operators, binabayaran mo ng mahal tapos palpak pa","['nakakainis ang corrupt tollway operators, binabayaran mo ng mahal', 'tapos palpak pa']"
I commute 4 hours every day and it's destroying my mental health,['I commute 4 hours every day and it's destroying my mental health']
"grabe ang buhay ng tricycle drivers, they earn so little pero risk ang buhay nila","['grabe ang buhay ng tricycle drivers, they earn so little', 'pero risk ang buhay nila']"
"sana mag-invest ang gobyerno sa rail infrastructure, game changer yan","['sana mag-invest ang gobyerno sa rail infrastructure, game changer yan']"
yung tanim bala at airport corruption is embarrassing for the country,['yung tanim bala at airport corruption is embarrassing for the country']
"grabe ang pasaporte issue, mahirap kumuha at matagal pa ang proseso","['grabe ang pasaporte issue, mahirap kumuha at matagal pa ang proseso']"
"nakakainis na walang efficient na government services, digitalize na kaya","['nakakainis na walang efficient na government services, digitalize na', 'kaya']"
"I had to fix a birth certificate and it took months, sakit sa ulo","['I had to fix a birth certificate and it took months, sakit sa ulo']"
"grabe ang red tape sa gobyerno, simpleng transaksyon tapos araw-araw ka pupunta","['grabe ang red tape sa gobyerno, simpleng transaksyon', 'tapos araw-araw ka pupunta']"
"sana ma-streamline ang mga government processes, para mas accessible sa lahat","['sana ma-streamline ang mga government processes, para mas accessible sa lahat']"
"yung news about the fishermen is heartbreaking, they're just doing their job","['yung news about the fishermen is heartbreaking, they're just doing their job']"
"grabe ang harassment ng foreign vessels sa ating territorial waters, kailan pa tayo aaksyon","['grabe ang harassment ng foreign vessels sa ating territorial waters, kailan pa tayo aaksyon']"
"nakakainis ang diplomatic doublespeak, just say what the actual policy is","['nakakainis ang diplomatic doublespeak, just say what the actual policy is']"
"I support our fishermen, they deserve protection and a livelihood","['I support our fishermen, they deserve protection and a livelihood']"
"grabe ang issue sa West Philippine Sea, hindi ito dapat politikado","['grabe ang issue sa West Philippine Sea, hindi ito dapat politikado']"
"sana may malakas na foreign policy tayo, independent and principled","['sana may malakas na foreign policy tayo, independent and principled']"
"yung historical revisionism is a problem, we can't fix what we don't acknowledge","['yung historical revisionism is a problem, we can't fix what we don't acknowledge']"
"grabe ang gaslighting ng mga apologist ng martial law, alam ng victims kung ano nangyari","['grabe ang gaslighting ng mga apologist ng martial law, alam ng victims kung ano nangyari']"
"nakakaiyak ang testimonya ng mga torture survivors, hindi dapat makalimutan","['nakakaiyak ang testimonya ng mga torture survivors, hindi dapat makalimutan']"
"I studied history and the evidence is clear, hindi fairy tale ang naranasan ng mga biktima","['I studied history and the evidence is clear, hindi fairy tale ang naranasan ng mga biktima']"
"grabe ang nerve ng mga nagtatangkilik sa diktadurya, calling it golden age","['grabe ang nerve ng mga nagtatangkilik sa diktadurya, calling it golden age']"
sana mabigyan ng hustisya ang lahat ng biktima ng human rights violations,['sana mabigyan ng hustisya ang lahat ng biktima ng human rights violations']
"yung accountability ay hindi optional, it's the foundation of democracy","['yung accountability ay hindi optional, it's the foundation of democracy']"
"grabe ang disinformation campaign sa social media, industriya na ang pagsisinungaling","['grabe ang disinformation campaign sa social media, industriya na ang pagsisinungaling']"
"nakakainis ang troll farms, ginagawang weapon ang social media para palitin ang katotohanan","['nakakainis ang troll farms, ginagawang weapon ang social media para palitin ang katotohanan']"
"I fact-check everything now before sharing, please do the same","['I fact-check everything now before sharing, please do the same']"
"grabe ang impact ng fake news sa public opinion, napaniwala na ang marami sa kasinungalingan","['grabe ang impact ng fake news sa public opinion, napaniwala na ang marami sa kasinungalingan']"
"sana mas maraming media literacy programs, simula elementary dapat ito ituro","['sana mas maraming media literacy programs, simula elementary dapat ito ituro']"
"yung press freedom index ng Pinas is concerning, journalists should be protected","['yung press freedom index ng Pinas is concerning, journalists should be protected']"
"grabe ang mga red-tagged journalists, they're doing a public service","['grabe ang mga red-tagged journalists, they're doing a public service']"
"nakakaiyak ang mga nawawalang activists, families still searching for answers☹️","['nakakaiyak ang mga nawawalang activists, families still searching for answers☹️']"
"I stand with the families of victims of extrajudicial killings, justice must be served","['I stand with the families of victims of extrajudicial killings, justice must be served']"
"grabe ang culture of impunity, walang takot because they know malalaya rin sila","['grabe ang culture of impunity, walang takot because they know malalaya rin sila']"
"sana maging malakas ang independent judiciary natin, hindi puppet ng executive","['sana maging malakas ang independent judiciary natin, hindi puppet ng executive']"
"yung checks and balances ay kailangan, wala dapat na nasa labas ng batas","['yung checks and balances ay kailangan, wala dapat na nasa labas ng batas']"
"grabe ang judicial appointments na political ang basehan, hindi credentials","['grabe ang judicial appointments na political ang basehan, hindi credentials']"
"nakakainis na parang laro lang ang gobyerno para sa iilan, pero seryosong buhay sa amin","['nakakainis na parang laro lang ang gobyerno para sa iilan, pero seryosong buhay sa amin']"
"I just want to live a decent life in my own country, is that too much to ask","['I just want to live a decent life in my own country, is that too much to ask']"
"grabe ang brain drain, we're exporting our best people because we can't keep them here","['grabe ang brain drain, we're exporting our best people because we can't keep them here']"
sana dumating ang araw na ang Pilipinas ay magandang lugar para mabuhay at magtatag ng pamilya,['sana dumating ang araw na ang Pilipinas ay magandang lugar para mabuhay at magtatag ng pamilya']
yung nursing homes are understaffed and elderly care is being ignored,['yung nursing homes are understaffed and elderly care is being ignored']
"grabe ang neglect ng PWD community, hindi pa accessible ang karamihan ng public spaces","['grabe ang neglect ng PWD community, hindi pa accessible ang karamihan ng public spaces']"
"nakakainis ang tokenism, hindi lang isang ramp ang sapat para sabihing accessible na","['nakakainis ang tokenism, hindi lang isang ramp ang sapat para sabihing accessible na']"
I have a family member with disability and I know how hard it is to navigate the system,['I have a family member with disability and I know how hard it is to navigate the system']
"grabe ang mental health stigma sa Pinas, hinahayaan ang mga nagdurusa instead of helping","['grabe ang mental health stigma sa Pinas, hinahayaan ang mga nagdurusa instead of helping']"
"sana maging mas open tayo sa mental health conversations, it saves lives","['sana maging mas open tayo sa mental health conversations, it saves lives']"
yung suicide prevention programs are underfunded and understaffed,['yung suicide prevention programs are underfunded and understaffed']
"grabe ang pressure na nararamdaman ng mga young professionals, burnout is real","['grabe ang pressure na nararamdaman ng mga young professionals, burnout is real']"
"nakakainis ang hustle culture, rest is not laziness it's necessary","['nakakainis ang hustle culture, rest is not laziness it's necessary']"
"I quit my toxic job and I have no regrets, my mental health is worth more","['I quit my toxic job and I have no regrets, my mental health is worth more']"
"grabe ang exploitation ng mga workers especially sa BPO, night shift walang benefits","['grabe ang exploitation ng mga workers especially sa BPO, night shift walang benefits']"
"sana maging mas malakas ang labor rights enforcement, maraming naaaabuso","['sana maging mas malakas ang labor rights enforcement, maraming naaaabuso']"
yung contractualization is depriving workers of security and benefits,['yung contractualization is depriving workers of security and benefits']
"grabe ang gig economy trap, flexible pero walang safety net","['grabe ang gig economy trap, flexible', 'pero walang safety net']"
"nakakainis na ang hard work ay hindi enough, systemic changes are needed","['nakakainis na ang hard work ay hindi enough, systemic changes are needed']"
"I believe in the Filipino worker, pag binigyan ng tamang kondisyon extraordinary ang nagagawa nila","['I believe in the Filipino worker, pag binigyan ng tamang kondisyon extraordinary ang nagagawa nila']"
"grabe ang opportunities na nawala dahil sa covid pandemic, we're still recovering","['grabe ang opportunities na nawala dahil sa covid pandemic, we're still recovering']"
"sana mas maraming startup ecosystem support, maraming innovative Pilipinos","['sana mas maraming startup ecosystem support, maraming innovative Pilipinos']"
yung access to capital for small businesses is a major barrier to growth,['yung access to capital for small businesses is a major barrier to growth']
"grabe ang bureaucracy na hinaharap ng mga negosyante, simpleng business permit takes months","['grabe ang bureaucracy na hinaharap ng mga negosyante, simpleng business permit takes months']"
nakakatuwa na ang daming successful Pinoy entrepreneurs despite all the obstacles,['nakakatuwa na ang daming successful Pinoy entrepreneurs despite all the obstacles']
"I started my own small business and it's hard but fulfilling, support small business guys","['I started my own small business and it's hard but fulfilling, support small business guys']"
"grabe ang market dominance ng malalaking conglomerates, walang room para sa maliliit","['grabe ang market dominance ng malalaking conglomerates, walang room para sa maliliit']"
sana may mas fair na playing field para sa lahat ng negosyo,['sana may mas fair na playing field para sa lahat ng negosyo']
yung agrarian reform was supposed to help farmers but implementation is patchy,['yung agrarian reform was supposed to help farmers but implementation is patchy']
"grabe ang issue ng land grabbing, farmers being displaced from lands they've worked for years","['grabe ang issue ng land grabbing, farmers being displaced from lands they've worked for years']"
"nakakaiyak ang sitwasyon ng mga magsasaka, pinaka-important sector pero pinakanapabayaan","['nakakaiyak ang sitwasyon ng mga magsasaka, pinaka-important sector', 'pero pinakanapabayaan']"
"I grew up in a farming family and I know how hard it is, please respect farmers","['I grew up in a farming family and I know how hard it is, please respect farmers']"
grabe ang post-harvest losses dahil kulang sa infrastructure at cold chain facilities,['grabe ang post-harvest losses dahil kulang sa infrastructure at cold chain facilities']
"sana mag-modernize ang agricultural sector, mahalaga para sa food security","['sana mag-modernize ang agricultural sector, mahalaga para sa food security']"
"yung fisherfolk are also being marginalized, we need to protect our maritime resources","['yung fisherfolk are also being marginalized, we need to protect our maritime resources']"
"grabe ang overfishing issue, we're depleting our own resources","['grabe ang overfishing issue, we're depleting our own resources']"
nakakainis ang illegal fishing especially ng foreign vessels sa ating waters,['nakakainis ang illegal fishing especially ng foreign vessels sa ating waters']
I love seafood pero nagiging conscious na rin ako sa sustainability,"['I love seafood', 'pero nagiging conscious na rin ako sa sustainability']"
"grabe ang biodiversity loss sa Pinas, we're losing species before we even discover them","['grabe ang biodiversity loss sa Pinas, we're losing species before we even discover them']"
"sana maging mas serious ang conservation efforts, hindi lang pabida sa internasyon","['sana maging mas serious ang conservation efforts, hindi lang pabida sa internasyon']"
"yung indigenous peoples are the best stewards of their ancestral lands, support their rights","['yung indigenous peoples are the best stewards of their ancestral lands, support their rights']"
grabe ang displacement ng indigenous communities for development projects,['grabe ang displacement ng indigenous communities for development projects']
"nakakaiyak ang cultural erosion ng mga indigenous peoples, centuries of tradition being lost","['nakakaiyak ang cultural erosion ng mga indigenous peoples, centuries of tradition being lost']"
"I learned about their culture and it's beautiful, we should preserve it not erase it","['I learned about their culture and it's beautiful, we should preserve it not erase it']"
"grabe ang discrimination against lumad communities, they're citizens too","['grabe ang discrimination against lumad communities, they're citizens too']"
sana kilalanin at igalang ang karapatan ng lahat ng Pilipino anuman ang pinanggalingan,['sana kilalanin at igalang ang karapatan ng lahat ng Pilipino anuman ang pinanggalingan']
yung peace process in Mindanao needs sustained commitment from all parties,['yung peace process in Mindanao needs sustained commitment from all parties']
"grabe ang suffering ng communities affected by armed conflict, enough na","['grabe ang suffering ng communities affected by armed conflict, enough na']"
"nakakaiyak ang mga bata na lumaki sa gitna ng giyera, they deserve a peaceful childhood","['nakakaiyak ang mga bata na lumaki sa gitna ng giyera, they deserve a peaceful childhood']"
I pray for lasting peace in Mindanao and in the whole country,['I pray for lasting peace in Mindanao and in the whole country']
"grabe ang need for reconciliation and healing, we've been divided too long","['grabe ang need for reconciliation and healing, we've been divided too long']"
"sana mas maraming dialogue at less violence, kaya nating resolbahin ang mga pagkakaiba","['sana mas maraming dialogue at less violence, kaya nating resolbahin ang mga pagkakaiba']"
yung federalism debate is interesting but we need to address corruption first,['yung federalism debate is interesting but we need to address corruption first']
grabe ang disconnect ng mga nasa itaas sa realidad ng mga nasa baba,['grabe ang disconnect ng mga nasa itaas sa realidad ng mga nasa baba']
"nakakainis ang survey-based governance, do what's right not what's popular","['nakakainis ang survey-based governance, do what's right not what's popular']"
I wish politicians would have the courage to do the hard but right thing,['I wish politicians would have the courage to do the hard but right thing']
"grabe ang short-termism in politics, walang nagpaplano para sa susunod na henerasyon","['grabe ang short-termism in politics, walang nagpaplano para sa susunod na henerasyon']"
"sana mag-think long term ang ating mga lider, hindi lang para sa susunod na eleksyon","['sana mag-think long term ang ating mga lider, hindi lang para sa susunod na eleksyon']"
yung pension system is underfunded and retirees are struggling,['yung pension system is underfunded and retirees are struggling']
"grabe ang situation ng senior citizens, marami walang social security","['grabe ang situation ng senior citizens, marami walang social security']"
nakakaiyak ang mga lolo at lola na nangongolekta ng basura para may makain,['nakakaiyak ang mga lolo at lola na nangongolekta ng basura para may makain']
"I give when I can to elderly people I see struggling, small acts matter","['I give when I can to elderly people I see struggling, small acts matter']"
"grabe ang loneliness epidemic, older people being neglected by families and society","['grabe ang loneliness epidemic, older people being neglected by families and society']"
sana may mas malakas na social protection system tayo para sa lahat,['sana may mas malakas na social protection system tayo para sa lahat']
yung conditional cash transfer program is good pero not enough,"['yung conditional cash transfer program is good', 'pero not enough']"
"grabe ang targeting problems sa social welfare programs, hindi lahat ng mahirap ay naaabot","['grabe ang targeting problems sa social welfare programs, hindi lahat ng mahirap ay naaabot']"
"nakakainis ang politicization ng ayuda, ginagawang pabor hindi karapatan","['nakakainis ang politicization ng ayuda, ginagawang pabor hindi karapatan']"
I think social welfare should be a right not a political tool,['I think social welfare should be a right not a political tool']
"grabe ang shame na nararamdaman ng mga tumatanggap ng ayuda, hindi dapat ganyan","['grabe ang shame na nararamdaman ng mga tumatanggap ng ayuda, hindi dapat ganyan']"
"sana mabawasan ang stigma sa poverty, hindi kasalanan ng mahihirap ang kahirapan nila","['sana mabawasan ang stigma sa poverty, hindi kasalanan ng mahihirap ang kahirapan nila']"
yung systemic issues are being ignored while we blame individuals for their poverty,['yung systemic issues are being ignored while we blame individuals for their poverty']
"grabe ang victim blaming culture, parang kasalanan ng biktima ang krimen","['grabe ang victim blaming culture, parang kasalanan ng biktima ang krimen']"
nakakainis ang lack of empathy ng mga hindi nakaranas ng kahirapan,['nakakainis ang lack of empathy ng mga hindi nakaranas ng kahirapan']
"I grew up poor and I know the judgment people throw at you, be kind","['I grew up poor and I know the judgment people throw at you, be kind']"
"grabe ang classism sa Pinas, the way poor people are treated is dehumanizing","['grabe ang classism sa Pinas, the way poor people are treated is dehumanizing']"
"sana maging mas compassionate ang ating lipunan, we're all in this together","['sana maging mas compassionate ang ating lipunan, we're all in this together']"
"yung charity is not enough, we need structural change","['yung charity is not enough, we need structural change']"
"grabe ang inequality in access to justice, only the rich can afford good lawyers","['grabe ang inequality in access to justice, only the rich can afford good lawyers']"
nakakaiyak ang mga prisoners languishing in jail without trial for years,['nakakaiyak ang mga prisoners languishing in jail without trial for years']
"I believe in rehabilitation not just punishment, we need to reform the prison system","['I believe in rehabilitation not just punishment, we need to reform the prison system']"
"grabe ang overcrowding sa jails, it's a human rights issue","['grabe ang overcrowding sa jails, it's a human rights issue']"
sana maging mas humane ang criminal justice system natin,['sana maging mas humane ang criminal justice system natin']
"yung drug war approach failed, we need public health solutions","['yung drug war approach failed, we need public health solutions']"
"grabe ang lives lost in the war on drugs, those were fathers and mothers and children","['grabe ang lives lost in the war on drugs, those were fathers and mothers and children']"
"nakakaiyak ang mga pamilya ng mga biktima, walang closure at walang hustisya","['nakakaiyak ang mga pamilya ng mga biktima, walang closure at walang hustisya']"
I think drug addiction is a health problem not a criminal problem,['I think drug addiction is a health problem not a criminal problem']
"grabe ang stigma against people struggling with addiction, they need help not jail","['grabe ang stigma against people struggling with addiction, they need help not jail']"
sana mag-shift ang approach sa harm reduction at treatment,['sana mag-shift ang approach sa harm reduction at treatment']
"yung issue about confidential funds is concerning, where did the money go?","['yung issue about confidential funds is concerning, where did the money go?']"
"grabe ang lack of transparency sa gobyerno, we have a right to know","['grabe ang lack of transparency sa gobyerno, we have a right to know']"
"nakakainis ang executive privilege defense, can't hide everything behind that","['nakakainis ang executive privilege defense, can't hide everything behind that']"
"I believe in government accountability, every peso should be accounted for","['I believe in government accountability, every peso should be accounted for']"
"grabe ang audit findings na nai-report ng COA, pero walang nagcoconsequences","['grabe ang audit findings na nai-report ng COA, pero walang nagcoconsequences']"
sana maging may ngipin ang oversight bodies natin,['sana maging may ngipin ang oversight bodies natin']
yung decriminalization of poverty-related offenses is long overdue,['yung decriminalization of poverty-related offenses is long overdue']
grabe ang criminalization ng pagpapastol at ibang gawaing pangkabuhayan ng mahihirap,['grabe ang criminalization ng pagpapastol at ibang gawaing pangkabuhayan ng mahihirap']
nakakaiyak ang mga bata na naaaresto para sa maliliit na krimen ng desperasyon,['nakakaiyak ang mga bata na naaaresto para sa maliliit na krimen ng desperasyon']
"I support restorative justice approaches, punishment is not always the answer","['I support restorative justice approaches, punishment is not always the answer']"
"grabe ang poverty trap, parang designed ang sistema para mahirap makawala","['grabe ang poverty trap, parang designed ang sistema para mahirap makawala']"
"sana mas maraming pathways papalabas sa kahirapan, education, livelihood, health","['sana mas maraming pathways papalabas sa kahirapan, education, livelihood, health']"
yung social mobility is almost impossible without connections or luck sa Pinas,['yung social mobility is almost impossible without connections or luck sa Pinas']
"grabe ang need para sa meritocracy, hindi koneksyon ang basehan ng tagumpay","['grabe ang need para sa meritocracy, hindi koneksyon ang basehan ng tagumpay']"
nakakainis ang old boys network sa corporate at government sectors,['nakakainis ang old boys network sa corporate at government sectors']
I made it through hard work pero I acknowledge na marami akong advantages na wala sa iba,"['I made it through hard work', 'pero I acknowledge na marami akong advantages na wala sa iba']"
"grabe ang imposter syndrome ng mga first-gen professionals, you belong here","['grabe ang imposter syndrome ng mga first-gen professionals, you belong here']"
sana maging mas inclusive ang mga espasyo ng oportunidad,['sana maging mas inclusive ang mga espasyo ng oportunidad']
yung story of resilience is beautiful pero we shouldn't need to be resilient to such things,"['yung story of resilience is beautiful', 'pero we shouldn't need to be resilient to such things']"
grabe ang burden na inilalagay sa mga indibidwal sa sistema na dapat ang problema,['grabe ang burden na inilalagay sa mga indibidwal sa sistema na dapat ang problema']
nakakatuwa at nakakaiyak na kailangang maging bayani para lang mabuhay nang maayos,['nakakatuwa at nakakaiyak na kailangang maging bayani para lang mabuhay nang maayos']
"I believe we can build a better Philippines, it won't be easy pero kaya natin","['I believe we can build a better Philippines, it won't be easy', 'pero', 'kaya natin']"
"grabe ang daming dapat gawin pero start na tayo, even small steps matter","['grabe ang daming dapat gawin', 'pero start na tayo, even small steps matter']"
"sana mas maraming Pilipinong involved sa pagbabago, not just online pero sa aktwal na buhay","['sana mas maraming Pilipinong involved sa pagbabago, not just online', 'pero sa aktwal na buhay']"
Damn bumabawi si Senator Erwin! Im all for him now.,"['Damn bumabawi si Senator Erwin!', 'Im all for him now.']"
like na kita Erwin Tulfo,['like na kita Erwin Tulfo']
I think kaya pinipilit ng senate majority na mag online voting para makapagboto si Bato,"['I think', 'kaya pinipilit ng senate majority na mag online voting para makapagboto si Bato']"
11 BEST SENATE OF THE PHILIPPINES SO FAR my mga Paninindigan 👑🇵🇭🇵🇭🇵🇭,['11 BEST SENATE OF THE PHILIPPINES SO FAR my mga Paninindigan 👑🇵🇭🇵🇭🇵🇭']
Tama ba pagkakaintindi ko kay Cayetano? Need bumoto and AFTER na lang ang discussion? Anong klaseng process yan?,"['Tama ba pagkakaintindi ko kay Cayetano?', 'Need bumoto and AFTER na lang ang discussion?', 'Anong klaseng process yan?']"
Bkit hindi nyo i stream yung laban ni ej vs vitrum,['Bkit hindi nyo i stream yung laban ni ej vs vitrum']
"fun fact: pwede na kayo mag repost, press nyo lang ng matagal yung like","['fun fact: pwede na kayo mag repost, press nyo lang ng matagal yung like']"
"Lawyer or not, you should understand that Risa is right. They should allow someone to attend through video conference, especially during an emergency. But look at the Senate majority they seem to be in a hurry because some of them might end up in jail, while another one is already wanted.
 Marcoleta may be a lawyer, but he is not following the law. Instead, he is protecting someone. This issue is not about whether a person is a lawyer or not; it is about understanding the law and choosing to follow it. The Senate majority appears afraid because many of them are allegedly connected to the flood control scandal.
 At the same time, speaking without enough knowledge can also be harmful. That is why people should first understand the facts before making accusations or conclusions.","['Lawyer or not, you should understand that Risa is right.', 'They should allow someone to attend through video conference, especially during an emergency.', 'But look at the Senate majority they seem to be in a hurry because some of them might end up in jail, while another one is already wanted.', 'Marcoleta may be a lawyer, but he is not following the law.', 'Instead, he is protecting someone.', 'This issue is not about whether a person is a lawyer or not; it is about understanding the law and choosing to follow it.', 'The Senate majority appears afraid because many of them are allegedly connected to the flood control scandal.', 'At the same time, speaking without enough knowledge can also be harmful.', 'That is why people should first understand the facts before making accusations or conclusions.']"
eh diba nasa rule din naman na di ka pwede mag online unless may calamity or what?,['eh diba nasa rule din naman na di ka pwede mag online unless may calamity or what?']
2018 pa yang request ni marcoleta? Kyo ng file nyan dati for Delima?,"['2018 pa yang request ni marcoleta?', 'Kyo ng file nyan dati for Delima?']"
"For DDS:
 📌Muntinlupa RTC Ruling (2020):
 During the detention of former Senator Leila de Lima, the trial court ruled that detention does not qualify as a force majeure. Consequently, she was not allowed to attend or participate in Senate proceedings via videoconferencing.
 Tapos sa nagtatago, papayagan?","['For DDS:', '📌Muntinlupa RTC Ruling (2020):', 'During the detention of former Senator Leila de Lima, the trial court ruled that detention does not qualify as a force majeure.', 'Consequently, she was not allowed to attend or participate in Senate proceedings via videoconferencing.', 'Tapos sa nagtatago, papayagan?']"
nasan yung kanta ni mzhayt na about kay duterte?,['nasan yung kanta ni mzhayt na about kay duterte?']
"Pagaaralan pa daw muna ang pagrerelocate, so it means it’not in their plan in the first place.","['Pagaaralan pa daw muna ang pagrerelocate, so it means it’not in their plan in the first place.']"
Ta is nga DENR,['Ta is nga DENR']
Di niyo pinag aralan bago niyo iapprove? Kailangan muna ba mag balita bago marealize? Department of Environment and Natural Resources na kayo niyan?,"[''Di niyo pinag aralan bago niyo iapprove?', 'Kailangan muna ba mag balita bago marealize?', 'Department of Environment and Natural Resources na kayo niyan?']"
Why sinunspende ng DENR yung pag putol? kasi na call out na?,['Why sinunspende ng DENR yung pag putol? kasi na call out na?']
Mas bagay ang meaning na to➡️Destroyer of Environment and Natural Resources.,['Mas bagay ang meaning na to➡️Destroyer of Environment and Natural Resources.']
papalitan niyo ng seedlings? sa ibang lugar? So bahala na ang mga residente ng Quirino Avenue kasi may seedlings lang naman sa malayo,"['papalitan niyo ng seedlings? sa ibang lugar?', 'So bahala na ang mga residente ng Quirino Avenue', 'kasi may seedlings lang naman sa malayo']"
please! also protect the corals! bo is sit si denr,['please! also protect the corals! bo is sit si denr']
what the??? Ano baa.,"['what the???', 'Ano baa.']"
Ang point ng video is pointless 😂,['Ang point ng video is pointless 😂']
So hindi muna pinag-aralan pala?,['So hindi muna pinag-aralan pala?']
sino exactly and nag bigay ng permit jan from DENR,['sino exactly and nag bigay ng permit jan from DENR']
Ngayon big deal na sa kanila yung legal background na kala mo naman lahat ng senador na nandyan e atty or what 😔,['Ngayon big deal na sa kanila yung legal background na kala mo naman lahat ng senador na nandyan e atty or what 😔']
"TitoSen, Erwin Tulfo, Lacson, The best alyansa talaga! you did not let us down! kulang lang si abalos!","['TitoSen, Erwin Tulfo, Lacson, The best alyansa talaga! you did not let us down! kulang lang si abalos!']"
"To those who are asking what happened, well Cayetano (senate president) wants bato to attend pero online! LIKE WHAT??? And Cayetano added pa na mag botohan raw kung sino ang agree!! That's why Risa, Bam, Lito, Win and other senators walked out.
 My resource:GMA news","['To those who are asking what happened, well Cayetano (senate president) wants bato to attend', 'pero online!', 'LIKE WHAT???', 'And Cayetano added pa na mag botohan raw kung sino ang agree!!', 'That's why Risa, Bam, Lito, Win and other senators walked out.', 'My resource:GMA news']"
where the lie sa sinabi ni sen. tulfo tho?,['where the lie sa sinabi ni sen. tulfo tho?']
sana makahanap ako ng trabaho na kaya ding i adjust ang onsite work into wfh para lang saakin ☺️,"['sana makahanap ako ng trabaho na', 'kaya ding i adjust ang onsite work into wfh para lang saakin ☺️']"
"Maganda yung battle match nato 1000/10. May sense, may tema, may punto at makaka relate lahat ng Pilipino. Parehas panalo for me🔥","['Maganda yung battle match nato 1000/10.', 'May sense, may tema, may punto at makaka relate lahat ng Pilipino.', 'Parehas panalo for me🔥']"
hii its a prank hindi sira speaker mo,['hii its a prank hindi sira speaker mo']
"Senate Resolution No. 391 was filed in May 2017 by then-Senator Francis ""Kiko"" Pangilinan to allow detained Senator Leila de Lima to participate and vote on legislation, subject to court approval.","['Senate Resolution No. 391 was filed in May 2017 by then-Senator Francis ""Kiko"" Pangilinan to allow detained Senator Leila de Lima to participate and vote on legislation, subject to court approval.']"
"To those who are asking what happened, a proposal was raised in the Senate to amend the rules so that senators can participate in sessions remotely through teleconferencing, including during the ongoing impeachment court proceedings. The majority bloc supported discussing and possibly voting on the measure, saying it would allow senators who are unable to physically attend—due to travel, health, or other reasons—to still take part in official legislative work.
 .
 However, minority senators strongly objected, saying the timing and process of the proposal are inappropriate because it is being introduced during an ongoing impeachment trial. They raised concerns about transparency, public trust, and the possibility that rule changes could affect how the proceedings are conducted. Due to the disagreement, several minority senators walked out, which resulted in the loss of quorum and temporarily stopped the Senate session from proceeding.
 credits to ate who spread this!","['To those who are asking what happened, a proposal was raised in the Senate to amend the rules so that senators can participate in sessions remotely through teleconferencing, including during the ongoing impeachment court proceedings.', 'The majority bloc supported discussing and possibly voting on the measure, saying it would allow senators who are unable to physically attend—due to travel, health, or other reasons—to still take part in official legislative work.', 'However, minority senators strongly objected, saying the timing and process of the proposal are inappropriate because it is being introduced during an ongoing impeachment trial.', 'They raised concerns about transparency, public trust, and the possibility that rule changes could affect how the proceedings are conducted.', 'Due to the disagreement, several minority senators walked out, which resulted in the loss of quorum and temporarily stopped the Senate session from proceeding.', 'credits to ate who spread this!']"
"i was told that our past government (not prrd nor pnoy, mas luma pa sa kanila) ang mga nasa position daw ay mga economista, abogado, at mga doctor daw. sana magging batas din na dapat may background tulad ng ganto ulit","['i was told that our past government (not prrd nor pnoy, mas luma pa sa kanila) ang mga nasa position daw ay mga economista, abogado, at mga doctor daw. sana magging batas din na dapat may background tulad ng ganto ulit']"
gets ko na . kasi dati si Trillanes dati hindi sya pinayagan c de Lima hindi din pinayagan lalo na c Enrile. kaya gusto ni Cayetano na pagbotohan kasi lamang sila sa bilang . so sure na pwde si bato makaboto via zoom .. wala naman pandemic bakit kailangan mag online voting .bakit pilit baliin Yun rules?,"['gets ko na . kasi dati si Trillanes dati hindi sya pinayagan c de Lima hindi din pinayagan lalo na c Enrile. kaya gusto ni Cayetano na pagbotohan', 'kasi lamang sila sa bilang . so sure na pwde si bato makaboto via zoom .. wala naman pandemic bakit kailangan mag online voting .bakit pilit baliin Yun rules?']"
legal background ni Robin is yung mapuno.,['legal background ni Robin is yung mapuno.']
"fun fact: pwede na kayo mag repost, pindutin nyo lang ng matagal yung like","['fun fact: pwede na kayo mag repost, pindutin nyo lang ng matagal yung like']"
"My Mali ang balitang ito d nyo pinalabas Yung linya na maganda, my Mali dito","['My Mali ang balitang ito d nyo pinalabas Yung linya na maganda, my Mali dito']"
"Thank God, kakalabas lang namin that time🥺","['Thank God, kakalabas lang namin that time🥺']"
kidapawan city north Cotabato Po. Kasi pag Cotabato lng. saan Banda sa Cotabato. my Cotabato city at my south Cotabato,"['kidapawan city north Cotabato Po.', 'Kasi pag Cotabato lng. saan Banda sa Cotabato. my Cotabato city at my south Cotabato']"
"Naranasan naman namin sa Gaisano Cebu ngkasunod sa parking lot. Grabe parang zombie tsunami palabs from 4th flr pa kami, baba agad kami, ksama baby pa","['Naranasan naman namin sa Gaisano Cebu ngkasunod sa parking lot.', 'Grabe parang zombie tsunami palabs from 4th flr pa kami, baba agad kami, ksama baby pa']"
"ako na since childhood may fear ako sa escalator, like everytime na aapak ako dyan nangangatog ako sa kaba HAHAHAHAHA","['ako na since childhood may fear ako sa escalator, like everytime na aapak ako dyan nangangatog ako sa kaba HAHAHAHAHA']"
grabe 'no kahit saan tlga my aksidente kahit di mo gustuhin..,['grabe 'no kahit saan tlga my aksidente kahit di mo gustuhin..']
dpat talaga with law background yung tatakbo bilang senator.,['dpat talaga with law background yung tatakbo bilang senator.']
"ok lang nmn onoine voting,voting online voting nga sa election pwede dba so why not ito ay di pwede","['ok lang nmn onoine voting,voting online voting nga sa election pwede dba so why not ito ay di pwede']"
Pag-aaralan kung kailan naputol na? Are we going backward? grabeng thinking yarn,"['Pag-aaralan kung kailan naputol na?', 'Are we going backward? grabeng thinking yarn']"
bat di manlang inisip ng DENR Yan bago nila I approve nila?,['bat di manlang inisip ng DENR Yan bago nila I approve nila?']
Maipagpilitan lng ung project. Pra s budget na nman kc. So kelan lalaki ung 50k seedlings? Kaya today?,"['Maipagpilitan lng ung project.', 'Pra s budget na nman kc.', 'So kelan lalaki ung 50k seedlings?', 'Kaya today?']"
"kung kelan nakaputol na ng marami? plus di lang basta puno, yung mga klase ng puno na pinutol is bihira na lang makita sa metro manila","['kung kelan nakaputol na ng marami? plus di lang basta puno, yung mga klase ng puno na pinutol is bihira na lang makita sa metro manila']"
Pag aaralan pa ang relocation? Kaya pala ang bilis maka approve sa pagputol kasi tinatamad pala maghanap ng pang relocation in the first place,"['Pag aaralan pa ang relocation?', 'Kaya pala ang bilis maka approve sa pagputol', 'kasi tinatamad pala maghanap ng pang relocation in the first place']"
E ano ngayon??? Sara padin for impeachment 💚💚💚💚💚,"['E ano ngayon???', 'Sara padin for impeachment 💚💚💚💚💚']"
eh wala nmn tlaga eh db nga personal is guilt hahaha,['eh wala nmn tlaga eh db nga personal is guilt hahaha']
"hindi ngani bagong motion yun nganiii, kasi may 11 pa ngani yung motion na yun nganii, tas mapapag-usapan na yan ngani kung minamadali ba o hindi ngani kung na approved na ang motion nganiii. plenary actions was already valid na ngani, kaya no need to restart the process nganiii","['hindi ngani bagong motion yun nganiii, kasi may 11 pa ngani yung motion na yun nganii, tas mapapag-usapan na yan ngani kung minamadali ba o hindi ngani kung na approved na ang motion nganiii. plenary actions was already valid na ngani, kaya no need to restart the process nganiii']"
I think you were wrong. There's no war in Ba Sing SE,"['I think you were wrong.', 'There's no war in Ba Sing SE']"
hoyy ate pupunta kmi bukas sa sm mall bibili kmi Ng school supplies ko 😭huhu bakit nmn I'm scared na😭😭,['hoyy ate pupunta kmi bukas sa sm mall bibili kmi Ng school supplies ko 😭huhu bakit nmn I'm scared na😭😭']
"Ngayon nyo pa lang pag-aaralan na i-relocate? Hindi naging option yon before mag start yung project? 🤦🏻‍♀️Nasaan na seedlings? Wala pa rin, naputol na wala pa ipampapalit? Ano balak sa areas na pinutulan ng puno, urban gardening? Ano at magkano naman plano doon? 🙄","['Ngayon nyo pa lang pag-aaralan na i-relocate?', 'Hindi naging option yon before mag start yung project? 🤦🏻‍♀️Nasaan na seedlings?', 'Wala pa rin, naputol na wala pa ipampapalit?', 'Ano balak sa areas na pinutulan ng puno, urban gardening?', 'Ano at magkano naman plano doon? 🙄']"
"ang dami dami dapat i critique sa video tas sasabi nyo ""eh ano namn?"" deym","['ang dami dami dapat i critique sa video tas sasabi nyo ""eh ano namn?"" deym']"
"former General, why kami magugulat ?","['former General, why kami magugulat ?']"
Alam na this,['Alam na this']
ok so magwalkout na lang? 😂,['ok so magwalkout na lang? 😂']
HINDI PA TALAGA HANDA ANG ILANG NASA GOBYERNO NA MARINIG ANG KATOTOHANAN NG DI NAPIPIKON! nakalimot si hontiveros sa resolution nila about de lima.,['HINDI PA TALAGA HANDA ANG ILANG NASA GOBYERNO NA MARINIG ANG KATOTOHANAN NG DI NAPIPIKON! nakalimot si hontiveros sa resolution nila about de lima.']
