Comments,Processed Comments,predicted_sentence
sige dun ka sa side ng NPA na kunwari pinaglalaban mga magsasaka pero kinukuha mga ani nila at pinipilit pa silang pakainin mga patay gutom na mga rebelde,['sige dun ka sa side ng NPA na kunwari pinaglalaban mga magsasaka pero kinukuha mga ani nila at pinipilit pa silang pakainin mga patay gutom na mga rebelde'],"['sige dun ka sa side ng NPA na kunwari pinaglalaban mga magsasaka pero kinukuha mga ani nila at pinipilit pa silang pakainin mga patay ', 'gutom na mga rebelde']"
in training pa lang,['in training pa lang'],['in training pa lang']
combat veteran na yun bumabak na eh,"['combat veteran na yun', 'bumabak na eh']","['combat veteran na yun ', 'bumabak na eh']"
Oh may bobo una sa lahat taga UP diliman ka tapos asa negros ka ano un fieldtrip  na research pa,"['Oh may bobo una sa lahat taga UP diliman ka tapos asa negros ka', 'ano un fieldtrip na research pa']",['Oh may bobo una sa lahat taga UP diliman ka tapos asa negros ka ano un fieldtrip  na research pa']
", planted? Pag may sundalong namatay? Planted din ba? Pag hanay nyo nawalan dami nyong ngaw ngaw at alibi. Kakampi nyo pa ang human rights! Wake up, sinisira lang ng kinabukasan nyo. Think of the hardship of your parents sending you to school para magkaroon lang kayo ng magandang buhay. Isa ka rin na activista na nalason o na brainwash!","['planted?', 'Pag may sundalong namatay?', 'Planted din ba?', 'Pag hanay nyo nawalan dami nyong ngaw ngaw at alibi.', 'Kakampi nyo pa ang human rights!', 'Wake up', 'sinisira lang ng kinabukasan nyo.', 'Think of the hardship of your parents sending you to school para magkaroon lang kayo ng magandang buhay.', 'Isa ka rin na activista na nalason o na brainwash!']","[', planted? ', 'Pag may sundalong namatay? ', 'Planted din ba? ', 'Pag hanay nyo nawalan dami nyong ngaw ngaw at alibi. ', 'Kakampi nyo pa ang human rights! ', 'Wake up, sinisira lang ng kinabukasan nyo. ', 'Think of the hardship of your parents sending you to school para magkaroon lang kayo ng magandang buhay. ', 'Isa ka rin na activista na nalason o na brainwash!']"
"yung previous kasi.. inairstrike yan sila.. tas yung mga katawan na ""cornbeef"" daw sabi nung mga nag retrieval.. lol..","['yung previous kasi..', 'inairstrike yan sila..', 'tas yung mga katawan na ""cornbeef"" daw sabi nung mga nag retrieval..', 'lol..']","['yung previous kasi.. ', 'inairstrike yan sila.. ', 'tas yung mga katawan na ""cornbeef"" ', 'daw sabi nung mga nag retrieval.. ', 'lol..']"
imagine mo na lang pag natamaan ka ng airstrike.,['imagine mo na lang pag natamaan ka ng airstrike.'],['imagine mo na lang pag natamaan ka ng airstrike.']
ok na yan kaysa nuclear pg yan kahit anino mu nd na mag.eexist sa map,"['ok na yan','kaysa nuclear pg yan kahit anino mu nd na mag.eexist sa map']","['ok na yan kaysa nuclear pg yan ', 'kahit anino mu nd na mag.eexist sa map']"
"no mali ka , kaya ginawang cornbip ang term sa NPA pag na eliminate, literally ksi nagiging giniling o durog na karne sila pag na air strike o na bombahan, literal na lasog lasog hindi yan sa kinakain, alam ko nag umpisa yang term na yan simula ng maka acquire pinas ng attack helicopter","['no mali ka', 'kaya ginawang cornbip ang term sa NPA pag na eliminate', 'literally ksi nagiging giniling o durog na karne sila pag na air strike o na bombahan', 'literal na lasog lasog hindi yan sa kinakain', 'alam ko nag umpisa yang term na yan simula ng maka acquire pinas ng attack helicopter']","['no mali ka , kaya ginawang cornbip ang term sa NPA pag na eliminate, literally ksi nagiging giniling o durog na karne sila pag na air strike o na bombahan, ', 'literal na lasog lasog hindi yan sa kinakain, ', 'alam ko nag umpisa yang term na yan simula ng maka acquire pinas ng attack helicopter']"
hahhaha .. mapalad na kumander. Kumander Iyot ng NPA,"['hahhaha ..', 'mapalad na kumander.', 'Kumander Iyot ng NPA']","['hahhaha .. ', 'mapalad na kumander. ', 'Kumander ', 'Iyot ng NPA']"
sayang walang vid limited edition na sana kasi fertilizer na yung actress,['sayang walang vid limited edition na sana kasi fertilizer na yung actress'],['sayang walang vid limited edition na sana kasi fertilizer na yung actress']
na may samang Perma Debuff (AIDs/HIV),['na may samang Perma Debuff (AIDs/HIV)'],['na may samang Perma Debuff (AIDs/HIV)']
"okay lang daw, para naman sa bayan 😅","['okay lang daw', 'para naman sa bayan 😅']","['okay lang daw, ', 'para naman sa bayan 😅']"
Маркес Марк walang vid sayang limited edition sana ang rarity fertilizer na yung actress,"['walang vid sayang', 'limited edition sana ang rarity fertilizer na yung actress']","['Маркес Марк ', 'walang vid sayang limited edition sana ang rarity fertilizer na yung actress']"
"from what I learned, aside from Alyssa who were unalive, there was also a teacher from that fight(???) it might be a small possibility na (idk what word to form) like brainwash or somesht? Idk","['from what I learned', 'aside from Alyssa who were unalive', 'there was also a teacher from that fight(???)', 'it might be a small possibility na (idk what word to form) like brainwash or somesht?', 'Idk']","['from what I learned, aside from Alyssa who were unalive, there was also a teacher from that fight(???) ', 'it might be a small possibility na (idk what word to form) like brainwash or somesht? ', 'Idk']"
"pano yun sa air strike sasabhin ng afp ""oh yung mga non combatant umalis muna kayo aatake kami""balik nalang kayo ulet pagtapos na ganon?","['pano yun sa air strike sasabhin ng afp ""oh yung mga non combatant umalis muna kayo aatake kami""', 'balik nalang kayo ulet pagtapos na ganon?']","['pano yun sa air strike ', 'sasabhin ng afp ', '""oh yung mga non combatant umalis muna kayo aatake kami""balik nalang kayo ulet pagtapos na ganon?']"
"according sa mga pictures na na post, the 19 fallen npa was wearing a full gear combat .","['according sa mga pictures na na post', 'the 19 fallen npa was wearing a full gear combat .']","['according sa mga pictures na na post, the 19 fallen npa was wearing a full gear combat .']"
"tanga ka ba??? May radar naman, pag red yung nagpakita kalaban tas pag green lang di yan combatants. Di ka kasi naglalaro mg War Front 2","['tanga ka ba???', 'May radar naman', 'pag red yung nagpakita kalaban tas pag green lang di yan combatants.', 'Di ka kasi naglalaro mg War Front 2']","['tanga ka ba??? ', 'May radar naman, pag red yung nagpakita kalaban tas pag green lang di yan combatants. ', 'Di ka kasi naglalaro mg War Front 2']"
"di ka lang align sa agenda. Di mo ba napansin yung mga napapasali sa kilusan iisa mindset, iisa muka iisa itsura.","['di ka lang align sa agenda.', 'Di mo ba napansin yung mga napapasali sa kilusan iisa mindset', 'iisa muka iisa itsura.']","['di ka lang align sa agenda. ', 'Di mo ba napansin yung mga napapasali sa kilusan iisa mindset, ', 'iisa muka iisa itsura.']"
Tsaka explain mo kung bakit kung walang nang bbrainwash bakit may sumasali sa kilusan? At bakit may namamatay na kagaya niyan?,"['Tsaka explain mo kung bakit kung walang nang bbrainwash bakit may sumasali sa kilusan?', 'At bakit may namamatay na kagaya niyan?']","['Tsaka explain mo kung bakit kung walang nang bbrainwash ', 'bakit may sumasali sa kilusan? ', 'At bakit may namamatay na kagaya niyan?']"
"kaya feeling ng pamilya nito ni Alyssa? Ano kaya nasa isip nila? 

Walay pulos na ideolohiya. Sayang sa kinabuhi.","['kaya feeling ng pamilya nito ni Alyssa?', 'Ano kaya nasa isip nila?', 'Walay pulos na ideolohiya.', 'Sayang sa kinabuhi.']","['kaya feeling ng pamilya nito ni Alyssa? ', 'Ano kaya nasa isip nila? ', '', 'Walay pulos na ideolohiya. ', 'Sayang sa kinabuhi.']"
NANDITO NA SYA BADDIEEE😂,['NANDITO NA SYA BADDIEEE😂'],['NANDITO NA SYA BADDIEEE😂']
gusto na nila mamatay e narape rape na sila e,['gusto na nila mamatay e narape rape na sila e'],['gusto na nila mamatay e narape rape na sila e']
"Nope, it’s the “durog durog” na katawan after ratratin nun in-airstrike sila.","['Nope', 'it’s the “durog durog” na katawan after ratratin nun in-airstrike sila.']","['Nope, it’s the “durog durog” na katawan after ratratin nun in-airstrike sila.']"
Corned beef na….,['Corned beef na….'],['Corned beef na….']
"Researchers. Pero. Naka full battle gear bullet proof, tapos naka M-16 pa🤣🤣🤣","['Researchers.', 'Pero.', 'Naka full battle gear bullet proof', 'tapos naka M-16 pa🤣🤣🤣']","['Researchers. ', 'Pero. ', 'Naka full battle gear bullet proof, tapos naka M-16 pa🤣🤣🤣']"
"Biruin mo parehas lang den naman silang estudyante, (victim of npa) vs Ph army (excellent scholar students), tapos student na npa lang naririnig mo sa balita,

Wala bang compliment ang mga former scholar students army ng ph Jan, date estudyante lang sila ngayun matatapang na sila humaharap sa buhay! 

Congrats to our nation defenders for safing our provinces.🫡","['Biruin mo parehas lang den naman silang estudyante', '(victim of npa) vs Ph army (excellent scholar students)', 'tapos student na npa lang naririnig mo sa balita', 'Wala bang compliment ang mga former scholar students army ng ph Jan', 'date estudyante lang sila ngayun matatapang na sila humaharap sa buhay!', 'Congrats to our nation defenders for safing our provinces.🫡']","['Biruin mo parehas lang den naman silang estudyante, (victim of npa) vs Ph army (excellent scholar students), ', 'tapos student na npa lang naririnig mo sa balita,', '', 'Wala bang compliment ang mga former scholar students army ng ph Jan, ', 'date estudyante lang sila ngayun matatapang na sila humaharap sa buhay! ', '', 'Congrats to our nation defenders for safing our provinces.🫡']"
"na ka-isko, let them know ✊🏽","['na ka-isko', 'let them know ✊🏽']","['na ka-isko, let them know ✊🏽']"
where are those “facts” showing na some UP/State U students are indeed part of an armed organization? Lol how sure are we that those full battle gear you’re talking about isn’t planted? You’re just red-tagging at this point.,"['where are those “facts” showing na some UP/State U students are indeed part of an armed organization?', 'Lol how sure are we that those full battle gear you’re talking about isn’t planted?', 'You’re just red-tagging at this point.']","['where are those “facts” showing na some UP/State U students are indeed part of an armed organization? ', 'Lol how sure are we that those full battle gear you’re talking about isn’t planted? ', 'You’re just red-tagging at this point.']"
KADIRI KA COVER PHOTO MO PA PAMILYA MO,['KADIRI KA '.'COVER PHOTO MO PA PAMILYA MO'],['KADIRI KA COVER PHOTO MO PA PAMILYA MO']
basta me kulay buhok..alams na,['basta me kulay buhok..alams na'],['basta me kulay buhok..alams na']
mas kadiri nag NPA tapos pag napatay sa engkwentro pa victim 😜😜😜🖕🖕🖕,['mas kadiri nag NPA tapos pag napatay sa engkwentro pa victim 😜😜😜🖕🖕🖕'],['mas kadiri nag NPA tapos pag napatay sa engkwentro pa victim 😜😜😜🖕🖕🖕']
"HAHAHAHAH odiba ugaling red tagger talaga, nakakita lang ng alternative yung style goth agad???? ayaw ng thirst trapper pero manyakis????? unlock mo muna account mo 😘","['HAHAHAHAH odiba ugaling red tagger talaga', 'nakakita lang ng alternative yung style goth agad????', 'ayaw ng thirst trapper pero manyakis?????', 'unlock mo muna account mo 😘']","['HAHAHAHAH ', 'odiba ugaling red tagger talaga, ', 'nakakita lang ng alternative yung style goth agad???? ', 'ayaw ng thirst trapper pero manyakis????? ', 'unlock mo muna account mo 😘']"
paano mo nalaman na naka full gear sila??? Nasa battleground ka ba that time?,"['paano mo nalaman na naka full gear sila???', 'Nasa battleground ka ba that time?']","['paano mo nalaman na naka full gear sila??? ', 'Nasa battleground ka ba that time?']"
bobo lang e no? ganyan kayo mag isip?,"['bobo lang e no?', 'ganyan kayo mag isip?']","['bobo lang e no? ', 'ganyan kayo mag isip?']"
lol may kuha ang afp sa mga labi nila gaya nung nahuli ng buhay nung nakaraan na nag baliw baliwan baka NPA uniform pa Hindi ka ba nanonood ng Balita?,"['lol may kuha ang afp sa mga labi nila gaya nung nahuli ng buhay nung nakaraan na nag baliw baliwan baka NPA uniform pa', 'Hindi ka ba nanonood ng Balita?']","['lol ', 'may kuha ang afp sa mga labi nila gaya nung nahuli ng buhay nung nakaraan na nag baliw baliwan baka ', 'NPA uniform pa ', 'Hindi ka ba nanonood ng Balita?']"
sabihin mo yan sa mga NPA representatives sa Congress na nagpakayaman gamit tax ng taumbayan,['sabihin mo yan sa mga NPA representatives sa Congress na nagpakayaman gamit tax ng taumbayan'],['sabihin mo yan sa mga NPA representatives sa Congress na nagpakayaman gamit tax ng taumbayan']
tapos tong mga hindot na tao tinatanong bat daw ginagawang katatawanan. malamang pota sa sobrang talino naging tanga na eh ayun giling.,"['tapos tong mga hindot na tao tinatanong bat daw ginagawang katatawanan.', 'malamang pota sa sobrang talino naging tanga na eh ayun giling.']","['tapos tong mga hindot na tao tinatanong bat daw ginagawang katatawanan. ', 'malamang pota sa sobrang talino naging tanga na eh ', 'ayun giling.']"
"lahat ng honorary
 wala na kwenta Pag naging NPA ka","['lahat ng honorary wala na kwenta', 'Pag naging NPA ka']","['lahat ng honorary', ' wala na kwenta ', 'Pag naging NPA ka']"
Uisagaissda SeonHo Hada mga tanga kasi yang estudyante na yan,['mga tanga kasi yang estudyante na yan'],['Uisagaissda SeonHo Hada mga tanga kasi yang estudyante na yan']
mas tanga ang nabibilib sa bulok na sistema ng gobyerno,['mas tanga ang nabibilib sa bulok na sistema ng gobyerno'],['mas tanga ang nabibilib sa bulok na sistema ng gobyerno']
IRONICALLY CIA IS ONE OF THE FOUNDER OF NPA ALONGSIDE NINOY AQUINO AND JOMA SISON..NAG EESCAPE GOAT NA LANG ANG CIA ALAM NILA MABUBULGAR SILA DAHIL SA INTERNET .. NOON PA MAN SA BICOL ONE OF THE  CAMARINES AIRPORT MAY USA C130 LUMALAPAG DYAN NA DI PINA PA ALAM SA PHILIPPINES MILITARY.. MGA SUPPLY PALA PARA SA NPA ..TO THINK BICOL IS THE STRONGHOLD OF NPA DAMI DYAN ..AT ISA PA ITO,"['IRONICALLY CIA IS ONE OF THE FOUNDER OF NPA ALONGSIDE NINOY AQUINO AND JOMA SISON..', 'NAG EESCAPE GOAT NA LANG ANG CIA ALAM NILA MABUBULGAR SILA DAHIL SA INTERNET ..', 'NOON PA MAN SA BICOL ONE OF THE CAMARINES AIRPORT MAY USA C130 LUMALAPAG DYAN NA DI PINA PA ALAM SA PHILIPPINES MILITARY..', 'MGA SUPPLY PALA PARA SA NPA ..', 'TO THINK BICOL IS THE STRONGHOLD OF NPA DAMI DYAN ..', 'AT ISA PA ITO']","['IRONICALLY CIA IS ONE OF THE FOUNDER OF NPA ALONGSIDE NINOY AQUINO AND JOMA SISON..NAG EESCAPE GOAT NA LANG ANG CIA ALAM NILA MABUBULGAR SILA DAHIL SA INTERNET .. ', 'NOON PA MAN SA BICOL ONE OF THE  CAMARINES AIRPORT MAY USA C130 LUMALAPAG DYAN NA DI PINA PA ALAM SA PHILIPPINES MILITARY.. ', 'MGA SUPPLY PALA PARA SA NPA ..TO THINK BICOL IS THE STRONGHOLD OF NPA DAMI DYAN ..AT ISA PA ITO']"
"na Corned Beef Daw...😅😅😅

Karne Norte sa Bomba","['na Corned Beef Daw...😅😅😅', 'Karne Norte sa Bomba']","['na Corned Beef Daw...😅😅😅', '', 'Karne Norte sa Bomba']"
"ah social media... Anong news outlets ba Kasi, mga bobo pa naman kayo na paniwalang paniwala sa mga post ☹️","['ah social media...', 'Anong news outlets ba Kasi', 'mga bobo pa naman kayo na paniwalang paniwala sa mga post ☹️']","['ah social media... ', 'Anong news outlets ba Kasi, mga bobo pa naman kayo na paniwalang paniwala sa mga post ☹️']"
"ito bobo Ohh, pakamatay ka ng walang saysay paransa ibang gaya ng. Mga NPA ay masahol. Pa sa 8080🤣 habang yung mga anak ng leader nag paparty, nag babakasyon sa mga resort/beaches🤣, yung mga feeling hero kuno na uto uto na mga studyante nag papa breeding ky commander at nasa bundok naging cornbip-19🤣","['ito bobo Ohh', 'pakamatay ka ng walang saysay para sa ibang gaya ng mga NPA ay masahol pa sa 8080🤣', 'habang yung mga anak ng leader nag paparty', 'nag babakasyon sa mga resort/beaches🤣', 'yung mga feeling hero kuno na uto uto na mga studyante nag papa breeding ky commander at nasa bundok naging cornbip-19🤣']","['ito bobo ', 'Ohh, pakamatay ka ng walang saysay paransa ibang gaya ng. ', 'Mga NPA ay masahol. ', 'Pa sa 8080🤣 ', 'habang yung mga anak ng leader nag paparty, nag babakasyon sa mga resort/beaches🤣, ', 'yung mga feeling hero kuno na uto uto na mga studyante nag papa breeding ky commander at nasa bundok naging cornbip-19🤣']"
"Bullshit. Give me the exact citation and reference sa evidence niyong ‘yan na naka full battle gear siya. Because as far as I've seen, ang daming nagsasabi niyan pero ni isang OFFICIAL STATEMENTS or NEWS ARTICLE from known sources posted such claims.","['Bullshit.', 'Give me the exact citation and reference sa evidence niyong ‘yan na naka full battle gear siya.', 'Because as far as I\'ve seen', 'ang daming nagsasabi niyan pero ni isang OFFICIAL STATEMENTS or NEWS ARTICLE from known sources posted such claims.']","['Bullshit. ', 'Give me the exact citation and reference sa evidence niyong ‘yan na naka full battle gear siya. ', ""Because as far as I've seen, ang daming nagsasabi niyan pero ni isang OFFICIAL STATEMENTS or NEWS ARTICLE from known sources posted such claims.""]"
"LENYA yan si ROGER JER JER, one the list na mostwanted sa pinas may million patong sa ulo kasama niyang naging cornbip-19. Kasama niya nag research yung mostwanted sa pinas🤣","['LENYA yan si ROGER JER JER', 'one the list na mostwanted sa pinas may million patong sa ulo kasama niyang naging cornbip-19.', 'Kasama niya nag research yung mostwanted sa pinas🤣']","['LENYA yan si ROGER JER JER, one the list na mostwanted sa pinas may million patong sa ulo kasama niyang naging cornbip-19. ', 'Kasama niya nag research yung mostwanted sa pinas🤣']"
ohh diba got you bitch hahaha ingat ka baka ikaw na sumunod na kormbip goth bitch 🤣🤣🤣🖕🖕🖕,"['ohh diba got you bitch hahaha', 'ingat ka baka ikaw na sumunod na kormbip goth bitch 🤣🤣🤣🖕🖕🖕']","['ohh diba got you bitch ', 'hahaha ', 'ingat ka baka ikaw na sumunod na kormbip ', 'goth bitch ', '🤣🤣🤣🖕🖕🖕']"
sampa na.,['sampa na.'],['sampa na.']
baddieee na mukhang baddding? 😂,['baddieee na mukhang baddding? 😂'],"['baddieee na mukhang baddding? ', '😂']"
"you're stupid, man. Tumahimik ka na lang kung wala kang magandang sasabihin. Maki-dalamhati ka hindi gan'yan.","['you're stupid', 'man'. 'Tumahimik ka na lang kung wala kang magandang sasabihin'. 'Maki-dalamhati ka hindi gan'yan.']","[""you're stupid, man. "", 'Tumahimik ka na lang kung wala kang magandang sasabihin. ', ""Maki-dalamhati ka hindi gan'yan.""]"
"aso ng mga kapitalista, utusan ng mga malalaking aso na general","['aso ng mga kapitalista', 'utusan ng mga malalaking aso na general']","['aso ng mga kapitalista, utusan ng mga malalaking aso na general']"
"sinu ba nabibilib sa system ng government natin aber? Porket galit ka sa gobyerno, sasama ka sa terrorist group activities at sa mga legal front nito na nag propromote ng socialism and communism?? Tanga ang tawag dun, mentally ill retards","['sinu ba nabibilib sa system ng government natin aber?', 'Porket galit ka sa gobyerno', 'sasama ka sa terrorist group activities at sa mga legal front nito na nag propromote ng socialism and communism??', 'Tanga ang tawag dun', 'mentally ill retards']","['sinu ba nabibilib sa system ng government natin aber? ', 'Porket galit ka sa gobyerno, sasama ka sa terrorist group activities at sa mga legal front nito na nag propromote ng socialism and communism?? ', 'Tanga ang tawag dun, mentally ill retards']"
"Uisagaissda SeonHo Hada truth! dspat sa malacanang sila, paalisin ang mga korap! hindi sa bundok! bakit kinakalaban nila sundalo wala namang ginagawa sa kanila. mabait pa nga sundalo pag nahuli siya di sila sinasaktan at pinapakain pa! basta huwag sila manguna sa barilan.","['dspat sa malacanang sila', 'paalisin ang mga korap!'.'hindi sa bundok!'.'bakit kinakalaban nila sundalo wala namang ginagawa sa kanila'.'mabait pa nga sundalo pag nahuli siya di sila sinasaktan at pinapakain pa!'.' basta huwag sila manguna sa barilan.']","['Uisagaissda SeonHo Hada truth! ', 'dspat sa malacanang sila, ', 'paalisin ang mga korap! ', 'hindi sa bundok! ', 'bakit kinakalaban nila sundalo ', 'wala namang ginagawa sa kanila. ', 'mabait pa nga sundalo pag nahuli siya di sila sinasaktan at pinapakain pa! ', 'basta huwag sila manguna sa barilan.']"
cornbip na po ba siya?,['cornbip na po ba siya?'],['cornbip na po ba siya?']
naka taste na ata siya Kay Kommander,['naka taste na ata siya Kay Kommander'],"['naka taste na ata siya ', 'Kay Kommander']"
"sabi ng mga mismong taga UP , may mga prof di umano at admin na ano din... kaya Open sila sa ganyan","['sabi ng mga mismong taga UP', 'may mga prof di umano at admin na ano din... '.'kaya Open sila sa ganyan']","['sabi ng mga mismong taga UP , may mga prof di umano at admin na ano din... ', 'kaya Open sila sa ganyan']"
basta product ng UP yan na susunod na magiging NPA. Tas yung mga lider sasarap ng buhay sa ibang bansa. Magagaling mangumbinsi ang mga prof. Iskolar ng bayan numbawan,"['basta product ng UP yan na susunod na magiging NPA.', 'Tas yung mga lider sasarap ng buhay sa ibang bansa.', 'Magagaling mangumbinsi ang mga prof.', 'Iskolar ng bayan numbawan']","['basta product ng UP yan na susunod na magiging NPA. ', 'Tas yung mga lider sasarap ng buhay sa ibang bansa. ', 'Magagaling mangumbinsi ang mga prof. ', 'Iskolar ng bayan numbawan']"
"kita mo talaga dito yung pagiging fangirl ni Dutae kay Joma Sison, yung expression nya habang kausap nya yung teroristang si Joma Sison, kita talaga na NPA dati si digong.","['kita mo talaga dito yung pagiging fangirl ni Dutae kay Joma Sison', 'yung expression nya habang kausap nya yung teroristang si Joma Sison', 'kita talaga na NPA dati si digong.']","['kita mo talaga dito yung pagiging fangirl ni Dutae kay Joma Sison, yung expression nya habang kausap nya yung teroristang si Joma Sison, kita talaga na NPA dati si digong.']"
"yep, alam ko dahil kahit sa Taiwan may existing na communist party. Pero bobo nag post ng picture sa taas lol","['yep', 'alam ko dahil kahit sa Taiwan may existing na communist party.', 'Pero bobo nag post ng picture sa taas lol']","['yep, alam ko dahil kahit sa Taiwan may existing na communist party. ', 'Pero bobo nag post ng picture sa taas lol']"
"isa pang problema sa mga so-called ""legal"" fronts ng left eh open secret na sila ang entry point ng mga kabataan papunta sa bundok.  Marami silang sinisirang buhay ng mga kabataan.","['isa pang problema sa mga so-called ""legal"" fronts ng left eh open secret na sila ang entry point ng mga kabataan papunta sa bundok.', 'Marami silang sinisirang buhay ng mga kabataan.']","['isa pang problema sa mga so-called ""legal"" fronts ng left eh open secret na sila ang entry point ng mga kabataan papunta sa bundok.  ', 'Marami silang sinisirang buhay ng mga kabataan.']"
ang masasabi ko lang eh maganda pangalan mo. :P,['ang masasabi ko lang eh maganda pangalan mo. :P'],['ang masasabi ko lang eh maganda pangalan mo. :P']
"Nabigo ang eskwelahan sa pagprotekta sa estudyante nila. 

Pag protekta sa maling impormasyon

Pag protekta laban sa mga gustong lumason sa isipan ng estudyante.

Bigo sa pag protekta sa kinabukasan ng bata.

Bigo ang eskwelahan. 

Kung hindi kayo bigo, sana buhay pa ang mga kabataan na yan. Sana may kinabukasan pa silang haharapin.","['Nabigo ang eskwelahan sa pagprotekta sa estudyante nila.', 'Pag protekta sa maling impormasyon.', 'Pag protekta laban sa mga gustong lumason sa isipan ng estudyante.', 'Bigo sa pag protekta sa kinabukasan ng bata.', 'Bigo ang eskwelahan.', 'Kung hindi kayo bigo', 'sana buhay pa ang mga kabataan na yan.', 'Sana may kinabukasan pa silang haharapin.']","['Nabigo ang eskwelahan sa pagprotekta sa estudyante nila. ', '', 'Pag protekta sa maling impormasyon', '', 'Pag protekta laban sa mga gustong lumason sa isipan ng estudyante.', '', 'Bigo sa pag protekta sa kinabukasan ng bata.', '', 'Bigo ang eskwelahan. ', '', 'Kung hindi kayo bigo, sana buhay pa ang mga kabataan na yan. ', 'Sana may kinabukasan pa silang haharapin.']"
Kasalanan niya yan. Naniwala siya sa baluktot na ideolohiya ng kaliwa. Sa pag aakala na may magagawa siya para mabago ang sistema.,"['Kasalanan niya yan.', 'Naniwala siya sa baluktot na ideolohiya ng kaliwa.', 'Sa pag aakala na may magagawa siya para mabago ang sistema.']","['Kasalanan niya yan. ', 'Naniwala siya sa baluktot na ideolohiya ng kaliwa. ', 'Sa pag aakala na may magagawa siya para mabago ang sistema.']"
"hindi nman yan sila kawalan kung mamatay mn sila, dahil magiging politiko pa yan sila pagdating ng panahon at siyang magpapahirap sa mga ordinaryong pilipino dahil nanakawin lng nila ang pondo ng bayan! so be it! let them die the way they wanted to....👎👎👎","['hindi nman yan sila kawalan kung mamatay mn sila', 'dahil magiging politiko pa yan sila pagdating ng panahon at siyang magpapahirap sa mga ordinaryong pilipino dahil nanakawin lng nila ang pondo ng bayan!', 'so be it!', 'let them die the way they wanted to....👎👎👎']","['hindi nman yan sila kawalan kung mamatay mn sila, dahil magiging politiko pa yan sila pagdating ng panahon at siyang magpapahirap sa mga ordinaryong pilipino dahil nanakawin lng nila ang pondo ng bayan! ', 'so be it! ', 'let them die the way they wanted to....👎👎👎']"
"Kawawa lang ang magulang mo. While watching this. Di ko masisi mga nasa comments section, dahil alam namin ang takbo at pag iisip ng NPA na yan.","['Kawawa lang ang magulang mo.', 'While watching this.', 'Di ko masisi mga nasa comments section', 'dahil alam namin ang takbo at pag iisip ng NPA na yan.']","['Kawawa lang ang magulang mo. ', 'While watching this. ', 'Di ko masisi mga nasa comments section, dahil alam namin ang takbo at pag iisip ng NPA na yan.']"
I think you need to do some fact checks and also research about community involvement in the Philippines there's a lot of articles there and isama mo na din yung hypocriticism ng Philippine army and iba pang organization sa government and you'd understand,['I think you need to do some fact checks and also research about community involvement in the Philippines'.' there's a lot of articles there and isama mo na din yung hypocriticism ng Philippine army and iba pang organization sa government and you'd understand'],"['I think you need to do some fact checks and also research about community involvement in the Philippines ', ""there's a lot of articles there and isama mo na din yung hypocriticism ng Philippine army and iba pang organization sa government and you'd understand""]"
d po ba sila pinasuot ng gears or nung umakyat sila nakasuot na sila nga ganyang gears?,['d po ba sila pinasuot ng gears or nung umakyat sila nakasuot na sila nga ganyang gears?'],['d po ba sila pinasuot ng gears or nung umakyat sila nakasuot na sila nga ganyang gears?']
bakit tinakpan pa yung muka?,['bakit tinakpan pa yung muka?'],['bakit tinakpan pa yung muka?']
was found armed &  in full tactical gear. Mahirap sugpuin ang communism sa UP kung may mga higher up or profs doon na recruiter for CCP NPA. That school needs massive government intervention.,"['was found armed & in full tactical gear.', 'Mahirap sugpuin ang communism sa UP kung may mga higher up or profs doon na recruiter for CCP NPA.', 'That school needs massive government intervention.']","['was found armed &  in full tactical gear. ', 'Mahirap sugpuin ang communism sa UP kung may mga higher up or profs doon na recruiter for CCP NPA. ', 'That school needs massive government intervention.']"
ang tinutukoy nia po ata is yung kasundaluhan natin na dating mga istudyante rin pero mas pinilit maging sundalo ng bansa natin...,['ang tinutukoy nia po ata is yung kasundaluhan natin na dating mga istudyante rin pero mas pinilit maging sundalo ng bansa natin...'],['ang tinutukoy nia po ata is yung kasundaluhan natin na dating mga istudyante rin pero mas pinilit maging sundalo ng bansa natin...']
"so if they are scholars they probably knows right from wrong. They choose it so they must accept the reward. In the first place kung may isip ka talaga di ka pwedi diktahan na ipaglaban mo ang ideolohiya ng IBA, para saan fame, money. Pinili mo kaya tanggapin Niya kung ano kahinatnan sa buhay nila.","['so if they are scholars they probably knows right from wrong.', 'They choose it so they must accept the reward.', 'In the first place kung may isip ka talaga di ka pwedi diktahan na ipaglaban mo ang ideolohiya ng IBA', 'para saan fame', 'money.', 'Pinili mo kaya tanggapin Niya kung ano kahinatnan sa buhay nila.']","['so if they are scholars they probably knows right from wrong. ', 'They choose it so they must accept the reward. ', 'In the first place kung may isip ka talaga di ka pwedi diktahan na ipaglaban mo ang ideolohiya ng IBA, para saan fame, money. ', 'Pinili mo kaya tanggapin Niya kung ano kahinatnan sa buhay nila.']"
"""Student na npa"" any concrete proof?","['""Student na npa"" any concrete proof?']","['""Student na npa"" ', 'any concrete proof?']"
"wala na di na havey, dinilete na niya kasi comment niya","['wala na di na havey', 'dinilete na niya kasi comment niya']","['wala na di na havey, ', 'dinilete na niya kasi comment niya']"
"oi pasosyal na palamunen, ikaw ang deserve m@m@tay dahil wala kang silbe sa lipunan🤣","['oi pasosyal na palamunen', 'ikaw ang deserve m@m@tay dahil wala kang silbe sa lipunan🤣']","['oi pasosyal na palamunen, ', 'ikaw ang deserve ', 'm@m@tay dahil wala kang silbe sa lipunan🤣']"
lost buddiee mabuti wala kung nandoon ka na corned beef ka rin hehehe,"['lost buddiee', 'mabuti wala kung nandoon ka na corned beef ka rin hehehe']","['lost buddiee ', 'mabuti wala kung nandoon ka na corned beef ka rin hehehe']"
MERON TALAGA BOBO LANG TALAGA KAYO LALO NA ANG MGA KAGAYA MO!,['MERON TALAGA BOBO LANG TALAGA KAYO LALO NA ANG MGA KAGAYA MO!'],['MERON TALAGA BOBO LANG TALAGA KAYO LALO NA ANG MGA KAGAYA MO!']
"oh? ano ung nabago? naging bakla lahat? naging pokpok mga babae ng kaliwa? naging corned beef mga yan? galit na galit ampota gustong sumunod sa yapak ng mga ""researchers"" na yan eh","['oh?', 'ano ung nabago?', 'naging bakla lahat?', 'naging pokpok mga babae ng kaliwa?', 'naging corned beef mga yan?', 'galit na galit ampota gustong sumunod sa yapak ng mga ""researchers"" na yan eh']","['oh? ', 'ano ung nabago? ', 'naging bakla lahat? ', 'naging pokpok mga babae ng kaliwa? ', 'naging corned beef ', 'mga yan? ', 'galit na galit ampota ', 'gustong sumunod sa yapak ng mga ""researchers"" ', 'na yan eh']"
send mo pa sakin pano ako makikipag diskusyon nyan kung naka off yung comment?,['send mo pa sakin pano ako makikipag diskusyon nyan kung naka off yung comment?'],['send mo pa sakin pano ako makikipag diskusyon nyan kung naka off yung comment?']
not the School its the individual with their idealisim sa amin sa PUP ang magandang ginawa nila is pag hindi ka naka graduate within specified timeline for what so ever reason hindi ka na makakapag enroll kaya na neutralize ung mga dating aktibista samin na naninirahan na sa PUP ung iba 10 years na ata nag aaral d pa matapos tapos makitakita mo andun sa kwarto ng mga aktibista naka tambay,"['not the School its the individual with their idealisim', 'sa amin sa PUP ang magandang ginawa nila is pag hindi ka naka graduate within specified timeline for what so ever reason hindi ka na makakapag enroll', 'kaya na neutralize ung mga dating aktibista samin na naninirahan na sa PUP ung iba 10 years na ata nag aaral d pa matapos tapos', 'makitakita mo andun sa kwarto ng mga aktibista naka tambay']","['not the School its the individual with their idealisim sa amin sa PUP ang magandang ginawa nila is pag hindi ka naka graduate within specified timeline for what so ever reason ', 'hindi ka na makakapag enroll kaya na neutralize ung mga dating aktibista samin na naninirahan na sa PUP ung iba 10 years na ata nag aaral d pa matapos tapos makitakita mo andun sa kwarto ng mga aktibista naka tambay']"
yun may recruiting effort yung NPA tapos hinahayaan lang nung gobyerno?,['yun may recruiting effort yung NPA tapos hinahayaan lang nung gobyerno?'],['yun may recruiting effort yung NPA tapos hinahayaan lang nung gobyerno?']
bobo kaba? pumipili ba ng target ang bala? nakita sya ng mga sundalo na kasama sa NPA malamang matatamaan talaga yan gamitin mo utak mo BOBO!,"['bobo kaba?', 'pumipili ba ng target ang bala?', 'nakita sya ng mga sundalo na kasama sa NPA malamang matatamaan talaga yan gamitin mo utak mo BOBO!']","['bobo kaba? ', 'pumipili ba ng target ang bala? ', 'nakita sya ng mga sundalo na kasama sa NPA ', 'malamang matatamaan talaga yan ', 'gamitin mo utak mo ', 'BOBO!']"
or na Deads di sila proud pagiging NPA nila??ganun ba yon??nag reresearch lang sila??so anong point ng pinaglalaban nila??,"['or na Deads di sila proud pagiging NPA nila??', 'ganun ba yon??', 'nag reresearch lang sila??', 'so anong point ng pinaglalaban nila??']",['or na Deads di sila proud pagiging NPA nila??ganun ba yon??nag reresearch lang sila??so anong point ng pinaglalaban nila??']
"tama ito, di basta basta gumagalaw mga militar na walang planning operation meetings, surveillance, hanggang sa execution.","['tama ito', 'di basta basta gumagalaw mga militar na walang planning operation meetings', 'surveillance', 'hanggang sa execution.']","['tama ito, di basta basta gumagalaw mga militar na walang planning operation meetings, surveillance, hanggang sa execution.']"
inassume mo na agad. Retarded comment detected,"['inassume mo na agad.', 'Retarded comment detected']","['inassume mo na agad. ', 'Retarded comment detected']"
"wala akong ina-assume sa comment ko, dahil hindi isolated case yan dito sa pilipinas...ikaw ang nag-aassume na retarted ang comment na wala k nmang inilatag na ebidensiya kung bkit ang isang estudyante ng U.P ay napunta dun sa bundok... parang taga-ibang planeta ka n di mo alam ang nangyayari sa bansa natin? o bka wala ka sa realidad ng buhay? may saltik ka pag ganern....😂😂😂","['wala akong ina-assume sa comment ko', 'dahil hindi isolated case yan dito sa pilipinas...', 'ikaw ang nag-aassume na retarted ang comment na wala k nmang inilatag na ebidensiya kung bkit ang isang estudyante ng U.P ay napunta dun sa bundok...', 'parang taga-ibang planeta ka n di mo alam ang nangyayari sa bansa natin?', 'o bka wala ka sa realidad ng buhay?', 'may saltik ka pag ganern....😂😂😂']","['wala akong ina-assume sa comment ko, dahil hindi isolated case yan dito sa pilipinas...ikaw ang nag-aassume na retarted ang comment na wala k nmang inilatag na ebidensiya kung bkit ang isang estudyante ng U.P ay napunta dun sa bundok... ', 'parang taga-ibang planeta ka n di mo alam ang nangyayari sa bansa natin? ', 'o bka wala ka sa realidad ng buhay? ', 'may saltik ka pag ganern....😂😂😂']"
sabagay magiging rida din to nian na dakdak lang paepal lang wala naman nagagawa trapo din magnanakaw pa din insert pa more 🤣,"['sabagay magiging rida din to nian na dakdak lang paepal lang wala naman nagagawa', 'trapo din magnanakaw pa din insert pa more 🤣']","['sabagay magiging rida din to nian na ', 'dakdak lang paepal lang ', 'wala naman nagagawa ', 'trapo din ', 'magnanakaw pa din insert pa more 🤣']"
bread na,['bread na'],['bread na']
"kung may manloloko, may maloloko at worse mamamatay. dun nalang ako sa tesda. sigurado may magandang trabaho at walang manghihikayat patungong kaliwa. makakain na nga lang ng cornsilog.","['kung may manloloko', 'may maloloko at worse mamamatay.', 'dun nalang ako sa tesda.', 'sigurado may magandang trabaho at walang manghihikayat patungong kaliwa.', 'makakain na nga lang ng cornsilog.']","['kung may manloloko, ', 'may maloloko at worse mamamatay. ', 'dun nalang ako sa tesda. ', 'sigurado may magandang trabaho at walang manghihikayat patungong kaliwa. ', 'makakain na nga lang ng cornsilog.']"
"Sayang ang future ng bata.. palaisipan.. Bakit kadalsan pag may encounter, may nahuhuli o nappatay na student-researcher? sino ang nagpadala sa kanila sa area? Wala bang pananagutan ang mga yn sa ilalim ng ating batas?","['Sayang ang future ng bata..', 'palaisipan..', 'Bakit kadalsan pag may encounter', 'may nahuhuli o nappatay na student-researcher?', 'sino ang nagpadala sa kanila sa area?', 'Wala bang pananagutan ang mga yn sa ilalim ng ating batas?']","['Sayang ang future ng bata.. ', 'palaisipan.. ', 'Bakit kadalsan pag may encounter, may nahuhuli o nappatay na student-researcher? ', 'sino ang nagpadala sa kanila sa area? ', 'Wala bang pananagutan ang mga yn sa ilalim ng ating batas?']"
nag research lang tapos ending kornbip!,['nag research lang tapos ending kornbip!'],['nag research lang tapos ending kornbip!']
kung kelan mas modern na ang mundo mas dumadami pa ang tanqa sa mga university🤔,['kung kelan mas modern na ang mundo mas dumadami pa ang tanqa sa mga university🤔'],"['kung kelan mas modern na ang mundo ', 'mas dumadami pa ang tanqa sa mga university🤔']"
hayaan muna mahalaga may enough na talino tayo para piliin maging tao kesa cornbeef,"['hayaan muna', 'mahalaga may enough na talino tayo para piliin maging tao kesa cornbeef']","['hayaan muna mahalaga ', 'may enough na talino tayo para piliin maging tao ', 'kesa ', 'cornbeef']"
oh paki ko dyan? Point dito pare parehas yan. Bobo hahhaha sesend mo pic nung Isa pero Yung suportado mong polpolitiko hindi? Tanga lang?,"['oh paki ko dyan?', 'Point dito pare parehas yan.', 'Bobo hahhaha', 'sesend mo pic nung Isa pero Yung suportado mong polpolitiko hindi?', 'Tanga lang?']","['oh paki ko dyan? ', 'Point dito pare parehas yan. ', 'Bobo hahhaha sesend mo pic nung Isa pero ', 'Yung suportado mong polpolitiko hindi? ', 'Tanga lang?']"
"ok na sana eh kaso yung cornbeef foul bro 
UP student ako and kahit ako di ako sasali sa NPA, maganda yung point ng comment nya walang mali ang ipaglaban ang tama sa Pinas pero yung sasali sa terrorist group nahh.","['ok na sana eh kaso yung beef foul bro', 'UP student ako and kahit ako di ako sasali sa NPA', 'maganda yung point ng comment nya walang mali ang ipaglaban ang tama sa Pinas pero yung sasali sa terrorist group nahh.']","['ok na sana eh kaso yung cornbeef foul bro ', 'UP student ako and kahit ako di ako sasali sa NPA, ', 'maganda yung point ng comment nya walang mali ang ipaglaban ang tama sa Pinas pero yung sasali sa terrorist group nahh.']"
tanda mo na bopols kpa din hahaha 🤣😂,['tanda mo na bopols kpa din hahaha 🤣😂'],"['tanda mo na bopols ', 'kpa din ', 'hahaha 🤣😂']"
baddie mo na corned beef na 🤣🤣🤣,['baddie mo na corned beef na 🤣🤣🤣'],['baddie mo na corned beef na 🤣🤣🤣']
"What the heck, namatay na nga ung tao ganyan pa mga pinag sasabi nyong mga depungal kayo, kalalaking tao nahinga ampota","['What the heck', 'namatay na nga ung tao ganyan pa mga pinag sasabi nyong mga depungal kayo', 'kalalaking tao nahinga ampota']","['What the heck, ', 'namatay na nga ung tao ganyan pa mga pinag sasabi nyong mga depungal kayo, ', 'kalalaking tao nahinga ampota']"
please shamel wag kang mamundok. Gagawin ka lang parausan ni komander HAHAHA,"['please shamel wag kang mamundok.', 'Gagawin ka lang parausan ni komander HAHAHA']","['please shamel wag kang mamundok. ', 'Gagawin ka lang parausan ni komander ', 'HAHAHA']"
hahaha brooo stop defending her. Kronbip na yan. You cant smash her.,"['hahaha brooo stop defending her.', 'Kronbip na yan.', 'You cant smash her.']","['hahaha brooo stop defending her. ', 'Kronbip na yan. ', 'You cant smash her.']"
kung pangit ako ano pa kaya itatawag sayo pabibong palamunen 🤣🤣🤣,['kung pangit ako ano pa kaya itatawag sayo pabibong palamunen 🤣🤣🤣'],"['kung pangit ako ', 'ano pa kaya itatawag sayo pabibong palamunen 🤣🤣🤣']"
nag college Tesda affiliated Ako Walaan lang akong nasagupa na mga liking kaliwa napaka payapa talaga Ng Buhay kung mag aaral ka lang Saka mo na problemahin problema Ng pilipinas,"['nag college Tesda affiliated Ako', 'Walaan lang akong nasagupa na mga liking kaliwa', 'napaka payapa talaga Ng Buhay kung mag aaral ka lang', 'Saka mo na problemahin problema Ng pilipinas']","['nag college ', 'Tesda affiliated ', 'Ako ', 'Walaan lang akong nasagupa na mga liking kaliwa napaka payapa talaga ', 'Ng Buhay kung mag aaral ka lang ', 'Saka mo na problemahin problema ', 'Ng pilipinas']"
noon pa yan may mga condoms at pills na narerecover pag naraid sila. Di ko lang alam ngayon 😂😂,"['noon pa yan may mga condoms at pills na narerecover pag naraid sila.', 'Di ko lang alam ngayon 😂😂']","['noon pa yan may mga condoms at pills na narerecover pag naraid sila. ', 'Di ko lang alam ngayon 😂😂']"
really? making joke about rape? sana okay ka lang,"['really?', 'making joke about rape?', 'sana okay ka lang']","['really? ', 'making joke about rape? ', 'sana okay ka lang']"
kaya pangit lasa ng cdo cornedr beef mas masarap yung sa o! save tapos di pa galing pinas,"['kaya pangit lasa ng cdo cornedr beef', 'mas masarap yung sa o! save tapos di pa galing pinas']","['kaya pangit ', 'lasa ng cdo cornedr beef ', 'mas masarap yung sa o! ', 'save tapos di pa galing pinas']"
"Akyat na sa bundok,need nila ng kapalit since nalagasan kayo naging corned beef 19😂😂","['Akyat na sa bundok', 'need nila ng kapalit since nalagasan kayo naging corned beef 19😂😂']","['Akyat na sa bundok,need nila ng kapalit since nalagasan kayo naging corned beef 19😂😂']"
atupagin mu buhay mu...pg nagkaron k ng anak n rebelde saka k yumawyaw...puro kayo may pa hero complex maglaba ng mga panty n'yo d n'yo nga magawa...ni hindi nyo p kayang buhayin mga sarili n'yo npkayayabang n'yo...ska kayo mgyabang kundi kayo nagsisitakbo dn s mga magulang n'yo..,"['atupagin mu buhay mu...', 'pg nagkaron k ng anak n rebelde saka k yumawyaw...', 'puro kayo may pa hero complex maglaba ng mga panty n\'yo d n\'yo nga magawa...', 'ni hindi nyo p kayang buhayin mga sarili n\'yo npkayayabang n\'yo...', 'ska kayo mgyabang kundi kayo nagsisitakbo dn s mga magulang n\'yo..']","[""atupagin mu buhay mu...pg nagkaron k ng anak n rebelde saka k yumawyaw...puro kayo may pa hero complex maglaba ng mga panty n'yo d n'yo nga magawa...ni hindi nyo p kayang buhayin mga sarili n'yo npkayayabang n'yo...ska kayo mgyabang kundi kayo nagsisitakbo dn s mga magulang n'yo..""]"
Pinag sasabi mo girl? Obligasyon ng magulang na palakihin ang anak nila kung di nagawa sayo yon ng magulang mo kawawa ka naman. hindi mayabang ang pagkakaron ng kaalaman sa paligid at sa nangyayari sa lipunan. Edi sana DI KAYO NAG ANAK KUNG AYAW NIYO NA MAY UMASANG ANAK SAINYO 8080!,"['Pinag sasabi mo girl?', 'Obligasyon ng magulang na palakihin ang anak nila kung di nagawa sayo yon ng magulang mo kawawa ka naman.', 'hindi mayabang ang pagkakaron ng kaalaman sa paligid at sa nangyayari sa lipunan.', 'Edi sana DI KAYO NAG ANAK KUNG AYAW NIYO NA MAY UMASANG ANAK SAINYO 8080!']","['Pinag sasabi mo girl? ', 'Obligasyon ng magulang na palakihin ang anak nila kung di nagawa sayo yon ng magulang mo kawawa ka naman. ', 'hindi mayabang ang pagkakaron ng kaalaman sa paligid at sa nangyayari sa lipunan. ', 'Edi sana ', 'DI KAYO NAG ANAK KUNG AYAW NIYO NA MAY UMASANG ANAK SAINYO 8080!']"
"Erwin Libres-Mijares Vergara FYI lang ah. 1% lang ng graduates ng UP ang sumasali sa ganyan. mas marami paring graduate ng UP ang walang pake o hindi nasali sa mga NPA. FYI lang, di lang yan sa UP maging sa ibang unibersidad","['FYI lang ah.', '1% lang ng graduates ng UP ang sumasali sa ganyan.', 'mas marami paring graduate ng UP ang walang pake o hindi nasali sa mga NPA.', 'FYI lang', 'di lang yan sa UP maging sa ibang unibersidad']","['Erwin Libres-Mijares Vergara ', 'FYI lang ah. ', '1% lang ng graduates ng UP ang sumasali sa ganyan. ', 'mas marami paring graduate ng UP ang walang pake o hindi nasali sa mga NPA. ', 'FYI lang, di lang yan sa UP maging sa ibang unibersidad']"
Erwin Libres-Mijares Vergara matagal na sayang inuboy ni bangag at inday sayad,['matagal na sayang inuboy ni bangag at inday sayad'],"['Erwin Libres-Mijares ', 'Vergara ', 'matagal na sayang inuboy ni bangag at inday sayad']"
"well, you can say na galing sila sa UP ok, pero ilan ba graduates ng UP as compared sa dami ng sumaling NPA na graduate ng UP?
May point is, bakit gegeneralize nio na lahat ng UP graduate e NPA o rebelde o aktibista when in fact, mas marami ang di naman sumasali sa mga NPA or whatnot group

to think of it, karamihan sa mga managers or managerial positions ng private and public firms, UP graduate. lalo na public service.","['well', 'you can say na galing sila sa UP ok', 'pero ilan ba graduates ng UP as compared sa dami ng sumaling NPA na graduate ng UP?', 'May point is', 'bakit gegeneralize nio na lahat ng UP graduate e NPA o rebelde o aktibista when in fact', 'mas marami ang di naman sumasali sa mga NPA or whatnot group', 'to think of it', 'karamihan sa mga managers or managerial positions ng private and public firms', 'UP graduate.', 'lalo na public service.']","['well, you can say na galing sila sa UP ', 'ok, pero ilan ba graduates ng UP as compared sa dami ng sumaling NPA na graduate ng UP?', 'May point is, bakit gegeneralize nio na lahat ng UP graduate e NPA o rebelde o aktibista when in fact, mas marami ang di naman sumasali sa mga NPA or whatnot group', '', 'to think of it, karamihan sa mga managers or managerial positions ng private and public firms, UP graduate. ', 'lalo na public service.']"
"syempre, sino ba may pake sa magsasakang namatay na lumalaban para sa lupa nila? MALAMANG ANG IBABALITA YUNG MGA UP OR MGA ISKOLAR PARA SIRAAN ANG MGA TAO","['syempre', 'sino ba may pake sa magsasakang namatay na lumalaban para sa lupa nila?', 'MALAMANG ANG IBABALITA YUNG MGA UP OR MGA ISKOLAR PARA SIRAAN ANG MGA TAO']","['syempre, sino ba may pake sa magsasakang namatay na lumalaban para sa lupa nila? ', 'MALAMANG ANG IBABALITA YUNG MGA UP OR MGA ISKOLAR PARA SIRAAN ANG MGA TAO']"
Sa sobrang broke ng mga incel na to pati patay pinaglilibugan ih,['Sa sobrang broke ng mga incel na to pati patay pinaglilibugan ih'],['Sa sobrang broke ng mga incel na to pati patay pinaglilibugan ih']
P*T**NA HAHAHAHAHAHAHHAAHAHHAAA CASTING COUCH NOW FERTILIZER LATER 🤣🤣,"['P*TNA HAHAHAHAHAHAHHAAHAHHAAA', 'CASTING COUCH NOW FERTILIZER LATER 🤣🤣']",['P*T**NA HAHAHAHAHAHAHHAAHAHHAAA CASTING COUCH NOW FERTILIZER LATER 🤣🤣']
"bagong brand na ng corned beef yan ah ""Maki-baka""","['bagong brand na ng corned beef yan ah ""Maki-baka""']","['bagong brand na ng corned beef yan ah ', '""Maki-baka""']"
sunod ka na din dun dala ka armas ah,['sunod ka na din dun dala ka armas ah'],['sunod ka na din dun dala ka armas ah']
akala nila simpleng airsoft war games lang.. 😥,['akala nila simpleng airsoft war games lang.. 😥'],['akala nila simpleng airsoft war games lang.. 😥']
excluded paano NASA Grupo sya pàg operation ng army kaya na corned beef sya dahil alam nya na may operaston ang military bakit di sila umalis bobo ka man guro,"['excluded paano NASA Grupo sya pàg operation ng army kaya na corned beef sya dahil alam nya na may operaston ang military', 'bakit di sila umalis bobo ka man guro']","['excluded paano NASA Grupo sya pàg operation ng army kaya na corned beef sya dahil alam nya na may operaston ang military ', 'bakit di sila umalis bobo ka man guro']"
baka akala mo hindi naka full gear combatant mga NPA na nirecruit,['baka akala mo hindi naka full gear combatant mga NPA na nirecruit'],"['baka akala mo hindi naka full gear combatant ', 'mga NPA na nirecruit']"
"bobo ka talaga eh no. apaka-inutil mong kupal ka. dapat sa mga katulad mo, hindi na dapat gumagamit ng social media platforms eh. respeto na nga lang kaya mong ibigay sa namatay, hindi mo pa magawang tarantado ka. tingnan lang natin kung matuwa ka pa kung mangyari 'yan sa mga anak.","['bobo ka talaga eh no.', 'apaka-inutil mong kupal ka.', 'dapat sa mga katulad mo', 'hindi na dapat gumagamit ng social media platforms eh.', 'respeto na nga lang kaya mong ibigay sa namatay', 'hindi mo pa magawang tarantado ka.', 'tingnan lang natin kung matuwa ka pa kung mangyari \'yan sa mga anak.']","['bobo ka talaga eh no. ', 'apaka-inutil mong kupal ka. ', 'dapat sa mga katulad mo, hindi na dapat gumagamit ng social media platforms eh. ', 'respeto na nga lang kaya mong ibigay sa namatay, ', 'hindi mo pa magawang tarantado ka. ', ""tingnan lang natin kung matuwa ka pa kung mangyari 'yan sa mga anak.""]"
"lol mahina ka rin puro tiktok ka lang yata eh, manood ka ng mga videos ni Dennis Eclarin para naman aware ka! Kung anong mangyayari sayo pag namundok ka","['lol mahina ka rin puro tiktok ka lang yata eh', 'manood ka ng mga videos ni Dennis Eclarin para naman aware ka!', 'Kung anong mangyayari sayo pag namundok ka']","['lol ', 'mahina ka rin puro tiktok ka lang yata ', 'eh, ', 'manood ka ng mga videos ni Dennis Eclarin para naman aware ka! ', 'Kung anong mangyayari sayo pag namundok ka']"
dapat ipasara ang up at ikulong kasuhan yang mga recruiters na yan,['dapat ipasara ang up at ikulong kasuhan yang mga recruiters na yan'],['dapat ipasara ang up at ikulong kasuhan yang mga recruiters na yan']
Kain + Tulog + Computer = LIFE wala namang isisira kung sira na MIsmo sa umpisa plng Ang imahe Ng up sa pg breed Ng mga communist at activist,"['Kain + Tulog + Computer = LIFE', 'wala namang isisira kung sira na MIsmo sa umpisa plng Ang imahe Ng up sa pg breed Ng mga communist at activist']","['Kain + Tulog + Computer = LIFE ', 'wala namang isisira kung sira na ', 'MIsmo sa umpisa plng ', 'Ang imahe Ng up sa pg breed ', 'Ng mga communist at activist']"
"ewan ko sa mga namumundok. kung anong plano nila sa buhay nila. kung mamundok sila at sumali sa NPA, wala kaming pake. pero di tama na igeneralize nio ang buong UP campus dun. besides, di lang naman UP ang my gnyan e. maraming schools ang my ganyan. paano ung mga graduates ng UP, NPA dn ba sila? sa supreme court lang e, karamihan dun mga UP graduates, NPA dn ba sila?","['ewan ko sa mga namumundok.', 'kung anong plano nila sa buhay nila.', 'kung mamundok sila at sumali sa NPA', 'wala kaming pake.', 'pero di tama na igeneralize nio ang buong UP campus dun.', 'besides', 'di lang naman UP ang my gnyan e.', 'maraming schools ang my ganyan.', 'paano ung mga graduates ng UP', 'NPA dn ba sila?', 'sa supreme court lang e', 'karamihan dun mga UP graduates', 'NPA dn ba sila?']","['ewan ko sa mga namumundok. ', 'kung anong plano nila sa buhay nila. ', 'kung mamundok sila at sumali sa NPA, ', 'wala kaming pake. ', 'pero di tama na igeneralize nio ang buong UP campus dun. ', 'besides, di lang naman UP ang my gnyan e. ', 'maraming schools ang my ganyan. ', 'paano ung mga graduates ng UP, NPA dn ba sila? ', 'sa supreme court lang e, ', 'karamihan dun mga UP graduates, NPA dn ba sila?']"
o ano ba ginawa Ng school na up para pigilan Ang pg dami Ng mga activista at rebelde na Galing sa institution nila? Kesa I condemn Ang mga communista ung kinocondemn Ang afp na gnagawa lng nmn Ng sandatahang pilipinas Ang tungkulin nila.,"['o ano ba ginawa Ng school na up para pigilan Ang pg dami Ng mga activista at rebelde na Galing sa institution nila?', 'Kesa I condemn Ang mga communista ung kinocondemn Ang afp na gnagawa lng nmn Ng sandatahang pilipinas Ang tungkulin nila.']","['o ano ba ginawa Ng school na up para pigilan ', 'Ang pg dami Ng mga activista at rebelde na Galing sa institution nila? ', 'Kesa I condemn ', 'Ang mga communista ung kinocondemn ', 'Ang afp na gnagawa lng nmn ', 'Ng sandatahang pilipinas ', 'Ang tungkulin nila.']"
"well, kung di ka tga UP di mo tlga alam. pero di nangingialam ang UP sa mga layunin ng mga estudyante, kung gusto mo mamundok, edi mamundok ka, kung gusto mo magtapos at maing successful sa buhay, edi magging successful ka.  di kami sinasakal sa kung ano ang dapat naming gawin sa buhay. alam mo mgnda dun? karamihan sa mga managerial na positions sa gobyerno, mga UP graduate. karamihan sa mga Hukop, UP graduate. Mga researchers, UP graduate. naging NPA ba sila? 

if hindi, i rest my case.","['well', 'kung di ka tga UP di mo tlga alam.', 'pero di nangingialam ang UP sa mga layunin ng mga estudyante', 'kung gusto mo mamundok', 'edi mamundok ka', 'kung gusto mo magtapos at maing successful sa buhay', 'edi magging successful ka.', 'di kami sinasakal sa kung ano ang dapat naming gawin sa buhay.', 'alam mo mgnda dun?', 'karamihan sa mga managerial na positions sa gobyerno', 'mga UP graduate.', 'karamihan sa mga Hukop', 'UP graduate.', 'Mga researchers', 'UP graduate.', 'naging NPA ba sila?', 'if hindi', 'i rest my case.']","['well, kung di ka tga UP di mo tlga alam. ', 'pero di nangingialam ang UP sa mga layunin ng mga estudyante, ', 'kung gusto mo mamundok, ', 'edi mamundok ka, ', 'kung gusto mo magtapos at maing successful sa buhay, ', 'edi magging successful ka.  ', 'di kami sinasakal sa kung ano ang dapat naming gawin sa buhay. ', 'alam mo mgnda dun? ', 'karamihan sa mga managerial na positions sa gobyerno, mga UP graduate. ', 'karamihan sa mga Hukop, UP graduate. ', 'Mga researchers, UP graduate. ', 'naging NPA ba sila? ', '', 'if hindi, i rest my case.']"
"dahil yun lang ang nababalita o binabalita. May mga kilala ako sa college days na sumali ng LFS at naging NPA na kalaunan. Ilan sa kanila patay na dahil din sa engkuwentro laban sa militar,  pero dahil hindi naman kilala at galing din sa hindi promeninteng university sa probinsya, hindi nabibigyan ng pansin.","['dahil yun lang ang nababalita o binabalita.', 'May mga kilala ako sa college days na sumali ng LFS at naging NPA na kalaunan.', 'Ilan sa kanila patay na dahil din sa engkuwentro laban sa militar', 'pero dahil hindi naman kilala at galing din sa hindi promeninteng university sa probinsya', 'hindi nabibigyan ng pansin.']","['dahil yun lang ang nababalita o binabalita. ', 'May mga kilala ako sa college days na sumali ng LFS at naging NPA na kalaunan. ', 'Ilan sa kanila patay na dahil din sa engkuwentro laban sa militar,  pero dahil hindi naman kilala at galing din sa hindi promeninteng university sa probinsya, hindi nabibigyan ng pansin.']"
FYI DIN YUNG 1 Percent NA SINASABE ALAM MUBA GANO KALAKING PERA YAN HAHAHA,['FYI DIN YUNG 1 Percent NA SINASABE ALAM MUBA GANO KALAKING PERA YAN HAHAHA'],['FYI DIN YUNG 1 Percent NA SINASABE ALAM MUBA GANO KALAKING PERA YAN HAHAHA']
"never pa ako nakarinig ng ibang University na namatay or nahuli sa encounter sa NPA, since birth lagi talaga UP Diliman at kabataan partylist 🤣","['never pa ako nakarinig ng ibang University na namatay or nahuli sa encounter sa NPA', 'since birth lagi talaga UP Diliman at kabataan partylist 🤣']","['never pa ako nakarinig ng ibang University na namatay or nahuli sa encounter sa NPA, since birth lagi talaga UP Diliman at kabataan partylist 🤣']"
"ano pinagsasasabi mo, ung nakaraang nakulong sa Mindoro sa DSLU Benilde un. imagine Benilde un ah. yung mga nakabakbakan din sa mindoro mga PUP. palibhasa, selective kayo sa Balita, pag my NPA, UP agad. tska babalik tayo sa una kong argument, bakit karamihan sa mga high end positions ng gobyerno mga UP graduate? mga dating senador UP graudate? mga hukom UP graduate? dun ka lang kasi nakatingin sa 1% e","['ano pinagsasasabi mo', 'ung nakaraang nakulong sa Mindoro sa DSLU Benilde un.', 'imagine Benilde un ah.', 'yung mga nakabakbakan din sa mindoro mga PUP.', 'palibhasa', 'selective kayo sa Balita', 'pag my NPA', 'UP agad.', 'tska babalik tayo sa una kong argument', 'bakit karamihan sa mga high end positions ng gobyerno mga UP graduate?', 'mga dating senador UP graudate?', 'mga hukom UP graduate?', 'dun ka lang kasi nakatingin sa 1% e']","['ano pinagsasasabi mo, ung nakaraang nakulong sa Mindoro sa DSLU Benilde un. ', 'imagine Benilde un ah. ', 'yung mga nakabakbakan din sa mindoro mga PUP. ', 'palibhasa, selective kayo sa Balita, pag my NPA, UP agad. ', 'tska babalik tayo sa una kong argument, ', 'bakit karamihan sa mga high end positions ng gobyerno mga UP graduate? ', 'mga dating senador UP graudate? ', 'mga hukom UP graduate? ', 'dun ka lang kasi nakatingin sa 1% e']"
Brainwashed pa more corn beef later 🤣🤣,['Brainwashed pa more corn beef later 🤣🤣'],['Brainwashed pa more corn beef later 🤣🤣']
"anu yun, iilag ba yung bala kasi alam nung bala na non-combatant ka? Yung tao na may katawan at isip, dapat yun iiwas sa disgrasya.. Panong isang 1st year student eh nakikipamuhay sa sakahan? Kung anak ko yan, di bale nang mabugbog ko yan, wag lang makasama sa ganyang mga grupo.. Non-sense eh, 1st year student, may emersion agad, tapos ang course walang kinalaman sa agriculture or environment..","['anu yun', 'iilag ba yung bala kasi alam nung bala na non-combatant ka?', 'Yung tao na may katawan at isip', 'dapat yun iiwas sa disgrasya..', 'Panong isang 1st year student eh nakikipamuhay sa sakahan?', 'Kung anak ko yan', 'di bale nang mabugbog ko yan', 'wag lang makasama sa ganyang mga grupo..', 'Non-sense eh', '1st year student', 'may emersion agad', 'tapos ang course walang kinalaman sa agriculture or environment..']","['anu yun, iilag ba yung bala kasi alam nung bala na non-combatant ka? ', 'Yung tao na may katawan at isip, dapat yun iiwas sa disgrasya.. ', 'Panong isang 1st year student eh nakikipamuhay sa sakahan? ', 'Kung anak ko yan, di bale nang mabugbog ko yan, wag lang makasama sa ganyang mga grupo.. ', 'Non-sense eh, ', '1st year student, may emersion agad, ', 'tapos ang course walang kinalaman sa agriculture or environment..']"
may wall hack kaya Naman na nakafull gear,['may wall hack kaya Naman na nakafull gear'],"['may wall hack kaya ', 'Naman na nakafull gear']"
combatant alam nman natin na wlang ganyan sa Npeyys lahat yan combatant handa at willing magbuwis ng buhay un nga lng wlang kwenta pgkamatay nila.,"['combatant alam nman natin na wlang ganyan sa Npeyys', 'lahat yan combatant handa at willing magbuwis ng buhay un nga lng wlang kwenta pgkamatay nila.']",['combatant alam nman natin na wlang ganyan sa Npeyys lahat yan combatant handa at willing magbuwis ng buhay un nga lng wlang kwenta pgkamatay nila.']
nabembang na ni kumander yan saka ibang cadre.,['nabembang na ni kumander yan saka ibang cadre.'],['nabembang na ni kumander yan saka ibang cadre.']
nakasama c kumander maging corned beef nyan eh hahaha sa ilalim ng lupa na cla mag enjoy haha,"['nakasama c kumander maging corned beef nyan eh hahaha', 'sa ilalim ng lupa na cla mag enjoy haha']","['nakasama ', 'c kumander ', 'maging corned beef nyan ', 'eh ', 'hahaha ', 'sa ilalim ng lupa na cla mag enjoy ', 'haha']"
had the same thought dahil sa pic na ginamit,['had the same thought dahil sa pic na ginamit'],"['had the same thought ', 'dahil sa pic na ginamit']"
"ExcRoze ExcRoze kung manyak ang kumander nila, mas manyak kayo kasi ginagantungan niyo pa, tama? Inoobjectify nyo pa lalo ang mga babae. Kung meron mang kumander paki lapag","[' kung manyak ang kumander nila', 'mas manyak kayo kasi ginagantungan niyo pa', 'tama?', 'Inoobjectify nyo pa lalo ang mga babae.', 'Kung meron mang kumander paki lapag']","['ExcRoze ', 'ExcRoze ', 'kung manyak ang kumander nila, mas manyak kayo kasi ginagantungan niyo pa, tama? ', 'Inoobjectify nyo pa lalo ang mga babae. ', 'Kung meron mang kumander paki lapag']"
"alam mo naman dds puro kabastusan alam nyan, kaya nga noong finingger ni duterte yung katulong tuwang tuwa sila. Saka yung si duterte daw dapat mauna sa australian na narape.","['alam mo naman dds puro kabastusan alam nyan', 'kaya nga noong finingger ni duterte yung katulong tuwang tuwa sila.', 'Saka yung si duterte daw dapat mauna sa australian na narape.']","['alam mo naman dds puro kabastusan alam nyan, kaya nga noong finingger ni duterte yung katulong tuwang tuwa sila. ', 'Saka yung si duterte daw dapat mauna sa australian na narape.']"
e yung finifingger ni dutae yung katulong? Saka yung sya mauuna sa australian na narape? Pati si quiboloy na minolestiya yung mga tao sa kojc? Huwag mong sabihin na yan e gawa gawa naman?,"['e yung finifingger ni dutae yung katulong?', 'Saka yung sya mauuna sa australian na narape?', 'Pati si quiboloy na minolestiya yung mga tao sa kojc?', 'Huwag mong sabihin na yan e gawa gawa naman?']","['e yung finifingger ni dutae yung katulong? ', 'Saka yung sya mauuna sa australian na narape? ', 'Pati si quiboloy na minolestiya yung mga tao sa kojc? ', 'Huwag mong sabihin na yan e gawa gawa naman?']"
nagalit na Isang myembro,['nagalit na Isang myembro'],"['nagalit na ', 'Isang myembro']"
"sorry na and good job 🥰 taga UP ka? Mag aral ka mabuti wag kana gumaya sa mga sumasali sa NPA, wag ka ma stress sa mga comments dahil opinion ko nlng yan, just do good, give results at someday mababago rin ang tingin ng mga tax payers na tulad ko sa mga schoolar ng UP Diliman","['sorry na and good job 🥰 taga UP ka?', 'Mag aral ka mabuti wag kana gumaya sa mga sumasali sa NPA', 'wag ka ma stress sa mga comments dahil opinion ko nlng yan', 'just do good', 'give results at someday mababago rin ang tingin ng mga tax payers na tulad ko sa mga schoolar ng UP Diliman']","['sorry na and good job 🥰 ', 'taga UP ka? ', 'Mag aral ka mabuti wag kana gumaya sa mga sumasali sa NPA, ', 'wag ka ma stress sa mga comments dahil opinion ko nlng yan, ', 'just do good, ', 'give results at someday ', 'mababago rin ang tingin ng mga tax payers na tulad ko sa mga schoolar ng UP ', 'Diliman']"
"magaral? matagal na akong graduate. FYI din pala, di lahat ng studyante ng UP, galing sa tax payer. my mga group lang mga studyente, marami dun pag above threshold ung family salary bracket mo babayaran mo prn ung full tuition.","['magaral?', 'matagal na akong graduate.', 'FYI din pala', 'di lahat ng studyante ng UP', 'galing sa tax payer.', 'my mga group lang mga studyente', 'marami dun pag above threshold ung family salary bracket mo babayaran mo prn ung full tuition.']","['magaral? ', 'matagal na akong graduate. ', 'FYI din pala, di lahat ng studyante ng UP, galing sa tax payer. ', 'my mga group lang mga studyente, ', 'marami dun pag above threshold ung family salary bracket mo babayaran mo prn ung full tuition.']"
"Erwin Libres-Mijares Vergara uy ilang taon na ako sa UP wala naman sakin nagrerecruit, watch your words haha","['Erwin Libres-Mijares Vergara uy ilang taon na ako sa UP wala naman sakin nagrerecruit', 'watch your words haha']","['Erwin Libres-Mijares Vergara uy ilang taon na ako sa UP ', 'wala naman sakin ', 'nagrerecruit, watch your words haha']"
"gagu kung walang nagtatanggol sa karapatan nyo lalong lugmok ang Pinas. ilang taon na ako sa UP walang nagrerecruit sakin, saka wala akong balak sumali sa NPA mahal ko buhay ko noh haha. Ang tama is ipaglaban ang karapatan natin Pilipino, walang masama ang mag welga at ipaglaban ang tama o rights, ang mali eh sumali sa NPA gets,  gets?","['gagu kung walang nagtatanggol sa karapatan nyo lalong lugmok ang Pinas.', 'ilang taon na ako sa UP walang nagrerecruit sakin', 'saka wala akong balak sumali sa NPA mahal ko buhay ko noh haha.', 'Ang tama is ipaglaban ang karapatan natin Pilipino', 'walang masama ang mag welga at ipaglaban ang tama o rights', 'ang mali eh sumali sa NPA gets', 'gets?']","['gagu kung walang nagtatanggol sa karapatan nyo lalong lugmok ang Pinas. ', 'ilang taon na ako sa UP walang nagrerecruit sakin, ', 'saka wala akong balak sumali sa NPA mahal ko buhay ko noh haha. ', 'Ang tama is ipaglaban ang karapatan natin Pilipino, ', 'walang masama ang mag welga at ipaglaban ang tama o rights, ang mali eh sumali sa NPA gets,  gets?']"
paki ko sa upcat upcat na yn? Cno bh gsto pumasok sa school Ng NPA. Ikaw lng at Ang mga bobo mong wokies,"['paki ko sa upcat upcat na yn?', 'Cno bh gsto pumasok sa school Ng NPA.', 'Ikaw lng at Ang mga bobo mong wokies']","['paki ko sa upcat upcat na yn? ', 'Cno bh gsto pumasok sa school ', 'Ng NPA. ', 'Ikaw lng at ', 'Ang mga bobo mong wokies']"
ۦۦ ۦۦ ۦۦ ۦۦ broke pa Ang gusto. Hahaha please mag research ka kung Anu ginagawa Ng mga guerilla front commander sa mga bagong recruit Ng npa. Na babae Lalo na kung maitsura nakakaawa.,"['ۦۦ ۦۦ ۦۦ ۦۦ broke pa Ang gusto.', 'Hahaha please mag research ka kung Anu ginagawa Ng mga guerilla front commander sa mga bagong recruit Ng npa.', 'Na babae Lalo na kung maitsura nakakaawa.']","['ۦۦ ۦۦ ۦۦ ۦۦ ', 'broke pa ', 'Ang gusto. ', 'Hahaha please mag research ka kung Anu ginagawa ', 'Ng mga guerilla front commander sa mga bagong recruit ', 'Ng npa. ', 'Na babae ', 'Lalo na kung maitsura nakakaawa.']"
paldong paldo si kumander hahah sulit na sulit daw magpapapak sa lamok may inaakyat namn daw na mga fresh meat palagi e hahahahah,"['paldong paldo si kumander hahah', 'sulit na sulit daw magpapapak sa lamok may inaakyat namn daw na mga fresh meat palagi e hahahahah']","['paldong paldo ', 'si kumander ', 'hahah ', 'sulit na sulit daw magpapapak sa lamok ', 'may inaakyat namn daw na mga fresh meat palagi e ', 'hahahahah']"
Pano niyo nalaman na may ginagawang ganyan ang mga commander? Kaanib kayo? 🤣 Or same kayo ng manyak mindset?,"['Pano niyo nalaman na may ginagawang ganyan ang mga commander?', 'Kaanib kayo? 🤣', 'Or same kayo ng manyak mindset?']","['Pano niyo nalaman na may ginagawang ganyan ang mga commander? ', 'Kaanib kayo? 🤣 ', 'Or same kayo ng manyak mindset?']"
"Pag sinabi siguro sa internet na kumain ka tae kakain ka din. Tsaka hindi siya NPA, its either sumama siya sa mga members for immersion or research sa mga nangyayare sa mga magsasaka ng Negros.","['Pag sinabi siguro sa internet na kumain ka tae kakain ka din.', 'Tsaka hindi siya NPA', 'its either sumama siya sa mga members for immersion or research sa mga nangyayare sa mga magsasaka ng Negros.']","['Pag sinabi siguro sa internet na kumain ka tae kakain ka din. ', 'Tsaka hindi siya NPA, its either sumama siya sa mga members for immersion or research sa mga nangyayare sa mga magsasaka ng Negros.']"
lost film na yan,['lost film na yan'],['lost film na yan']
ۦۦ ۦۦ ۦۦ ۦۦ research ng walang military escort sa area na puro rebeldeng communista? Sus hahahahah,"['ۦۦ ۦۦ ۦۦ ۦۦ research ng walang military escort sa area na puro rebeldeng communista?', 'Sus hahahahah']","['ۦۦ ۦۦ ۦۦ ۦۦ ', 'research ng walang military escort sa area na puro rebeldeng communista? ', 'Sus hahahahah']"
mumurahin na sana kita pero tang ina mo parin matulog ng maaga bawasan kaka laro ng online games huh 🤣🤣🤣🤣,"['mumurahin na sana kita pero tang ina mo parin', 'matulog ng maaga bawasan kaka laro ng online games huh 🤣🤣🤣🤣']","['mumurahin na sana kita ', 'pero tang ina mo parin matulog ng maaga ', 'bawasan ', 'kaka laro ng online games ', 'huh ', '🤣🤣🤣🤣']"
bat Ano ba pinag lalaban ng mga NPA na komunista Pano Tayo maging gaya ng China North Korea Russia  its not make sense nasa democrats country na tayo just live a peaceful life.,"['bat Ano ba pinag lalaban ng mga NPA na komunista', 'Pano Tayo maging gaya ng China North Korea Russia', 'its not make sense nasa democrats country na tayo just live a peaceful life.']","['bat ', 'Ano ba pinag lalaban ng mga NPA na komunista ', 'Pano Tayo maging gaya ng China North Korea ', 'Russia  ', 'its not make sense ', 'nasa democrats country na tayo ', 'just live a peaceful life.']"
walang coordination sa LGU sa NPA-infested na territory?,['walang coordination sa LGU sa NPA-infested na territory?'],['walang coordination sa LGU sa NPA-infested na territory?']
nanggigigil ako sayo…mabatokan na talaga kita,['nanggigigil ako sayo…mabatokan na talaga kita'],['nanggigigil ako sayo…mabatokan na talaga kita']
ayun na tikoy tuloy sa aobrang mulat pumikit bigla.,['ayun na tikoy tuloy sa aobrang mulat pumikit bigla.'],['ayun na tikoy tuloy sa aobrang mulat pumikit bigla.']
"Lar aba ang Linis ah.. Sasabihin niyo Inioobjectify kayu pero kung Manamit kayu Halos Kita na Kaluluwa niyo.. ano Feminism!? Ulol dun ka sa Western! Puta Landi rin naman.. Kay Cummander sa NPA
Wala Pinilili Basta Kadyot Agad...

Ka Edukadang Babae Madaling MaBrainwash, Weak!","['Lar aba ang Linis ah..', 'Sasabihin niyo Inioobjectify kayu pero kung Manamit kayu Halos Kita na Kaluluwa niyo..', 'ano Feminism!?', 'Ulol dun ka sa Western!', 'Puta Landi rin naman..', 'Kay Cummander sa NPA Wala Pinilili Basta Kadyot Agad...', 'Ka Edukadang Babae Madaling MaBrainwash', 'Weak!']","['Lar aba ang Linis ah.. ', 'Sasabihin niyo Inioobjectify kayu pero kung Manamit kayu ', 'Halos Kita na Kaluluwa niyo.. ', 'ano Feminism!? ', 'Ulol dun ka sa Western! ', 'Puta Landi rin naman.. ', 'Kay Cummander sa NPA', 'Wala Pinilili Basta Kadyot Agad...', '', 'Ka Edukadang Babae Madaling MaBrainwash, Weak!']"
yung bakla! Sanay na sanay chumupa. Wahaha,"['yung bakla!', 'Sanay na sanay chumupa.', 'Wahaha']","['yung bakla! ', 'Sanay na sanay chumupa. ', 'Wahaha']"
marami wag na ideny,['marami wag na ideny'],['marami wag na ideny']
uy andino na naman ang bading na tagapag tanggol ng mga terrorirsta. At least di naging parausa ng kumander hahaha,"['uy andino na naman ang bading na tagapag tanggol ng mga terrorirsta.', 'At least di naging parausa ng kumander hahaha']","['uy andino na naman ang bading na tagapag tanggol ng mga terrorirsta. ', 'At least di naging parausa ng kumander hahaha']"
"ginaya mo pa ako sainyong mga dds source nyo tiktok, yt at SMNI hahahahhaha","['ginaya mo pa ako sainyong mga dds source nyo tiktok', 'yt at SMNI hahahahhaha']","['ginaya mo pa ako sainyong mga dds source nyo tiktok, ', 'yt at SMNI ', 'hahahahhaha']"
asan source mo na ginanyan si alyanna? eh student research ginawa nag babasa ka ba? land grabbing yung issue. NAG BABASA KA BA?,"['asan source mo na ginanyan si alyanna?', 'eh student research ginawa nag babasa ka ba?', 'land grabbing yung issue.', 'NAG BABASA KA BA?']","['asan source mo na ginanyan si alyanna? ', 'eh student research ginawa nag babasa ka ba? ', 'land grabbing yung issue. ', 'NAG BABASA KA BA?']"
ngayon ka lang pinanganak? Hahahaha,"['ngayon ka lang pinanganak?', 'Hahaha']","['ngayon ka lang pinanganak? ', 'Hahahaha']"
"bo is bo second degree ko na ito. Hahahaha 22-xxxxx student number ko sa UP hahahahah
Engr na itong binobobo mo at may mga sariling business eh ikaw bukod sa pangit ka na nga wala ka utak HAHAHAHA
Nasa mood ako pumatol ng mga bobong pangit tulad mo para maranasan niyo din patulan hahahaha","['bo is bo second degree ko na ito.', 'Hahaha 22-xxxxx student number ko sa UP hahahahah', 'Engr na itong binobobo mo at may mga sariling business eh ikaw bukod sa pangit ka na nga wala ka utak HAHAHAHA', 'Nasa mood ako pumatol ng mga bobong pangit tulad mo para maranasan niyo din patulan hahahaha']","['bo is bo second degree ko na ito. ', 'Hahahaha ', '22-xxxxx student number ko sa UP ', 'hahahahah', 'Engr na itong binobobo mo at may mga sariling business eh ikaw bukod sa pangit ka na nga wala ka utak ', 'HAHAHAHA', 'Nasa mood ako pumatol ng mga bobong pangit tulad mo para maranasan niyo din patulan hahahaha']"
2nd degree sa ano? BSBOBO at BSNPA? Hahaha Tanga ka kc gwapong gwapo kna sa hitsurya mo na Yan? Poging pogi sa sarili mataas ego yan Ang tatak up rebelde na bobo pa,"['2nd degree sa ano?', 'BSBOBO at BSNPA?', 'Hahaha Tanga ka kc gwapong gwapo kna sa hitsurya mo na Yan?', 'Poging pogi sa sarili mataas ego yan Ang tatak up rebelde na bobo pa']","['2nd degree sa ano? ', 'BSBOBO at BSNPA? ', 'Hahaha ', 'Tanga ka kc gwapong gwapo kna sa hitsurya mo na Yan? ', 'Poging pogi sa sarili mataas ego yan ', 'Ang tatak up rebelde na bobo pa']"
kahit na balita GMA at ABS-CBN ayaw ilabas bakit kaya,['kahit na balita GMA at ABS-CBN ayaw ilabas bakit kaya'],"['kahit na balita ', 'GMA at ABS-CBN ayaw ilabas bakit kaya']"
"syempre, para ang alam lang ng ibang mamamayan eh afp ang masama. Tapos rebolusyonaryong bayani yang mga yan","['syempre', 'para ang alam lang ng ibang mamamayan eh afp ang masama.', 'Tapos rebolusyonaryong bayani yang mga yan']","['syempre, para ang alam lang ng ibang mamamayan eh afp ang masama. ', 'Tapos rebolusyonaryong bayani yang mga yan']"
bakit Hindi Sila nag coordinate sa lgu Kong nag conduct Sila ng research at Bago Sila umakyat sa budok may military dapat naka assist sa kanila Kong totoo na sila ay panig sa hanay ng gov...pero iba ginawa nila eh halatang mga leftist.,['bakit Hindi Sila nag coordinate sa lgu Kong nag conduct Sila ng research at Bago Sila umakyat sa budok may military dapat naka assist sa kanila Kong totoo na sila ay panig sa hanay ng gov...pero iba ginawa nila eh halatang mga leftist.'],"['bakit Hindi Sila nag coordinate sa lgu Kong nag conduct Sila ng research at Bago Sila umakyat sa budok may military dapat naka assist sa kanila ', 'Kong totoo na sila ay panig sa hanay ng gov...pero iba ginawa nila eh halatang mga leftist.']"
"pangmahirap lang ang batas na meron tayo ,",['pangmahirap lang ang batas na meron tayo'],"['pangmahirap lang ang batas na meron tayo ,']"
nakapagtaka tlga laging galing U.P hahah panong walang recruitment na nagyayari Jan hahahah,['nakapagtaka tlga laging galing U.P hahah panong walang recruitment na nagyayari Jan hahahah'],"['nakapagtaka tlga laging galing U.P ', 'hahah panong walang recruitment na nagyayari ', 'Jan ', 'hahahah']"
Na brainwash nna kasi kaya ganyan wlaa nearing future kasi na baloktot na mga isip dpat mga anak nyo pag na laman na suma sali sa ganyan welga pa tigilin nyo na baka umuwi kahon nayan,['Na brainwash nna kasi kaya ganyan wlaa nearing future kasi na baloktot na mga isip dpat mga anak nyo pag na laman na suma sali sa ganyan welga pa tigilin nyo na baka umuwi kahon nayan'],"['Na brainwash nna kasi kaya ganyan wlaa nearing future kasi na baloktot na mga isip dpat mga anak nyo pag na laman na suma sali sa ganyan ', 'welga pa tigilin nyo na baka umuwi kahon nayan']"
tama po lalo isolated yong bundok na pwede mapugaran ng NPA dapat nakipag coordinate muna sila sa lgu.,['tama po lalo isolated yong bundok na pwede mapugaran ng NPA dapat nakipag coordinate muna sila sa lgu.'],['tama po lalo isolated yong bundok na pwede mapugaran ng NPA dapat nakipag coordinate muna sila sa lgu.']
Kaya kung mag papaaral kayo sa Ateneo or De La Salle 😊 malamang walang mahirap na NPA naka pasok doon para mag recruit 😂,['Kaya kung mag papaaral kayo sa Ateneo or De La Salle 😊 malamang walang mahirap na NPA naka pasok doon para mag recruit 😂'],"['Kaya kung mag papaaral kayo sa Ateneo or De La Salle 😊 ', 'malamang walang mahirap na NPA naka pasok doon para mag recruit 😂']"
parang napanuod ko na to dati ah... 🤔🤔🤔,['parang napanuod ko na to dati ah... 🤔🤔🤔'],"['parang napanuod ko na to dati ah... ', '🤔🤔🤔']"
"Kinakamkam ng mga oligarch yung mga lupa sa Negros, tingin mo kanino sila kakampi? Bumoboto kayo ng mga nangangamkam tapos gusto niyo kakampi sila sa mga ordinaryong magsasaka? Kasama na diyan naissue yung pamilya ni Jose Mari Chan na isa sa mga nangangamkam ng lupa diyan","['Kinakamkam ng mga oligarch yung mga lupa sa Negros', 'tingin mo kanino sila kakampi?', 'Bumoboto kayo ng mga nangangamkam tapos gusto niyo kakampi sila sa mga ordinaryong magsasaka?', 'Kasama na diyan naissue yung pamilya ni Jose Mari Chan na isa sa mga nangangamkam ng lupa diyan']","['Kinakamkam ng mga oligarch yung mga lupa sa Negros, tingin mo kanino sila kakampi? ', 'Bumoboto kayo ng mga nangangamkam tapos gusto niyo kakampi sila sa mga ordinaryong magsasaka? ', 'Kasama na diyan naissue yung pamilya ni Jose Mari Chan na isa sa mga nangangamkam ng lupa diyan']"
ۦۦ ۦۦ ۦۦ ۦۦ then nasan ang documents na may emersion? alam kaya ng magulang nya?,"['ۦۦ ۦۦ ۦۦ ۦۦ then nasan ang documents na may emersion?', 'alam kaya ng magulang nya?']","['ۦۦ ۦۦ ۦۦ ۦۦ ', 'then nasan ang documents na may emersion? ', 'alam kaya ng magulang nya?']"
ۦۦ ۦۦ ۦۦ ۦۦ same script gasgas na,['ۦۦ ۦۦ ۦۦ ۦۦ same script gasgas na'],"['ۦۦ ۦۦ ۦۦ ۦۦ ', 'same script gasgas na']"
ۦۦ ۦۦ ۦۦ ۦۦ more pa na namatay na npa,['ۦۦ ۦۦ ۦۦ ۦۦ more pa na namatay na npa'],"['ۦۦ ۦۦ ۦۦ ۦۦ ', 'more ', 'pa na namatay na npa']"
"If your son/daughter in college join the student council or SUPREME STUDENT GOVERNMENT, e double check gyud intawn kai naka bantay mu once belong na sila ana nga body, hait na kaayu murag kinsa, di nana maminaw..punteryahun nana sa mga activist ilang position, dha nana mag sugud. Mao na usa ra akung ma sulit ani nga hitabu ""MIRISI""","['If your son/daughter in college join the student council or SUPREME STUDENT GOVERNMENT', 'e double check gyud intawn kai naka bantay mu once belong na sila ana nga body', 'hait na kaayu murag kinsa', 'di nana maminaw..punteryahun nana sa mga activist ilang position', 'dha nana mag sugud.', 'Mao na usa ra akung ma sulit ani nga hitabu ""MIRISI""']","['If your son/daughter in college join the student council or SUPREME STUDENT GOVERNMENT, ', 'e double check gyud intawn kai naka bantay mu once belong na sila ana nga body, ', 'hait na kaayu murag kinsa, ', 'di nana maminaw..punteryahun nana sa mga activist ilang position, dha nana mag sugud. ', 'Mao na usa ra akung ma sulit ani nga hitabu ""MIRISI""']"
Nabawssan na naman ang prospect ni kumander.... 😅😅😅,['Nabawssan na naman ang prospect ni kumander.... 😅😅😅'],"['Nabawssan na naman ang prospect ni kumander.... ', '😅😅😅']"
"2 lang yan, corned beef or Jowa ni Kumander","['2 lang yan', 'corned beef or Jowa ni Kumander']","['2 lang yan, ', 'corned beef or Jowa ni Kumander']"
Sinayang nya lang Buhay nya,['Sinayang nya lang Buhay nya'],['Sinayang nya lang Buhay nya']
"ۦۦ ۦۦ ۦۦ ۦۦ nako makitid utak ng mga yan.  di nila alam ang immersion na sinasabi , mahirap talaga pag low iq kausap haha ..mga mahilig sa puta yan. kaya yan ang bukambibig nila.  banal banalan pa yan ha","['ۦۦ ۦۦ ۦۦ ۦۦ nako makitid utak ng mga yan.', 'di nila alam ang immersion na sinasabi', 'mahirap talaga pag low iq kausap haha ..mga mahilig sa puta yan.', 'kaya yan ang bukambibig nila.', 'banal banalan pa yan ha']","['ۦۦ ۦۦ ۦۦ ۦۦ ', 'nako makitid utak ng mga yan.  ', 'di nila alam ang immersion na sinasabi , ', 'mahirap talaga pag low iq kausap ', 'haha ..mga mahilig sa puta yan. ', 'kaya yan ang bukambibig nila.  ', 'banal banalan pa yan ha']"
research  pinunta pero sa NPA sumama?  Dami namang pweding samahan na matino at environmental organizations teh!?bakit dun pa? Hindi ba sila nanonood ng Balita? Eh war zone ng NPA at AFP ang lugar na yun dun? 🤦🏻‍♂️,"['research pinunta pero sa NPA sumama?', 'Dami namang pweding samahan na matino at environmental organizations teh!?', 'bakit dun pa?', 'Hindi ba sila nanonood ng Balita?', 'Eh war zone ng NPA at AFP ang lugar na yun dun? 🤦🏻‍♂️']","['research  pinunta pero sa NPA sumama?  ', 'Dami namang pweding samahan na matino at environmental organizations teh!?bakit dun pa? ', 'Hindi ba sila nanonood ng Balita? ', 'Eh war zone ng NPA at AFP ang lugar na yun dun? ', '🤦🏻\u200d♂️']"
pano mi naman nasabeng palamonen?? Nakuha mo lang cguro yan sa sarili mo reflection ng sarili mo AHAHAHAHAHHA WAWA KA KOYA ISA KA RING GAGO EH BULOK NA NGA GAGO PA TYPICAL NA UTAK ALIMANGO MENTALITY 🤣,"['pano mi naman nasabeng palamonen??', 'Nakuha mo lang cguro yan sa sarili mo reflection ng sarili mo AHAHAHAHAHHA WAWA KA KOYA ISA KA RING GAGO EH BULOK NA NGA GAGO PA TYPICAL NA UTAK ALIMANGO MENTALITY 🤣']","['pano mi naman nasabeng palamonen?? ', 'Nakuha mo lang cguro yan sa sarili mo reflection ng sarili mo ', 'AHAHAHAHAHHA WAWA KA KOYA ISA KA RING GAGO EH BULOK NA NGA GAGO PA TYPICAL NA UTAK ALIMANGO MENTALITY 🤣']"
ۦۦ ۦۦ ۦۦ ۦۦ cge pag tanggol mo pa katangahan nyo hahahaha,['ۦۦ ۦۦ ۦۦ ۦۦ cge pag tanggol mo pa katangahan nyo hahahaha'],"['ۦۦ ۦۦ ۦۦ ۦۦ ', 'cge pag tanggol mo pa katangahan nyo hahahaha']"
G na G ah 🤣🤣🤣 haba ng litanya mo ah 🤣🤣🤣kahit ano sabihen mo palamuning poota ka pa den 🤣🤣🤣🤣,['G na G ah 🤣🤣🤣'.'haba ng litanya mo ah 🤣🤣🤣'.'kahit ano sabihen mo palamuning poota ka pa den 🤣🤣🤣🤣'],"['G na G ah 🤣🤣🤣 ', 'haba ng litanya mo ah 🤣🤣🤣kahit ano sabihen mo palamuning poota ka pa den 🤣🤣🤣🤣']"
ۦۦ ۦۦ ۦۦ ۦۦ immersion o research tangina same script pag may namatay na kasama nang NPA hahaha pag may research sya sa mga lumad dun dapat may nag paalam muna sa mga LGU hindi yung kay kumander mag paalam muntanga kayo ge pa brainwash pa kayo mga palamuning bobo sayang talino nyo di nyo ginagamit kawawa magulang nyo. Di bale di naman kami ang nag susugal nang buhay kayo naman,"['ۦۦ ۦۦ ۦۦ ۦۦ immersion o research tangina same script pag may namatay na kasama nang NPA hahaha pag may research sya sa mga lumad dun dapat may nag paalam muna sa mga LGU hindi yung kay kumander mag paalam muntanga kayo ge pa brainwash pa kayo mga palamuning bobo sayang talino nyo di nyo ginagamit kawawa magulang nyo.', 'Di bale di naman kami ang nag susugal nang buhay kayo naman']","['ۦۦ ۦۦ ۦۦ ۦۦ ', 'immersion o research tangina same script pag may namatay na kasama nang NPA ', 'hahaha ', 'pag may research sya sa mga lumad dun dapat may nag paalam muna sa mga LGU hindi yung kay kumander mag paalam muntanga kayo ge pa brainwash pa kayo mga palamuning bobo sayang talino nyo di nyo ginagamit kawawa magulang nyo. ', 'Di bale di naman kami ang nag susugal nang buhay kayo naman']"
na may bawang at sibuyas,['na may bawang at sibuyas'],['na may bawang at sibuyas']
student research na may baril,['student research na may baril'],['student research na may baril']
makakapag salita pa ba ang Patay??,['makakapag salita pa ba ang Patay??'],['makakapag salita pa ba ang Patay??']
"ah ung nanay at asawa mo ung puta buong barangay nga pumila na libre pa. Magkano ba rate ngayon ng nanay mo, nag mura na ba? Gamit nagamit e.  Hanap ko ng customer gusto mo?  Magkano kumisyon.

AH oo marami pala dyan Sorsogon naalala ko nakapila  pa nga","['ah ung nanay at asawa mo ung puta buong barangay nga pumila na libre pa.', 'Magkano ba rate ngayon ng nanay mo', 'nag mura na ba?', 'Gamit nagamit e.', 'Hanap ko ng customer gusto mo?', 'Magkano kumisyon.', 'AH oo marami pala dyan Sorsogon naalala ko nakapila pa nga']","['ah ung nanay at asawa mo ung puta buong barangay nga pumila na libre pa. ', 'Magkano ba rate ngayon ng nanay mo, nag mura na ba? ', 'Gamit nagamit e.  ', 'Hanap ko ng customer gusto mo?  ', 'Magkano kumisyon.', '', 'AH oo marami pala dyan ', 'Sorsogon naalala ko nakapila  pa nga']"
Bantayan nyo mga anak nyo baka balang araw magiging cornbeef na Sila,['Bantayan nyo mga anak nyo baka balang araw magiging cornbeef na Sila'],"['Bantayan nyo mga anak nyo baka balang araw magiging cornbeef na ', 'Sila']"
Nkapaldo nman yta si kumander jan bago yan na prito?,['Nkapaldo nman yta si kumander jan bago yan na prito?'],['Nkapaldo nman yta si kumander jan bago yan na prito?']
ba ginamit talaga? Kc kung may transparency d na yan ma question.. Fact is government fund should be transparent,"['ba ginamit talaga?', 'Kc kung may transparency d na yan ma question..', 'Fact is government fund should be transparent']","['ba ginamit talaga? ', 'Kc kung may transparency d na yan ma question.. ', 'Fact is government fund should be transparent']"
bkit npa pa rin,['bkit npa pa rin'],['bkit npa pa rin']
kahit ano pa sabihin mo BULOK GAGO AT PANGET KA PAREN WALA KANG KWENTANG TAO DAHIL APAKA LAKI MONG BULOK KUHA NAMAN SA ITSURA MO EH MUKHANG WALANG PINAG ARALAN KUNG MERON MAN WALA RING NA AMBAG SAYO HINAYUPAK KA EH GANYAN KA MAG ISIP HALATANG MAY PINAGMANAHAN KA CGURO ISA KANG BASURA SA LIPUNAN AT MABULOK KA SANA KUNG SAN KA MANG LUPALOK NANGGALING BOBO KA,['kahit ano pa sabihin mo BULOK GAGO AT PANGET KA PAREN WALA KANG KWENTANG TAO DAHIL APAKA LAKI MONG BULOK KUHA NAMAN SA ITSURA MO EH MUKHANG WALANG PINAG ARALAN KUNG MERON MAN WALA RING NA AMBAG SAYO HINAYUPAK KA EH GANYAN KA MAG ISIP HALATANG MAY PINAGMANAHAN KA CGURO ISA KANG BASURA SA LIPUNAN AT MABULOK KA SANA KUNG SAN KA MANG LUPALOK NANGGALING BOBO KA'],"['kahit ano pa sabihin mo ', 'BULOK GAGO AT PANGET KA PAREN WALA KANG KWENTANG TAO DAHIL APAKA LAKI MONG BULOK KUHA NAMAN SA ITSURA MO EH MUKHANG WALANG PINAG ARALAN KUNG MERON MAN WALA RING NA AMBAG SAYO HINAYUPAK KA EH GANYAN KA MAG ISIP HALATANG MAY PINAGMANAHAN KA CGURO ISA KANG BASURA SA LIPUNAN AT MABULOK KA SANA KUNG SAN KA MANG LUPALOK NANGGALING BOBO KA']"
ka na bobo ka pa. Choose a struggle.,"['ka na bobo ka pa.', 'Choose a struggle.']","['ka na bobo ka pa. ', 'Choose a struggle.']"
ۦۦ ۦۦ ۦۦ ۦۦ the question is bat wala silang consent to the authority lalo na sa afp para masamahan lalo na HIGH RISK yung lugar something's fishy...,['ۦۦ ۦۦ ۦۦ ۦۦ the question is bat wala silang consent to the authority lalo na sa afp para masamahan lalo na HIGH RISK yung lugar something\'s fishy...'],"['ۦۦ ۦۦ ۦۦ ۦۦ ', 'the question is bat wala silang consent to the authority lalo na sa afp para masamahan lalo na HIGH RISK yung lugar ', ""something's fishy...""]"
Mas maniniwala pa ako sa mga talagang may hawak na armas nung naengkwentro eh. Pero yung sibilyan? Wag kame,"['Mas maniniwala pa ako sa mga talagang may hawak na armas nung naengkwentro eh.', 'Pero yung sibilyan?', 'Wag kame']","['Mas maniniwala pa ako sa mga talagang may hawak na armas nung naengkwentro eh. ', 'Pero yung sibilyan? ', 'Wag kame']"
"ۦۦ ۦۦ ۦۦ ۦۦ oo nga no, nag immerse paano bumaril, mamuhay sa bundok na parang NPA","['ۦۦ ۦۦ ۦۦ ۦۦ oo nga no', 'nag immerse paano bumaril', 'mamuhay sa bundok na parang NPA']","['ۦۦ ۦۦ ۦۦ ۦۦ ', 'oo nga no, nag immerse paano bumaril, mamuhay sa bundok na parang ', 'NPA']"
bobo ka noh? NPA na bobo?,"['bobo ka noh?', 'NPA na bobo?']","['bobo ka noh? ', 'NPA na bobo?']"
BOBO DAMING MGA FORMER NPA NAGPAPATUNAY NIYAN. SARADO LANG UTAK MO,"['BOBO DAMING MGA FORMER NPA NAGPAPATUNAY NIYAN.', 'SARADO LANG UTAK MO']","['BOBO DAMING MGA FORMER NPA NAGPAPATUNAY NIYAN. ', 'SARADO LANG UTAK MO']"
"Magaling si kumander, pinutukan Muna Bago pa maputukan ng iba","['Magaling si kumander', 'pinutukan Muna Bago pa maputukan ng iba']","['Magaling si kumander, pinutukan ', 'Muna Bago pa maputukan ng iba']"
"Daming tuwang tuwa pero sinasabihan din naman ng bangag gobyerno. Eh pano pa yung mga liblib na lugar na hindi naabot ng gobyerno o nakikinabang sa pag usad ng bansa. 

Buti nga may mga studyante na kagaya niya na may malasakit sa maliliit na community ng magsasaka chinecheck pano sila matulungan bukod sa ayudang pera at mga kabataan kung nakakatangap ba nang maayos na edukasyon 

Tatanga niyo mga ignorante kahit saan naman na malayo sa ciudad o isolated community eh may rebelde hindi na kasalanan ng mga taong nag mamalasakit at pumupunta doon para mag check ng kalusugan at pamumuhay ng mga nakatira doong tao kasi Pilipino din sila. mga skwater tumatangap lang ng ayuda tapos sa middle class binabawi pano yung mga mag sasaka natin","['Daming tuwang tuwa pero sinasabihan din naman ng bangag gobyerno.', 'Eh pano pa yung mga liblib na lugar na hindi naabot ng gobyerno o nakikinabang sa pag usad ng bansa.', 'Buti nga may mga studyante na kagaya niya na may malasakit sa maliliit na community ng magsasaka chinecheck pano sila matulungan bukod sa ayudang pera at mga kabataan kung nakakatangap ba nang maayos na edukasyon', 'Tatanga niyo mga ignorante kahit saan naman na malayo sa ciudad o isolated community eh may rebelde hindi na kasalanan ng mga taong nag mamalasakit at pumupunta doon para mag check ng kalusugan at pamumuhay ng mga nakatira doong tao kasi Pilipino din sila.', 'mga skwater tumatangap lang ng ayuda tapos sa middle class binabawi pano yung mga mag sasaka natin']","['Daming tuwang tuwa pero sinasabihan din naman ng bangag gobyerno. ', 'Eh pano pa yung mga liblib na lugar na hindi naabot ng gobyerno o nakikinabang sa pag usad ng bansa. ', '', 'Buti nga may mga studyante na kagaya niya na may malasakit sa maliliit na community ng magsasaka chinecheck pano sila matulungan bukod sa ayudang pera at mga kabataan kung nakakatangap ba nang maayos na edukasyon ', '', 'Tatanga niyo mga ignorante kahit saan naman na malayo sa ciudad o isolated community eh may rebelde hindi na kasalanan ng mga taong nag mamalasakit at pumupunta doon para mag check ng kalusugan at pamumuhay ng mga nakatira doong tao kasi Pilipino din sila. ', 'mga skwater tumatangap lang ng ayuda tapos sa middle class ', 'binabawi pano yung mga mag sasaka natin']"
Yan yung gusto ni commander ma bata bata pa 🤣,['Yan yung gusto ni commander ma bata bata pa 🤣'],['Yan yung gusto ni commander ma bata bata pa 🤣']
"sa totoo lang di kami naaawa sa mga tulad niyang Stupidyante...
masasabi kung dapat lang talaga para di na tularan ng iba","['sa totoo lang di kami naaawa sa mga tulad niyang Stupidyante...', 'masasabi kung dapat lang talaga para di na tularan ng iba']","['sa totoo lang di kami naaawa sa mga tulad niyang Stupidyante...', 'masasabi kung dapat lang talaga para di na tularan ng iba']"
Nabawasan na naman ng isang kakampink,['Nabawasan na naman ng isang kakampink'],['Nabawasan na naman ng isang kakampink']
"OK, magbantay. Pero isipin mo, para sa 2026 academic year higit na 147,000 na HS students ang nagtangkang makapasa sa UPCAT [UP College Admissions Test] pero 18,000+ lang ang pumasa.","['magbantay.', 'Pero isipin mo', 'para sa 2026 academic year higit na 147', '000 na HS students ang nagtangkang makapasa sa UPCAT [UP College Admissions Test] pero 18', '000+ lang ang pumasa.']","['OK, magbantay. ', 'Pero isipin mo, para sa 2026 academic year higit na 147,000 na HS students ang nagtangkang makapasa sa UPCAT [UP College Admissions Test] pero 18,000+ lang ang pumasa.']"
ۦۦ ۦۦ ۦۦ ۦۦ sinabi mong either  so walang kasiguruhan so pede rin i sabihin na NPA sya cguro :P,['ۦۦ ۦۦ ۦۦ ۦۦ sinabi mong either so walang kasiguruhan so pede rin i sabihin na NPA sya cguro :P'],"['ۦۦ ۦۦ ۦۦ ۦۦ ', 'sinabi mong either  so walang kasiguruhan so pede rin i sabihin na NPA sya cguro :P']"
ۦۦ ۦۦ ۦۦ ۦۦ Tanga na ENPEEY allahu Akbar may Allah put a curse upon you all,['ۦۦ ۦۦ ۦۦ ۦۦ Tanga na ENPEEY allahu Akbar may Allah put a curse upon you all'],"['ۦۦ ۦۦ ۦۦ ۦۦ ', 'Tanga na ENPEEY allahu Akbar may Allah put a curse upon you all']"
pasa ng Link.,['pasa ng Link.'],['pasa ng Link.']
matalino sila? Bat Nan doon sila sa site ng NPA? Alam nmn nila anti government and kalaban mrming places pwede puntahan doon pa talaga? Come on..,"['matalino sila?', 'Bat Nan doon sila sa site ng NPA?', 'Alam nmn nila anti government and kalaban mrming places pwede puntahan doon pa talaga?', 'Come on..']","['matalino sila? ', 'Bat Nan doon sila sa site ng NPA? ', 'Alam nmn nila anti government and kalaban mrming places ', 'pwede puntahan doon pa talaga? ', 'Come on..']"
mo na NPA ako?,['mo na NPA ako?'],['mo na NPA ako?']
offended yung iyaking pamain character na kakampots 🤣,['offended yung iyaking pamain character na kakampots 🤣'],['offended yung iyaking pamain character na kakampots 🤣']
"ay DDS. Kaya pala. Haha kahit Di na explain, given na tabogo 🤣","['ay DDS.', 'Kaya pala.', 'Haha kahit Di na explain', 'given na tabogo 🤣']","['ay DDS. ', 'Kaya pala. ', 'Haha kahit Di na explain, given na tabogo 🤣']"
iyak kawawa kanaman kakampwet ka last time may naka debate ako ng kakampwet e sa dulo dulo pangarap lang pala nyang ma pinger ni kumander sa pwet baka ganun din pangarap mo? 😂😂,['iyak kawawa kanaman kakampwet ka last time may naka debate ako ng kakampwet e sa dulo dulo pangarap lang pala nyang ma pinger ni kumander sa pwet baka ganun din pangarap mo? 😂😂'],"['iyak kawawa kanaman kakampwet ka ', 'last time may naka debate ako ng kakampwet e sa dulo dulo ', 'pangarap lang pala nyang ma pinger ni kumander sa pwet ', 'baka ', 'ganun din pangarap mo? ', '😂😂']"
"Justine oh come on daw na parang ang ganda ng logic nya, para mong sinabe yan na bobo yung police na namatay on duty or yung nurse na nahawaan ng sakit, in the first place student research ang ginawa for the displaced farmers due sa dispute ng land, parang "" ang bobo ng seaman na namatay sa dagat alam nya namang malalim ang tubig or alam nyang may pirata"" tunog ganon talaga may collateral talaga sa mga ganyan, bibigay k nalang ng argumento pang crim pa, saang office yung Microsoft office sir.

at panong alam, common knowledge pala kuta ng NPA di ako na inform eh diba confidential info yan? galing mo din no, and dont think i support insurgency i think its stupid to go in the mountain while claiming fighting for whats right id rather change the country by being on a good politician, but i also understand the desperation of those who are forced to take up arms to defend what's rightfully theirs, palibhasa mga kapulisan at militar kahit obvious na land grabbing yes sir lang alam na sagot, and wag ka mag malaki ngayon na para bang di mababa tingin mo sa mga kababaihan na bumoboses para sa tama.","['Justine oh come on daw na parang ang ganda ng logic nya', 'para mong sinabe yan na bobo yung police na namatay on duty or yung nurse na nahawaan ng sakit', 'in the first place student research ang ginawa for the displaced farmers due sa dispute ng land', 'parang "" ang bobo ng seaman na namatay sa dagat alam nya namang malalim ang tubig or alam nyang may pirata"" tunog ganon talaga may collateral talaga sa mga ganyan', 'bibigay k nalang ng argumento pang crim pa', 'saang office yung Microsoft office sir.', 'at panong alam', 'common knowledge pala kuta ng NPA di ako na inform eh diba confidential info yan?', 'galing mo din no', 'and dont think i support insurgency i think its stupid to go in the mountain while claiming fighting for whats right id rather change the country by being on a good politician', 'but i also understand the desperation of those who are forced to take up arms to defend what\'s rightfully theirs', 'palibhasa mga kapulisan at militar kahit obvious na land grabbing yes sir lang alam na sagot', 'and wag ka mag malaki ngayon na para bang di mababa tingin mo sa mga kababaihan na bumoboses para sa tama.']","['Justine ', 'oh come on daw na parang ang ganda ng logic nya, ', 'para mong sinabe yan na bobo yung police na namatay on duty or yung nurse na nahawaan ng sakit, ', 'in the first place student research ang ginawa for the displaced farmers due sa dispute ng land, parang "" ang bobo ng seaman na namatay sa dagat alam nya namang malalim ang tubig or alam nyang may pirata"" ', 'tunog ganon talaga may collateral talaga sa mga ganyan, ', 'bibigay k nalang ng argumento pang crim pa, ', 'saang office yung Microsoft office sir.', '', 'at panong alam, ', 'common knowledge ', 'pala kuta ng NPA di ako na inform eh diba confidential info yan? ', 'galing mo din no, ', 'and dont think i support insurgency ', 'i think its stupid to go in the mountain while claiming fighting for whats right id rather change the country by being on a good politician, ', ""but i also understand the desperation of those who are forced to take up arms to defend what's rightfully theirs, "", 'palibhasa mga kapulisan at militar ', 'kahit obvious na land grabbing ', 'yes sir lang alam na sagot, ', 'and wag ka mag malaki ngayon na para bang di mababa tingin mo sa mga kababaihan na bumoboses para sa tama.']"
BOBO KA NA NGA MANYAKIS AT PANGIT PA POTANGINA MI DESERVE MONG MAMATAY IH CHAT KO YANG ASAWA MONG BOBO KA EH,['BOBO KA NA NGA MANYAKIS AT PANGIT PA POTANGINA MI DESERVE MONG MAMATAY IH CHAT KO YANG ASAWA MONG BOBO KA EH'],['BOBO KA NA NGA MANYAKIS AT PANGIT PA POTANGINA MI DESERVE MONG MAMATAY IH CHAT KO YANG ASAWA MONG BOBO KA EH']
"Alam nila na mamatay sila sa oras na makipaglaban sila sa militar tapos magpapavictim effect pa. Desisyon nila yan kaya yan napala nila. Kahit sa ibang bansa nila gawin yan, sa oras na mag rebelde sila, humawak ng armas at lumaban sa militar, kahit citizen pa sila doon, papatayin talaga sila doon.","['Alam nila na mamatay sila sa oras na makipaglaban sila sa militar tapos magpapavictim effect pa.', 'Desisyon nila yan kaya yan napala nila.', 'Kahit sa ibang bansa nila gawin yan', 'sa oras na mag rebelde sila', 'humawak ng armas at lumaban sa militar', 'kahit citizen pa sila doon', 'papatayin talaga sila doon.']","['Alam nila na mamatay sila sa oras na makipaglaban sila sa militar tapos magpapavictim effect pa. ', 'Desisyon nila yan kaya yan napala nila. ', 'Kahit sa ibang bansa nila gawin yan, sa oras na mag rebelde sila, humawak ng armas at lumaban sa militar, kahit citizen pa sila doon, papatayin talaga sila doon.']"
Na aliw sa dami ng mga boylet.....,['Na aliw sa dami ng mga boylet.....'],['Na aliw sa dami ng mga boylet.....']
Mga npa na nagrerecruit pati students na uto-uto congrats AFP,['Mga npa na nagrerecruit pati students na uto-uto congrats AFP'],"['Mga npa na nagrerecruit pati students na uto-uto congrats ', 'AFP']"
How about those PNP Scholars na nilaan ang buhay para sa kaligtasan ng mamamayang Filipino? Hindi niyo ba sila ibabalita? Tapos manghihingi pa kayo ng hustisya sa mga yan ehh choice nilang marecruite sila ng NPA!,"['How about those PNP Scholars na nilaan ang buhay para sa kaligtasan ng mamamayang Filipino?', 'Hindi niyo ba sila ibabalita?', 'Tapos manghihingi pa kayo ng hustisya sa mga yan ehh choice nilang marecruite sila ng NPA!']","['How about those PNP Scholars na nilaan ang buhay para sa kaligtasan ng mamamayang Filipino? ', 'Hindi niyo ba sila ibabalita? ', 'Tapos manghihingi pa kayo ng hustisya sa mga yan ehh choice nilang marecruite sila ng NPA!']"
"yeah fuck no, npa shits na mas lalong nagpapahirap sa mga taga-bukid, pag di binigyan ng pagkain, mananakot ulol","['yeah fuck no', 'npa shits na mas lalong nagpapahirap sa mga taga-bukid', 'pag di binigyan ng pagkain', 'mananakot ulol']","['yeah fuck no, ', 'npa shits na mas lalong nagpapahirap sa mga taga-bukid, pag di binigyan ng pagkain, mananakot ulol']"
Rafael pano mo alam? Member ka rin na manyak?,"['Rafael pano mo alam?', 'Member ka rin na manyak?']","['Rafael pano mo alam? ', 'Member ka rin na manyak?']"
ۦۦ ۦۦ ۦۦ ۦۦ nahh just stating the fact ganon ginagawa sa mga npa members na babae,['ۦۦ ۦۦ ۦۦ ۦۦ nahh just stating the fact ganon ginagawa sa mga npa members na babae'],"['ۦۦ ۦۦ ۦۦ ۦۦ ', 'nahh ', 'just stating the fact ', 'ganon ', 'ginagawa sa mga npa members na babae']"
ۦۦ ۦۦ ۦۦ ۦۦ Gago...mamundok ka na antay c kumander jakol,['ۦۦ ۦۦ ۦۦ ۦۦ Gago...mamundok ka na antay c kumander jakol'],"['ۦۦ ۦۦ ۦۦ ۦۦ ', 'Gago...mamundok ka na antay c kumander jakol']"
halatang ngayon ka lang ipinanganak nasa tiyan kapa ata nang nanay mo matagal na news na hanap sa raid nang mga condoms at pills,['halatang ngayon ka lang ipinanganak nasa tiyan kapa ata nang nanay mo matagal na news na hanap sa raid nang mga condoms at pills'],"['halatang ', 'ngayon ka lang ipinanganak nasa tiyan ', 'kapa ata nang nanay mo ', 'matagal na news na hanap sa raid nang mga condoms at pills']"
"communists? Kayo yan mga kakampwet mga pakana ng terrorism sa bansa kinampihan nyo yung mga salot nd mga npa, yung mga terrorista na nakaupo sa kongreso like, kabataaan, akbayan, gabriela, bicol saro, etc lol","['communists?', 'Kayo yan mga kakampwet mga pakana ng terrorism sa bansa kinampihan nyo yung mga salot nd mga npa', 'yung mga terrorista na nakaupo sa kongreso like', 'kabataaan', 'akbayan', 'gabriela', 'bicol saro', 'etc lol']","['communists? ', 'Kayo yan mga kakampwet mga pakana ng terrorism sa bansa kinampihan nyo yung mga salot nd mga npa, yung mga terrorista na nakaupo sa kongreso like, kabataaan, akbayan, gabriela, bicol saro, etc lol']"
na Tamad pa 🤣🤣🤣,['na Tamad pa 🤣🤣🤣'],['na Tamad pa 🤣🤣🤣']
Kinulwestyon nyo palage ang military pero ang mga recruiter ng mga yan na nasa gobyerno at university hindi?,['Kinulwestyon nyo palage ang military pero ang mga recruiter ng mga yan na nasa gobyerno at university hindi?'],['Kinulwestyon nyo palage ang military pero ang mga recruiter ng mga yan na nasa gobyerno at university hindi?']
ang ganda pa naman nya.,['ang ganda pa naman nya.'],['ang ganda pa naman nya.']
"nageexpand na kasi ang UP madami na silang branch sa bundok mga courses na offer, training course, obstacle course, m16 course un nga lang wala siyang certificate kasi hindi naman nagbibigay ang NPA ng certificate.","['nageexpand na kasi ang UP madami na silang branch sa bundok mga courses na offer', 'training course', 'obstacle course', 'm16 course un nga lang wala siyang certificate kasi hindi naman nagbibigay ang NPA ng certificate.']","['nageexpand na kasi ang UP madami na silang branch sa bundok mga courses na offer, training course, obstacle course, m16 course ', 'un nga lang wala siyang certificate kasi hindi naman nagbibigay ang NPA ng certificate.']"
Ký siya nilunok na ni commander ngayun lulunukin na sya ng nga uod sa hukay WAHAHA,['Ký siya nilunok na ni commander ngayun lulunukin na sya ng nga uod sa hukay WAHAHA'],"['Ký siya nilunok na ni commander ngayun lulunukin na sya ng nga uod sa hukay ', 'WAHAHA']"
"ۦۦ ۦۦ ۦۦ ۦۦ anong wag kame, eh ikaw na susunod maging corned beef","['ۦۦ ۦۦ ۦۦ ۦۦ anong wag kame', 'eh ikaw na susunod maging corned beef']","['ۦۦ ۦۦ ۦۦ ۦۦ ', 'anong wag kame, ', 'eh ikaw na susunod maging corned beef']"
ۦۦ ۦۦ ۦۦ ۦۦ  alam na alam mo ah HAHAHAHAHAH!!,['ۦۦ ۦۦ ۦۦ ۦۦ alam na alam mo ah HAHAHAHAHAH!!'],['ۦۦ ۦۦ ۦۦ ۦۦ  alam na alam mo ah HAHAHAHAHAH!!']
casting couch with tuta ng kurap na opisyal? 😆😆😆,['casting couch with tuta ng kurap na opisyal? 😆😆😆'],"['casting couch with tuta ng kurap na opisyal? ', '😆😆😆']"
relax lang kain ka muna nito,['relax lang kain ka muna nito'],"['relax lang ', 'kain ka muna nito']"
student research boss pero balit di nakikipag coordinate sa LGU ng lugar na yun or sa pnp for safety reasons?,['student research boss pero balit di nakikipag coordinate sa LGU ng lugar na yun or sa pnp for safety reasons?'],['student research boss pero balit di nakikipag coordinate sa LGU ng lugar na yun or sa pnp for safety reasons?']
sinisi mo pa si Du30 sa kabobohan nyo😂😂😂😂😂😂😂😂😂😂😂😂😂.. kain ka muna nito,['sinisi mo pa si Du30 sa kabobohan nyo😂😂😂😂😂😂😂😂😂😂😂😂😂.. kain ka muna nito'],"['sinisi mo pa si ', 'Du30 sa kabobohan nyo😂😂😂😂😂😂😂😂😂😂😂😂😂.. ', 'kain ka muna nito']"
mamumundok na yan sila boss mag re research dala yung ak47😂😂😂😂😂😂😂... proud na proud kaya magulang nila sa katarantadohan nila?,"['mamumundok na yan sila boss mag re research dala yung ak47😂😂😂😂😂😂_...', 'proud na proud kaya magulang nila sa katarantadohan nila?']","['mamumundok na yan sila boss mag re research dala yung ak47😂😂😂😂😂😂😂... ', 'proud na proud kaya magulang nila sa katarantadohan nila?']"
baket sure ka din ba na kawang gawa talaga ginagawa nila sa bundok? nandun ka ba at nakita na tumutulong tlga sila sa mahihirap dun?,['baket sure ka din ba na kawang gawa talaga ginagawa nila sa bundok? nandun ka ba at nakita na tumutulong tlga sila sa mahihirap dun?'],"['baket ', 'sure ka din ba na kawang gawa talaga ginagawa nila sa bundok? ', 'nandun ka ba at nakita na tumutulong tlga sila sa mahihirap dun?']"
wala na bang ibang script na pwede sabihin bukod sa pag reresearch nila sa bundok 🤣 yung nakaraan nahuli nag reresearch sa bundok din tapos may dalang m16 HAHAHAHAAHA sge konti nlng mapapaniwala nyo na kame konting effort pa HAHAHAHAHAHA,['wala na bang ibang script na pwede sabihin bukod sa pag reresearch nila sa bundok 🤣 yung nakaraan nahuli nag reresearch sa bundok din tapos may dalang m16 HAHAHAHAAHA sge konti nlng mapapaniwala nyo na kame konting effort pa HAHAHAHAHAHA'],"['wala na bang ibang script na ', 'pwede sabihin bukod sa pag reresearch nila sa bundok 🤣 ', 'yung nakaraan nahuli nag reresearch sa bundok din tapos may dalang m16 HAHAHAHAAHA ', 'sge konti nlng mapapaniwala nyo na kame konting effort pa ', 'HAHAHAHAHAHA']"
"basta dds tuwang tuwa sa SA at violence, ginagawa pa ngang biro.","['basta dds tuwang tuwa sa SA at violence', 'ginagawa pa ngang biro.']","['basta dds tuwang tuwa sa SA at violence, ginagawa pa ngang biro.']"
Tikom lang ang bibig ng mga guro diyan pero alam nila sa sarili na isa sila sa mga kasapi.,['Tikom lang ang bibig ng mga guro diyan pero alam nila sa sarili na isa sila sa mga kasapi.'],['Tikom lang ang bibig ng mga guro diyan pero alam nila sa sarili na isa sila sa mga kasapi.']
"Yung mga nirerekrut ng mga makakaliwa at dinadala sa bundok, kung hindi manok ni kadre, foot soldier. Pag nadeds, baon sa hukay lahat ng salaysayin na nangyayari sa mga kuta ng mga terorista.

Samantalang mga leader nila nasa ibang bansa. At mga anak nila nagaaral sa nga magagandang eskwelahan abroad. Hindi humahawak ng baril at di nasasalat ni kumander.","['Yung mga nirerekrut ng mga makakaliwa at dinadala sa bundok', 'kung hindi manok ni kadre', 'foot soldier.', 'Pag nadeds', 'baon sa hukay lahat ng salaysayin na nangyayari sa mga kuta ng mga terorista.', 'Samantalang mga leader nila nasa ibang bansa.', 'At mga anak nila nagaaral sa nga magagandang eskwelahan abroad.', 'Hindi humahawak ng baril at di nasasalat ni kumander.']","['Yung mga nirerekrut ng mga makakaliwa at dinadala sa bundok, kung hindi manok ni kadre, foot soldier. ', 'Pag nadeds, baon sa hukay lahat ng salaysayin na nangyayari sa mga kuta ng mga terorista.', '', 'Samantalang mga leader nila nasa ibang bansa. ', 'At mga anak nila nagaaral sa nga magagandang eskwelahan abroad. ', 'Hindi humahawak ng baril at di nasasalat ni kumander.']"
ano na UP?,['ano na UP?'],['ano na UP?']
bakit may nasamsam na mga contraceptive hahah,['bakit may nasamsam na mga contraceptive hahah'],"['bakit may nasamsam na mga contraceptive ', 'hahah']"
tanga ka ba? Kelan ko sinabi na nag kawang gawa sila sa bundok? Kelan din ako nagsabi na tumutulong sila sa mahirap? Bobo,"['tanga ka ba?', 'Kelan ko sinabi na nag kawang gawa sila sa bundok?', 'Kelan din ako nagsabi na tumutulong sila sa mahirap?', 'Bobo']","['tanga ka ba? ', 'Kelan ko sinabi na nag kawang gawa sila sa bundok? ', 'Kelan din ako nagsabi na tumutulong sila sa mahirap? ', 'Bobo']"
potang inang itsura yan. Di mo malaman kung emo na bading or tae na naapakan ng tsinelas.,"['potang inang itsura yan.', 'Di mo malaman kung emo na bading or tae na naapakan ng tsinelas.']","['potang inang itsura yan. ', 'Di mo malaman kung emo na bading or tae na naapakan ng tsinelas.']"
alam naman natin may point ang pinaglalaban niyo ung baguhin ang baluktot na sistema.. Pero may iba pa bang way aside sa pagsali sa NPA?,"['alam naman natin may point ang pinaglalaban niyo ung baguhin ang baluktot na sistema..', 'Pero may iba pa bang way aside sa pagsali sa NPA?']","['alam naman natin may point ang pinaglalaban niyo ung baguhin ang baluktot na sistema.. ', 'Pero may iba pa bang way aside sa pagsali sa NPA?']"
boss may kakilala ako npa. Nakakausap ko xa as first person Source. As per the sources about sa mga nangyayari sa kilusan etc.. Totoo yun. May isang lugar nga di ko na memention. Halos isang sitio NPA halos. They even co-exist with the authorities. At may mga ARMS talaga sila. Nililibing nila sa ilalim ng lupa.,"['boss may kakilala ako npa.', 'Nakakausap ko xa as first person Source.', 'As per the sources about sa mga nangyayari sa kilusan etc..', 'Totoo yun.', 'May isang lugar nga di ko na memention.', 'Halos isang sitio NPA halos.', 'They even co-exist with the authorities.', 'At may mga ARMS talaga sila.', 'Nililibing nila sa ilalim ng lupa.']","['boss may kakilala ako npa. ', 'Nakakausap ko xa as first person Source. ', 'As per the sources about sa mga nangyayari sa kilusan etc.. ', 'Totoo yun. ', 'May isang lugar nga di ko na memention. ', 'Halos isang sitio NPA halos. ', 'They even co-exist with the authorities. ', 'At may mga ARMS talaga sila. ', 'Nililibing nila sa ilalim ng lupa.']"
inggit ka naman gusto mo kase ikaw marape. Di mangyayari yan dahil may tit* ka. Bading ka lang di ka babae,"['inggit ka naman gusto mo kase ikaw marape.', 'Di mangyayari yan dahil may tit* ka.', 'Bading ka lang di ka babae']","['inggit ka naman gusto mo kase ikaw marape. ', 'Di mangyayari yan dahil may tit* ka. ', 'Bading ka lang di ka babae']"
Pabukid pa,['Pabukid pa'],['Pabukid pa']
"Napanuod ko na ito, di ko lang maalala kung saan leader ng NPA partner nya jan 😂😂","['Napanuod ko na ito', 'di ko lang maalala kung saan leader ng NPA partner nya jan 😂😂']","['Napanuod ko na ito, ', 'di ko lang maalala kung saan leader ng NPA partner nya jan 😂😂']"
Tas ayaw nyo ng ROTC wahaahaha pansin ko lang mga matatalino pa nadadala ng mga NPA😶,['Tas ayaw nyo ng ROTC wahaahaha'.' pansin ko lang mga matatalino pa nadadala ng mga NPA😶'],"['Tas ayaw nyo ng ROTC ', 'wahaahaha ', 'pansin ko lang mga matatalino pa nadadala ng mga NPA😶']"
"Sa mga nasawing kabataan, masamang sabihin na ""deserve"". pero sadyang siningil ka nang pinaggagawa mo sa bayan. you died as npa? May honor and dignity ba na nakamit? Kawawa naman ang inyong mga magulang. Sa inyong mga pinuno ng kapatiran, community service na naman? o researcher yarn? Wakasan ang CPP NPA NDF na salot at piste sa bayan at lalo na sa kabataan. Wakasan sa 2028 election ang Makabayan Bloc at ang lahat na piste at salot na kasapi nitong mga legal fronts.","['Sa mga nasawing kabataan', 'masamang sabihin na ""deserve"".', 'pero sadyang siningil ka nang pinaggagawa mo sa bayan.', 'you died as npa?', 'May honor and dignity ba na nakamit?', 'Kawawa naman ang inyong mga magulang.', 'Sa inyong mga pinuno ng kapatiran', 'community service na naman?', 'o researcher yarn?', 'Wakasan ang CPP NPA NDF na salot at piste sa bayan at lalo na sa kabataan.', 'Wakasan sa 2028 election ang Makabayan Bloc at ang lahat na piste at salot na kasapi nitong mga legal fronts.']","['Sa mga nasawing kabataan, masamang sabihin na ""deserve"". ', 'pero sadyang siningil ka nang pinaggagawa mo sa bayan. ', 'you died as npa? ', 'May honor and dignity ba na nakamit? ', 'Kawawa naman ang inyong mga magulang. ', 'Sa inyong mga pinuno ng kapatiran, community service na naman? ', 'o researcher yarn? ', 'Wakasan ang CPP NPA NDF na salot at piste sa bayan at lalo na sa kabataan. ', 'Wakasan sa 2028 election ang Makabayan Bloc at ang lahat na piste at salot na kasapi nitong mga legal fronts.']"
ۦۦ ۦۦ ۦۦ ۦۦ na naka camouflage😂,['ۦۦ ۦۦ ۦۦ ۦۦ na naka camouflage😂'],"['ۦۦ ۦۦ ۦۦ ۦۦ ', 'na naka camouflage😂']"
bastos sana di ka magkaron ng anak na babae nakakahiya ka maging tatay kadiri,['bastos sana di ka magkaron ng anak na babae nakakahiya ka maging tatay kadiri'],"['bastos sana di ka magkaron ng anak na babae ', 'nakakahiya ka maging tatay kadiri']"
"Namatay sa gitna ng bakbakan, NPA na?","['Namatay sa gitna ng bakbakan', 'NPA na?']","['Namatay sa gitna ng bakbakan, ', 'NPA na?']"
Owel huwag mo ipasa kabakIaan mo dito saIot na manyakoI na bisakoI,['Owel huwag mo ipasa kabakIaan mo dito saIot na manyakoI na bisakoI'],['Owel huwag mo ipasa kabakIaan mo dito saIot na manyakoI na bisakoI']
waiting na maging cornbeef ang isang poser here HAHAHAHA,['waiting na maging cornbeef ang isang poser here HAHAHAHA'],"['waiting na maging cornbeef ang isang poser here ', 'HAHAHAHA']"
bugok ka lang kaya dimo ma accept . Low IQ pero ikaw basura pa rin sa lipunan,"['bugok ka lang kaya dimo ma accept .', 'Low IQ pero ikaw basura pa rin sa lipunan']","['bugok ka lang kaya dimo ma accept . ', 'Low IQ pero ikaw basura pa rin sa lipunan']"
king Ina mo magresearch ka kung ano ginagawa ng mga animal na yan sa mga student na Babae nanapapakyat nila galing namismo sa mga former npa kupal pagtanggol mo pa mga animal,['king Ina mo magresearch ka kung ano ginagawa ng mga animal na yan sa mga student na Babae nanapapakyat nila galing namismo sa mga former npa kupal pagtanggol mo pa mga animal'],"['king ', 'Ina mo magresearch ka kung ano ginagawa ng mga animal na yan sa mga student na ', 'Babae nanapapakyat nila galing namismo sa mga former npa kupal pagtanggol mo pa mga animal']"
JI ENDENCIA mangmang ka . Ma ko call out mo din kaya yung pagkamatay ng platoon leader namin na isang tenyente na napitas sa kamay ng NPA. Wala kang alam pabigat kapa sa magulang mo. Hindi kami titigil hanggat di kayo nauubos mga basura sa lipunan.wag mong sabihin na estudyante lang yan hunghang ka,"['JI ENDENCIA mangmang ka .', 'Ma ko call out mo din kaya yung pagkamatay ng platoon leader namin na isang tenyente na napitas sa kamay ng NPA.', 'Wala kang alam pabigat kapa sa magulang mo.', 'Hindi kami titigil hanggat di kayo nauubos mga basura sa lipunan.wag mong sabihin na estudyante lang yan hunghang ka']","['JI ENDENCIA ', 'mangmang ka . ', 'Ma ko call out mo din kaya yung pagkamatay ng platoon leader namin na isang tenyente na napitas sa kamay ng NPA. ', 'Wala kang alam pabigat kapa sa magulang mo. ', 'Hindi kami titigil hanggat di kayo nauubos mga basura sa lipunan.wag mong sabihin na estudyante lang yan hunghang ka']"
ۦۦ ۦۦ ۦۦ ۦۦ Bakit walang coordination sa LGU kung totoong immersion or research lalo na sa high risk area na known conflict zone,['ۦۦ ۦۦ ۦۦ ۦۦ Bakit walang coordination sa LGU kung totoong immersion or research lalo na sa high risk area na known conflict zone'],"['ۦۦ ۦۦ ۦۦ ۦۦ ', 'Bakit walang coordination sa LGU kung totoong immersion or research lalo na sa high risk area na known conflict zone']"
Ký oo kwento mo sa kasamahan mong npa na naging cornbeef na HAHAHAHA,['Ký oo kwento mo sa kasamahan mong npa na naging cornbeef na HAHAHAHA'],"['Ký oo kwento mo sa kasamahan mong npa na naging cornbeef na ', 'HAHAHAHA']"
downgrade Utak Sison na yan,['downgrade Utak Sison na yan'],"['downgrade ', 'Utak Sison na yan']"
"problema kasi sa UP hinahayaan din nila yan, sa ibang university wala naman ganyan kasi pinagbabawalan mismo ng school. 

isipin mo pinalaki mo ng ilang taon tapos iiyutin lang ng mga commander ng NPA tapos isasabak sa gyera na parang baboy","['problema kasi sa UP hinahayaan din nila yan', 'sa ibang university wala naman ganyan kasi pinagbabawalan mismo ng school.', 'isipin mo pinalaki mo ng ilang taon tapos iiyutin lang ng mga commander ng NPA tapos isasabak sa gyera na parang baboy']","['problema kasi sa UP hinahayaan din nila yan, ', 'sa ibang university wala naman ganyan kasi pinagbabawalan mismo ng school. ', '', 'isipin mo pinalaki mo ng ilang taon tapos iiyutin lang ng mga commander ng NPA tapos isasabak sa gyera na parang baboy']"
Daming alam ng mga taga UP. Kami nga sa UPHSD nagve vape lang sa CR at nagbi-biliard sa free time. Hindi kami sumasama sa NPA at may ROTC kami tuwing sabado.,"['Daming alam ng mga taga UP.', 'Kami nga sa UPHSD nagve vape lang sa CR at nagbi-biliard sa free time.', 'Hindi kami sumasama sa NPA at may ROTC kami tuwing sabado.']","['Daming alam ng mga taga UP. ', 'Kami nga sa UPHSD nagve vape lang sa CR at nagbi-biliard sa free time. ', 'Hindi kami sumasama sa NPA at may ROTC kami tuwing sabado.']"
Nakakasad lang may mga studyante parin na uto uto up pa man din nag aral,['Nakakasad lang may mga studyante parin na uto uto up pa man din nag aral'],['Nakakasad lang may mga studyante parin na uto uto up pa man din nag aral']
sus.. kung gusto talaga nila maalis yan scenario.. dapat alisin na party list sa gobyerno at mga ibang nakaupo na member ng NPA.. alisin mga scholar at teacher na napatunayan na NPA na nag recruit.. ibang bansa basta napatunayan ka terrorist bitay matic.. dito nasa loob pa mismo ng gobyerno sabagay puro magnanakaw gobyerno... systema basura yan ang pinas,"['sus..', 'kung gusto talaga nila maalis yan scenario..', 'dapat alisin na party list sa gobyerno at mga ibang nakaupo na member ng NPA..', 'alisin mga scholar at teacher na napatunayan na NPA na nag recruit..', 'ibang bansa basta napatunayan ka terrorist bitay matic..', 'dito nasa loob pa mismo ng gobyerno sabagay puro magnanakaw gobyerno...', 'systema basura yan ang pinas']","['sus.. ', 'kung gusto talaga nila maalis yan scenario.. ', 'dapat alisin na party list sa gobyerno at mga ibang nakaupo na member ng NPA.. ', 'alisin mga scholar at teacher na napatunayan na NPA na nag recruit.. ', 'ibang bansa basta napatunayan ka terrorist bitay matic.. ', 'dito nasa loob pa mismo ng gobyerno ', 'sabagay puro magnanakaw gobyerno... ', 'systema basura yan ang pinas']"
"wala na tayong magagawa dyan, benembang yan ni Commander e","['wala na tayong magagawa dyan', 'benembang yan ni Commander e']","['wala na tayong magagawa dyan, ', 'benembang yan ni Commander e']"
"ay threatened lang... Ngayon infiltrated na ng kumunista...sila yong umbrella wing ng cpp npa... Ang iba dyan di nila alam ginagawa nila, upang ipakita Lang na sila ay mga AKTIBISTANG SIKAT.","['ay threatened lang...', 'Ngayon infiltrated na ng kumunista...sila yong umbrella wing ng cpp npa...', 'Ang iba dyan di nila alam ginagawa nila', 'upang ipakita Lang na sila ay mga AKTIBISTANG SIKAT.']","['ay threatened lang... ', 'Ngayon infiltrated na ng kumunista...sila yong umbrella wing ng cpp npa... ', 'Ang iba dyan di nila alam ginagawa nila, ', 'upang ipakita ', 'Lang na sila ay mga AKTIBISTANG SIKAT.']"
hoy kumag nasa Boracay na gstae mo andito ka nman,['hoy kumag nasa Boracay na gstae mo andito ka nman'],['hoy kumag nasa Boracay na gstae mo andito ka nman']
"proof mo nga kung si Alyana may authorization letter from LGU para mag conduct ng research study sa bundok, nag authorize ba ang UP na ang student nila mag conduct ng research sa bundok sige daw saan yung authorization letters nila coming from LGUs wala kasi sumampa nga NPA diba brainwash nga yan gising kasi kayo sa katotohanan na Hindi yan sila authorize sabihin nyong researcher e nakasuot nga ng chest rig(bandolier) with magazine and m16 to think nagsasabi pa kayo ng tanim alam nyo ba gaano ka hirap magdala ng gamit at mag operate tapos nagsasabi pa kayo ng tinaniman e halatang sya nanga sumampa sa NPA","['proof mo nga kung si Alyana may authorization letter from LGU para mag conduct ng research study sa bundok', 'nag authorize ba ang UP na ang student nila mag conduct ng research sa bundok sige daw saan yung authorization letters nila coming from LGUs wala kasi sumampa nga NPA diba brainwash nga yan gising kasi kayo sa katotohanan na Hindi yan sila authorize sabihin nyong researcher e nakasuot nga ng chest rig(bandolier) with magazine and m16 to think nagsasabi pa kayo ng tanim alam nyo ba gaano ka hirap magdala ng gamit at mag operate tapos nagsasabi pa kayo ng tinaniman e halatang sya nanga sumampa sa NPA']","['proof mo nga kung si Alyana may authorization letter from LGU para mag conduct ng research study sa bundok, nag authorize ba ang UP na ang student nila mag conduct ng research sa bundok sige daw saan yung authorization letters nila coming from LGUs wala kasi sumampa nga NPA diba brainwash nga yan gising kasi kayo sa katotohanan na ', 'Hindi yan sila authorize sabihin nyong researcher e nakasuot nga ng chest rig(bandolier) with magazine and m16 to think nagsasabi pa kayo ng tanim alam nyo ba gaano ka hirap magdala ng gamit at mag operate tapos nagsasabi pa kayo ng tinaniman e halatang sya nanga sumampa sa NPA']"
"hahaha bobo ka? Wla ka naman palang alam eh bat ka nasabat dyan? Tingnan mo mga post ng nagtatanggol sa kanya, sinasabi pumunta sa bundok pra mag research at tumulong sa mga taong nasa liblib na lugar na yun. Ngayon sabihin mo, bat binomba yung lugar kung may mga sibilyan talaga dun at hindi mga NPA? Anong ginagawa nya sa lugar na puro NPA? Nagreresearch sa mga rebelde?","['hahaha bobo ka?', 'Wla ka naman palang alam eh bat ka nasabat dyan?', 'Tingnan mo mga post ng nagtatanggol sa kanya', 'sinasabi pumunta sa bundok pra mag research at tumulong sa mga taong nasa liblib na lugar na yun.', 'Ngayon sabihin mo', 'bat binomba yung lugar kung may mga sibilyan talaga dun at hindi mga NPA?', 'Anong ginagawa nya sa lugar na puro NPA?', 'Nagreresearch sa mga rebelde?']","['hahaha bobo ka? ', 'Wla ka naman palang alam eh bat ka nasabat dyan? ', 'Tingnan mo mga post ng nagtatanggol sa kanya, sinasabi pumunta sa bundok pra mag research at tumulong sa mga taong nasa liblib na lugar na yun. ', 'Ngayon sabihin mo, bat binomba yung lugar kung may mga sibilyan talaga dun at hindi mga NPA? ', 'Anong ginagawa nya sa lugar na puro NPA? ', 'Nagreresearch sa mga rebelde?']"
so pag di ka NPA ang kadiri pero pag si Kommander ok lang nice,['so pag di ka NPA ang kadiri pero pag si Kommander ok lang nice'],"['so pag di ka NPA ang kadiri pero pag si Kommander ', 'ok lang ', 'nice']"
One week lang yan makakalimutan na yan,['One week lang yan makakalimutan na yan'],['One week lang yan makakalimutan na yan']
matatalinong bata pero nabilog sila dahil sa emosyon. dahil sa galit sa Gobyerno. sila kasi ung mga tipong may paninindigan at matatapang na nagboboses sa mga kabataan kaso hindi nila alam na nabilog na sila ng mga nagrecruit sa kanila sa pag trigger ng galit nila sa Gobyerno. Sana wala nang sumunod pang katulad nila. Magsumikap at palitan ninyo ang mga corrupt sa Gobyerno. Dun kayo mas higit na hahangaan ng taong bayan. RIP and condolence sa bawat pamilya ng mga nasawi.,"['matatalinong bata pero nabilog sila dahil sa emosyon.', 'dahil sa galit sa Gobyerno.', 'sila kasi ung mga tipong may paninindigan at matatapang na nagboboses sa mga kabataan kaso hindi nila alam na nabilog na sila ng mga nagrecruit sa ka nila sa pag trigger ng galit nila sa Gobyerno.', 'Sana wala nang sumunod pang katulad nila.', 'Magsumikap at palitan ninyo ang mga corrupt sa Gobyerno.', 'Dun kayo mas higit na hahangaan ng taong bayan.', 'RIP and condolence sa bawat pamilya ng mga nasawi.']","['matatalinong bata pero nabilog sila dahil sa emosyon. ', 'dahil sa galit sa Gobyerno. ', 'sila kasi ung mga tipong may paninindigan at matatapang na nagboboses sa mga kabataan kaso hindi nila alam na nabilog na sila ng mga nagrecruit sa kanila sa pag trigger ng galit nila sa Gobyerno. ', 'Sana wala nang sumunod pang katulad nila. ', 'Magsumikap at palitan ninyo ang mga corrupt sa Gobyerno. ', 'Dun kayo mas higit na hahangaan ng taong bayan. ', 'RIP and condolence sa bawat pamilya ng mga nasawi.']"
Red na red ang hair hahaha corned beef ba hahahaha en pey eey pa.,['Red na red ang hair hahaha corned beef ba hahahaha en pey eey pa.'],"['Red na red ang hair ', 'hahaha ', 'corned beef ba ', 'hahahaha ', 'en pey ', 'eey pa.']"
mga kabataang walang takot sa dios dahil akala nila Sila Ang dios na mkapagpabago sa takbo ng gobyerno!!! Kung malapit pa yan sa dios matatakot yan mag NPA,"['mga kabataang walang takot sa dios dahil akala nila Sila Ang dios na mkapagpabago sa takbo ng gobyerno!!!', 'Kung malapit pa yan sa dios matatakot yan mag NPA']","['mga kabataang walang takot sa dios dahil akala nila ', 'Sila ', 'Ang dios na mkapagpabago sa takbo ng gobyerno!!! ', 'Kung malapit pa yan sa dios matatakot yan mag NPA']"
for speaking truth? Mrming nag surrender na kakabaihan na gingalaw sila ng commander nila.,"['for speaking truth?', 'Mrming nag surrender na kakabaihan na gingalaw sila ng commander nila.']","['for speaking truth? ', 'Mrming nag surrender na kakabaihan na gingalaw sila ng commander nila.']"
"ironic kamo, imagine mo pinag aral ka ng mga magulang mo sa isang sikat na university tas ganyan lang kahahantungan 🤦🏻‍♂️
Hindi na sila highschool para ma uto pa ng mga ganyang kulto pero still why?","['ironic kamo', 'imagine mo pinag aral ka ng mga magulang mo sa isang sikat na university tas ganyan lang kahahantungan 🤦🏻‍♂️', 'Hindi na sila highschool para ma uto pa ng mga ganyang kulto pero still why?']","['ironic kamo, ', 'imagine mo pinag aral ka ng mga magulang mo sa isang sikat na university tas ganyan lang kahahantungan 🤦🏻\u200d♂️', 'Hindi na sila highschool para ma uto pa ng mga ganyang kulto pero still why?']"
JI ENDENCIA isa nanamng profile na pang bading ang natagpuang tanga 🤣🤣,['JI ENDENCIA isa nanamng profile na pang bading ang natagpuang tanga 🤣🤣'],"['JI ENDENCIA ', 'isa nanamng profile na pang bading ang natagpuang tanga 🤣🤣']"
"Student activists future NPA

VS

ROTC Cadet future Army men

Kilala nila mga NPA since college. Alam ng army mga galawan sa recruitment. Kaya college pa lang, identified na ng ROTC kung sino ang mga demonyong maikli pa lang ang sungay, dapat nang mawala.","['Student activists future NPA', 'VS', 'ROTC Cadet future Army men', 'Kilala nila mga NPA since college.', 'Alam ng army mga galawan sa recruitment.', 'Kaya college pa lang', 'identified na ng ROTC kung sino ang mga demonyong maikli pa lang ang sungay', 'dapat nang mawala.']","['Student activists future NPA', '', 'VS', '', 'ROTC ', 'Cadet future Army men', '', 'Kilala nila mga NPA since college. ', 'Alam ng army mga galawan sa recruitment. ', 'Kaya college pa lang, identified na ng ROTC kung sino ang mga demonyong maikli pa lang ang sungay, dapat nang mawala.']"
"Daming keyboard warriors dito na di marunong mag facts checks. Anyway, kahit sino naman pwedi patayin ng militar tapos sabihin lang nila na myembro terorista parang sa ibang mga pulis lang mahilig mag tanim ng mga evidence, I think y'all need to touch some grass","['Daming keyboard warriors dito na di marunong mag facts checks.', 'Anyway', 'kahit sino naman pwedi patayin ng militar tapos sabihin lang nila na myembro terorista parang sa ibang mga pulis lang mahilig mag tanim ng mga evidence', 'I think y\'all need to touch some grass']","['Daming keyboard warriors dito na di marunong mag facts checks. ', 'Anyway, kahit sino naman pwedi patayin ng militar tapos sabihin lang nila na myembro terorista parang sa ibang mga pulis lang mahilig mag tanim ng mga evidence, ', ""I think y'all need to touch some grass""]"
"it as simple as ginagamit para ma recruit ang mga estudyante ang mga valid na issue na ng lipunan kahirapan,injustice. So yung bata idealistic, maniniwala siya kailangan labanan gobyerno.","['it as simple as ginagamit para ma recruit ang mga estudyante ang mga valid na issue na ng lipunan kahirapan', 'injustice.', 'So yung bata idealistic', 'maniniwala siya kailangan labanan gobyerno.']","['it as simple as ginagamit para ma recruit ang mga estudyante ang mga valid na issue na ng lipunan kahirapan,injustice. ', 'So yung bata idealistic, maniniwala siya kailangan labanan gobyerno.']"
mga anak talaga nang mga kakampink kasapi din nang mga Npa eh hahaha ge pagtanggol nyo pa katangahan nyo mga bugok,['mga anak talaga nang mga kakampink kasapi din nang mga Npa eh hahaha ge pagtanggol nyo pa katangahan nyo mga bugok'],"['mga anak talaga nang mga kakampink kasapi din nang mga Npa eh ', 'hahaha ', 'ge pagtanggol nyo pa katangahan nyo mga bugok']"
student research ampota penge ebidensya kung nag student research sya bugok ka din na NPA. Nag paalam ba sya sa LGU na mag reresearch sya jan? Eh alam nyang pugad nang npa yan eh syempre membro din sya BOBO. Tangahan nyo pa! Lumang script puro research pag namatay mga TANGA!,"['student research ampota penge ebidensya kung nag student research sya bugok ka din na NPA.', 'Nag paalam ba sya sa LGU na mag reresearch sya jan?', 'Eh alam nyang pugad nang npa yan eh syempre membro din sya BOBO.', 'Tangahan nyo pa!', 'Lumang script puro research pag namatay mga TANGA!']","['student research ampota penge ebidensya kung nag student research sya bugok ka din na NPA. ', 'Nag paalam ba sya sa LGU na mag reresearch sya jan? ', 'Eh alam nyang pugad nang npa yan eh syempre membro din sya BOBO. ', 'Tangahan nyo pa! ', 'Lumang script puro research pag namatay mga TANGA!']"
na may halong .50 Cal bullets,['na may halong .50 Cal bullets'],"['na may halong .50 ', 'Cal bullets']"
"importante lahat ng buhay ng tao beh, pati ikaw na pabigat sa ekonomiya. Wag ka magtago sa dummy acc mo, tapang tapangan yarn?","['importante lahat ng buhay ng tao beh', 'pati ikaw na pabigat sa ekonomiya.', 'Wag ka magtago sa dummy acc mo', 'tapang tapangan yarn?']","['importante lahat ng buhay ng tao beh, pati ikaw na pabigat sa ekonomiya. ', 'Wag ka magtago sa dummy acc mo, tapang tapangan yarn?']"
"sino kaya tabogo, kami na buhay or siya na naging corned beef? Hahahaha! Baka ikaw na sunod. Akyat kana sa bundok🤪","['sino kaya tabogo', 'kami na buhay or siya na naging corned beef?', 'Hahaha!', 'Baka ikaw na sunod.', 'Akyat kana sa bundok🤪']","['sino kaya tabogo, kami na buhay or siya na naging corned beef? ', 'Hahahaha! ', 'Baka ikaw na sunod. ', 'Akyat kana sa bundok🤪']"
hindi naman siguro sir na pag may encounter e palaging may researcher sa area na mga students. Talagang ksamahan nila yan.,"['hindi naman siguro sir na pag may encounter e palaging may researcher sa area na mga students.', 'Talagan ksamahan nila yan.']","['hindi naman siguro sir na pag may encounter e palaging may researcher sa area na mga students. ', 'Talagang ksamahan nila yan.']"
"Schools also should be held liable. If its for immersion or research, may pananagutan sila kasi we all know na before we conduct study may  certain requirements dyan. Bat pinayagan at why not hindi nakipag coordinate ang skul sa lgu? 

I came from state University, before we conduct study we need to present documents that approved by the skul itself then present it to the lgu of the place where we gonna conduct.","['Schools also should be held liable.', 'If its for immersion or research', 'may pananagutan sila kasi we all know na before we conduct study may certain requirements dyan.', 'Bat pinayagan at why not hindi nakipag coordinate ang skul sa lgu?', 'I came from state University', 'before we conduct study we need to present documents that approved by the skul itself then present it to the lgu of the place where we gonna conduct.']","['Schools also should be held liable. ', 'If its for immersion or research, may pananagutan sila kasi we all know na before we conduct study may  certain requirements dyan. ', 'Bat pinayagan at why not hindi nakipag coordinate ang skul sa lgu? ', '', 'I came from state University, before we conduct study we need to present documents that approved by the skul itself then present it to the lgu of the place where we gonna conduct.']"
"Obvious naman, bakit di Kasi nakipag coordinate sa AFP kung aakyat sa mga delikadong bundok?  Halata naman, tapos may nagtatanggol pa rin.","['Obvious naman', 'bakit di Kasi nakipag coordinate sa AFP kung aakyat sa mga delikadong bundok?', 'Halata naman', 'tapos may nagtatanggol pa rin.']","['Obvious naman, bakit di Kasi nakipag coordinate sa AFP kung aakyat sa mga delikadong bundok?  ', 'Halata naman, tapos may nagtatanggol pa rin.']"
"This is my personal opinion, and mine only! 

Sa totoo lang, hindi kakulangan ng tapang ang problema natin. Marami sa kabataan ngayon ang handang lumaban para sa tama. Pero ang tanong, paano ba dapat lumaban?

Hindi lahat ng laban dinadaan sa dahas. Kung iisipin mo, mas malakas ang utak kaysa baril. Corruption is not defeated by bullets, but by awareness, strategy, at collective action. Kailangan natin gamitin ang talino natin to expose what is wrong, to question systems, at mag demand ng transparency at accountability.

Picking up arms may seem like a strong statement, pero sa dulo, sino ba ang mas prepared? Government troops are highly trained, well equipped, at may sapat na firepower at ammunition. It becomes a losing battle, at ang pinaka masakit, ang nawawala ay mga kabataang may potensyal, may pangarap, at may kakayahang magbago ng sistema sa mas matalinong paraan.

Kung nagabayan lang sana nang tama ang mga isipan na ito, they could have been a great help in our government. Sa tamang direksyon, ang talino at tapang nila puwedeng gamitin sa paggawa ng batas, pagbuo ng reporma, at paglilingkod sa bayan.

Sayang ang mga brilliant minds kung mauuwi lang sa dahas. Mas kailangan sila sa pagbuo ng solusyon, sa pag educate ng kapwa, sa pag push ng reforms, at sa pag create ng long term change. Hindi kahinaan ang piliing mag isip kaysa manakit. In fact, iyon ang tunay na lakas.

Kung gusto natin ng tunay na pagbabago, gamitin natin ang utak natin, hindi armas. Doon nagsisimula ang laban na may pag asa manalo.","['This is my personal opinion', 'and mine only!', 'Sa totoo lang', 'hindi kakulangan ng tapang ang problema natin.', 'Marami sa kabataan ngayon ang handang lumaban para sa tama.', 'Pero ang tanong', 'paano ba dapat lumaban?', 'Hindi lahat ng laban dinadaan sa dahas.', 'Kung iisipin mo', 'mas malakas ang utak kaysa baril.', 'Corruption is not defeated by bullets', 'but by awareness', 'strategy', 'at collective action.', 'Kailangan natin gamitin ang talino natin to expose what is wrong', 'to question systems', 'at mag demand ng transparency at accountability.', 'Picking up arms may seem like a strong statement', 'pero sa dulo', 'sino ba ang mas prepared?', 'Government troops are highly trained', 'well equipped', 'at may sapat na firepower at ammunition.', 'It becomes a losing battle', 'at ang pinaka masakit', 'ang nawawala ay mga kabataang may potensyal', 'may pangarap', 'at may kakayahang magbago ng sistema sa mas matalinong paraan.', 'Kung nagabayan lang sana nang tama ang mga isipan na ito', 'they could have been a great help in our government.', 'Sa tamang direksyon', 'ang talino at tapang nila puwedeng gamitin sa paggawa ng batas', 'pagbuo ng reporma', 'at paglilingkod sa bayan.', 'Sayang ang mga brilliant minds kung mauuwi lang sa dahas.', 'Mas kailangan sila sa pagbuo ng solusyon', 'sa pag educate ng kapwa', 'sa pag push ng reforms', 'at sa pag create ng long term change.', 'Hindi kahinaan ang piliing mag isip kaysa manakit.', 'In fact', 'iyon ang tunay na lakas.', 'Kung gusto natin ng tunay na pagbabago', 'gamitin natin ang utak natin', 'hindi armas.', 'Doon nagsisimula ang laban na may pag asa manalo.']","['This is my personal opinion, and mine only! ', '', 'Sa totoo lang, hindi kakulangan ng tapang ang problema natin. ', 'Marami sa kabataan ngayon ang handang lumaban para sa tama. ', 'Pero ang tanong, paano ba dapat lumaban?', '', 'Hindi lahat ng laban dinadaan sa dahas. ', 'Kung iisipin mo, mas malakas ang utak kaysa baril. ', 'Corruption is not defeated by bullets, but by awareness, strategy, at collective action. ', 'Kailangan natin gamitin ang talino natin to expose what is wrong, to question systems, at mag demand ng transparency at accountability.', '', 'Picking up arms may seem like a strong statement, pero sa dulo, sino ba ang mas prepared? ', 'Government troops are highly trained, well equipped, at may sapat na firepower at ammunition. ', 'It becomes a losing battle, ', 'at ang pinaka masakit, ', 'ang nawawala ay mga kabataang may potensyal, may pangarap, at may kakayahang magbago ng sistema sa mas matalinong paraan.', '', 'Kung nagabayan lang sana nang tama ang mga isipan na ito, they could have been a great help in our government. ', 'Sa tamang direksyon, ang talino at tapang nila puwedeng gamitin sa paggawa ng batas, pagbuo ng reporma, at paglilingkod sa bayan.', '', 'Sayang ang mga brilliant minds kung mauuwi lang sa dahas. ', 'Mas kailangan sila sa pagbuo ng solusyon, sa pag educate ng kapwa, sa pag push ng reforms, at sa pag create ng long term change. ', 'Hindi kahinaan ang piliing mag isip kaysa manakit. ', 'In fact, iyon ang tunay na lakas.', '', 'Kung gusto natin ng tunay na pagbabago, gamitin natin ang utak natin, hindi armas. ', 'Doon nagsisimula ang laban na may pag asa manalo.']"
"1.Ano ang ginagawa ng isang estudyante sa gitna ng bundok at sa isang conflict area? 

Kung ang layunin ay tunay na research o pag-aaral, bakit kailangang doon sa lugar na talamak ang presensya ng New People’s Army (NPA)? At higit sa lahat, bakit kasama ( o malapit)  sa  isang high ranking leader ng mga rebelde?

2. Bakit hindi nakipag coordinate sa Local Government Unit (LGU)?

 Mayroon tayong mga sinusunod na protocol para sa kaligtasan ng sinumang sibilyan na papasok sa mga liblib na lugar. 

Bakit hindi ito ginawa? Kung wala namang itinatagong masama, bakit kailangang pumasok nang patago?

Bakit hindi tularan ang mga journalist? 

Ang mga reporter mula sa malalaking media networks gaya ng GMA at ABS-CBN ay pumapasok din sa mga mapanganib na lugar, pero ginagawa nila ito nang may koordinasyon at malinaw na pagkakakilanlan para sa kanilang seguridad. 

Kung ang layunin ay kumuha ng impormasyon o datos, bakit hindi dumaan sa tamang proseso para matiyak ang safety?

Hinggil sa Red tagging, Madalas gamiting dahilan ang takot sa ""red-tagging"" kaya hindi nagpapaalam sa otoridad.

 Pero ang tanong? 
 kung ang isang tao ay purong estudyante o researcher lamang at walang kinalaman sa armadong pakikibaka, bakit siya matatakot na kilalanin ng gobyerno? 

Ang pag-iwas sa koordinasyon ang lalong naglalagay sa kanila sa panganib at nagbubukas ng pagdududa sa kanilang tunay na pakay.

Nakikiramay tayo sa mga pamilyang nawalan, ngunit kailangan din nating maging mapanuri. Ang pagsuway sa mga legal na proseso at pakikihalubilo sa mga armadong grupo sa gitna ng operasyon ng militar ay may mabigat na panganib na hindi dapat isisi sa gobyerno lamang.

 Panahon na para maging tapat tayo sa kung ano ang tunay na nangyayari sa ating mga kabataan kapag sila ay dinadala sa mga ""immersion"" sa mga lugar na may giyera.

Ctto 🫶🏻","['1.Ano ang ginagawa ng isang estudyante sa gitna ng bundok at sa isang conflict area?', 'Kung ang layunin ay tunay na research o pag-aaral', 'bakit kailangang doon sa lugar na talamak ang presensya ng New People’s Army (NPA)?', 'At higit sa lahat', 'bakit kasama ( o malapit) sa isang high ranking leader ng mga rebelde?', '2. Bakit hindi nakipag coordinate sa Local Government Unit (LGU)?', 'Mayroon tayong mga sinusunod na protocol para sa kaligtasan ng sinumang sibilyan na papasok sa mga liblib na lugar.', 'Bakit hindi ito ginawa?', 'Kung wala namang itinatagong masama', 'bakit kailangang pumasok nang patago?', 'Bakit hindi tularan ang mga journalist?', 'Ang mga reporter mula sa malalaking media networks gaya ng GMA at ABS-CBN ay pumapasok din sa mga mapanganib na lugar', 'pero ginagawa nila ito nang may koordinasyon at malinaw na pagkakakilanlan para sa kanilang seguridad.', 'Kung ang layunin ay kumuha ng impormasyon o datos', 'bakit hindi dumaan sa tamang proseso para matiyak ang safety?', 'Hinggil sa Red tagging', 'Madalas gamiting dahilan ang takot sa ""red-tagging"" kaya hindi nagpapaalam sa otoridad.', 'Pero ang tanong?', 'kung ang isang tao ay purong estudyante o researcher lamang at walang kinalaman sa armadong pakikibaka', 'bakit siya matatakot na kilalanin ng gobyerno?', 'Ang pag-iwas sa koordinasyon ang lalong naglalagay sa kanila sa panganib at nagbubukas ng pagdududa sa kanilang tunay na pakay.', 'Nakikiramay tayo sa mga pamilyang nawalan', 'ngunt kailangan din nating maging mapanuri.', 'Ang pagsuway sa mga legal na proseso at pakikihalubilo sa mga armadong grupo sa gitna ng operasyon ng militar ay may mabigat na panganib na hindi dapat isisi sa gobyerno lamang.', 'Panahon na para maging tapat tayo sa kung ano ang tunay na nangyayari sa ating mga kabataan kapag sila ay dinadala sa mga ""immersion"" sa mga lugar na may giyera.', 'Ctto 🫶🏻']","['1.Ano ang ginagawa ng isang estudyante sa gitna ng bundok at sa isang conflict area? ', '', 'Kung ang layunin ay tunay na research o pag-aaral, bakit kailangang doon sa lugar na talamak ang presensya ng New People’s Army (NPA)? ', 'At higit sa lahat, bakit kasama ( o malapit)  sa  isang high ranking leader ng mga rebelde?', '', '2. Bakit hindi nakipag coordinate sa Local Government Unit (LGU)?', '', ' ', 'Mayroon tayong mga sinusunod na protocol para sa kaligtasan ng sinumang sibilyan na papasok sa mga liblib na lugar. ', '', 'Bakit hindi ito ginawa? ', 'Kung wala namang itinatagong masama, bakit kailangang pumasok nang patago?', '', 'Bakit hindi tularan ang mga journalist? ', '', 'Ang mga reporter mula sa malalaking media networks gaya ng GMA at ABS-CBN ay pumapasok din sa mga mapanganib na lugar, pero ginagawa nila ito nang may koordinasyon at malinaw na pagkakakilanlan para sa kanilang seguridad. ', '', 'Kung ang layunin ay kumuha ng impormasyon o datos, bakit hindi dumaan sa tamang proseso para matiyak ang safety?', '', 'Hinggil sa Red tagging, ', 'Madalas gamiting dahilan ang takot sa ""red-tagging"" kaya hindi nagpapaalam sa otoridad.', '', ' ', 'Pero ang tanong? ', ' ', 'kung ang isang tao ay purong estudyante o researcher lamang at walang kinalaman sa armadong pakikibaka, bakit siya matatakot na kilalanin ng gobyerno? ', '', 'Ang pag-iwas sa koordinasyon ang lalong naglalagay sa kanila sa panganib at nagbubukas ng pagdududa sa kanilang tunay na pakay.', '', 'Nakikiramay tayo sa mga pamilyang nawalan, ngunit kailangan din nating maging mapanuri. ', 'Ang pagsuway sa mga legal na proseso at pakikihalubilo sa mga armadong grupo sa gitna ng operasyon ng militar ay may mabigat na panganib na hindi dapat isisi sa gobyerno lamang.', '', ' ', 'Panahon na para maging tapat tayo sa kung ano ang tunay na nangyayari sa ating mga kabataan kapag sila ay dinadala sa mga ""immersion"" sa mga lugar na may giyera.', '', 'Ctto 🫶🏻']"
Sayang ang ginastos ng Bayan. Malaki pa naman ang kaltas ko sa sahod dahil sa Tax. Sana napunta na lang sa iba ang prebelihiyo na ito para naman may ambag sa pag unlad ng bayan.🥲,"['Sayang ang ginastos ng Bayan.', 'Malaki pa naman ang kaltas ko sa sahod dahil sa Tax.', 'Sana napunta na lang sa iba ang prebelihiyo na ito para naman may ambag sa pag unlad ng bayan.🥲']","['Sayang ang ginastos ng Bayan. ', 'Malaki pa naman ang kaltas ko sa sahod dahil sa Tax. ', 'Sana napunta na lang sa iba ang prebelihiyo na ito para naman may ambag sa pag unlad ng bayan.🥲']"
"baka ikaw nga sumunod eh, kaso diyan lang sa tabi tabi nyo. kaya ingat ingat","['baka ikaw nga sumunod eh', 'kaso diyan lang sa tabi tabi nyo.', 'kaya ingat ingat']","['baka ikaw nga sumunod eh, ', 'kaso diyan lang sa tabi tabi nyo. ', 'kaya ingat ingat']"
"haha ganyan talaga sinasabi pag DDS. pag bumulagta ka bigla, alam na bakit, kaya ingat ingat. lock mo profile mo dali","['haha ganyan talaga sinasabi pag DDS.', 'pag bumulagta ka bigla', 'alam na bakit', 'kaya ingat ingat.', 'lock mo profile mo dali']","['haha ganyan talaga sinasabi pag DDS. ', 'pag bumulagta ka bigla, alam na bakit, kaya ingat ingat. ', 'lock mo profile mo dali']"
hahahahha! Iyak npa! Bobo nyo kasi kaya nagiging corned beef kayo😅🤪. Tinatakot mo pa akong tanga ka! Akalain mo naman may magagawa😅🤪,"['hahahahha!', 'Iyak npa!', 'Bobo nyo kasi kaya nagiging corned beef kayo😅🤪.', 'Tinatakot mo pa akong tanga ka!', 'Akalain mo naman may magagawa😅🤪']","['hahahahha! ', 'Iyak npa! ', 'Bobo nyo kasi kaya nagiging corned beef kayo😅🤪. ', 'Tinatakot mo pa akong tanga ka! ', 'Akalain mo naman may magagawa😅🤪']"
yes because na bawasan yung mga basurang activista tanga 🤣🤣🤣🤣🤣 pwede,['yes because na bawasan yung mga basurang activista tanga 🤣🤣🤣🤣🤣 pwede'],"['yes because na bawasan yung mga basurang activista tanga 🤣🤣🤣🤣🤣 ', 'pwede']"
at sa tingin mo matatapos ang corrupt sa bansa kung hnd gagamitan ng Dahas? Sino ba yang pinupunto mo? Si Leni? Do you think kaya ng lambot niya patuwidin ang baluktot na pamumuno sa congreso??? I don't think so.,"['at sa tingin mo matatapos ang corrupt sa bansa kung hnd gagamitan ng Dahas?', 'Sino ba yang pinupunto mo?', 'Si Leni?', 'Do you think kaya ng lambot niya patuwidin ang baluktot na pamumuno sa congreso???', 'I don't think so.']","['at sa tingin mo matatapos ang corrupt sa bansa kung hnd gagamitan ng Dahas? ', 'Sino ba yang pinupunto mo? ', 'Si Leni? ', 'Do you think kaya ng lambot niya patuwidin ang baluktot na pamumuno sa congreso??? ', ""I don't think so.""]"
"reading comprehension helps too... 🙄🥸 tagalog na , hindi pa nakuha ang punto! Duh!!","['reading comprehension helps too... 🙄🥸 tagalog na', 'hindi pa nakuha ang punto!', 'Duh!!']","['reading comprehension helps too... ', '🙄🥸 ', 'tagalog na , hindi pa nakuha ang punto! ', 'Duh!!']"
"code ahahaahaa
mabuti kung si kumander lang ...ehhh andaming commander ahahaaha atleast diba bago maging cornbeef naging masaya muna ang lahat","['code ahahaahaa', 'mabuti kung si kumander lang ...ehhh andaming commander ahahaaha atleast diba bago maging cornbeef naging masaya muna ang lahat']","['code ', 'ahahaahaa', 'mabuti kung si kumander lang ...ehhh ', 'andaming commander ', 'ahahaaha ', 'atleast ', 'diba bago maging cornbeef ', 'naging masaya ', 'muna ang lahat']"
dito sa comment mo antahimik nila that means they are projecting people sa namatay pa,['dito sa comment mo antahimik nila that means they are projecting people sa namatay pa'],"['dito sa comment mo antahimik nila ', 'that means they are projecting people ', 'sa namatay pa']"
"Piñas eto pala pamangkin mo? mapuntahan nga.

di ka makatulog dahil na tanong sa tanong ko?","['Piñas eto pala pamangkin mo?', 'mapuntahan nga.', 'di ka makatulog dahil na tanong sa tanong ko?']","['Piñas eto pala pamangkin mo? ', 'mapuntahan nga.', '', 'di ka makatulog dahil na tanong sa tanong ko?']"
Dapat tlga mawala na yang NPA partylist eh tulad ng kabataan partylist.,['Dapat tlga mawala na yang NPA partylist eh tulad ng kabataan partylist.'],['Dapat tlga mawala na yang NPA partylist eh tulad ng kabataan partylist.']
Maganda yan napaaga kaysa makarekrut pa ng ibang magaaral pra sumapi sa grupo nila eye opener yan sa mga kasalukuyang nililinlng nila,['Maganda yan napaaga kaysa makarekrut pa ng ibang magaaral pra sumapi sa grupo nila eye opener yan sa mga kasalukuyang nililinlng nila'],"['Maganda yan napaaga kaysa makarekrut pa ng ibang magaaral pra sumapi sa grupo nila ', 'eye opener yan sa mga kasalukuyang nililinlng nila']"
"Against sa gobyerno, pero iskolar ng gobyerno..nakakalito! Councilor nasa pwesto sa gobyerno pero nasa poder ng NPA. Researcher pero may armas, ano gingawa niya dun? Para saan? Nagtatanong lang po..","['Against sa gobyerno', 'pero iskolar ng gobyerno..nakakalito!', 'Councilor nasa pwesto sa gobyerno pero nasa poder ng NPA.', 'Researcher pero may armas', 'ano gingawa niya dun?', 'Para saan?', 'Nagtatanong lang po..']","['Against sa gobyerno, pero iskolar ng gobyerno..nakakalito! ', 'Councilor nasa pwesto sa gobyerno pero nasa poder ng NPA. ', 'Researcher pero may armas, ano gingawa niya dun? ', 'Para saan? ', 'Nagtatanong lang po..']"
so alam namn pala na sa UP nag sisimula ang pag recruit ng npa bkt hindi ipasarado ang university,['so alam namn pala na sa UP nag sisimula ang pag recruit ng npa bkt hindi ipasarado ang university'],['so alam namn pala na sa UP nag sisimula ang pag recruit ng npa bkt hindi ipasarado ang university']
Buhok pa lang eh alam mo na walang gagawing tama,['Buhok pa lang eh alam mo na walang gagawing tama'],['Buhok pa lang eh alam mo na walang gagawing tama']
"yan teacher pa nga ang ugat ng manipulation.

ang school ang nagpoproduce ng tao na perfect sample na manipulated o programed ang isipan.","['yan teacher pa nga ang ugat ng manipulation.', 'ang school ang nagpoproduce ng tao na perfect sample na manipulated o programed ang isipan.']","['yan teacher pa nga ang ugat ng manipulation.', '', 'ang school ang nagpoproduce ng tao na perfect sample na manipulated o programed ang isipan.']"
puro “DDS” nalang wala na bang ibang ma rebutt mga kakampwet?🤣,['puro “DDS” nalang wala na bang ibang ma rebutt mga kakampwet?🤣'],['puro “DDS” nalang wala na bang ibang ma rebutt mga kakampwet?🤣']
magresearch ka tanga tahol ka ng tahol nagmumukha ka lang tanga eh🤣,['magresearch ka tanga tahol ka ng tahol nagmumukha ka lang tanga eh🤣'],"['magresearch ka tanga tahol ka ng tahol ', 'nagmumukha ka lang tanga eh🤣']"
"sy malamang. tuwang tuwa at dapat mauna si mayor.  ok lang ma EJK dahil adik daw.  o diba, DDS lang may ganyang logic .  dahil napatay ng autoridad, automatic, adik, npa, etc.

btw, inday at poon mo sabay pa ata makukulong :D  congrats uuwing abo sa garapon","['sy malamang.', 'tuwang tuwa at dapat mauna si mayor.', 'ok lang ma EJK dahil adik daw.', 'o diba', 'DDS lang may ganyang logic .', 'dahil napatay ng autoridad', 'automatic', 'adik', 'npa', 'etc.', 'btw', 'inday at poon mo sabay pa ata makukulong :D congrats uuwing abo sa garapon']","['sy malamang. ', 'tuwang tuwa at dapat mauna si mayor.  ', 'ok lang ma EJK dahil adik daw.  ', 'o diba, ', 'DDS lang may ganyang logic .  ', 'dahil napatay ng autoridad, automatic, adik, npa, etc.', '', 'btw, inday at poon mo sabay pa ata makukulong :D  ', 'congrats uuwing abo sa garapon']"
osige kwento mo sa santo mo na si St. Kian patron ng mga runner na gaya mo🤣,['osige kwento mo sa santo mo na si St. Kian patron ng mga runner na gaya mo🤣'],"['osige kwento mo sa santo mo na si St. ', 'Kian patron ng mga runner na gaya mo🤣']"
tahol ka ng tahol sa fb tanga ka umakyat ka na din don sa bundok inaantay ka na ng mga tropa mong NPA,['tahol ka ng tahol sa fb tanga ka umakyat ka na din don sa bundok inaantay ka na ng mga tropa mong NPA'],"['tahol ka ng tahol sa fb ', 'tanga ka umakyat ka na din don sa bundok ', 'inaantay ka na ng mga tropa mong NPA']"
"kayong DDS lang naman gumagawa ng sarili nyong kwento.  ang importante doon, ang nag utos na pumatay ng mga adik kuno at may rewards system sa mga nakapatay eh nandun na sa ICC at malamang dun na mamamatay.   sana matagal pa mabuhay para magdusa sya dun. alam naman ng lahat na mahilig sa drama ung tatay nyo, sya na mismo nagsabi, PARA MAKA KUHA NG SIMPATYA :D","['kayong DDS lang naman gumagawa ng sarili nyong kwento.', 'ang importante doon', 'ang nag utos na pumatay ng mga adik kuno at may rewards system sa mga nakapatay eh nandun na sa ICC at malamang dun na mamamatay.', 'sana matagal pa mabuhay para magdusa sya dun.', 'alam naman ng lahat na mahilig sa drama ung tatay nyo', 'sya na mismo nagsabi', 'PARA MAKA KUHA NG SIMPATYA :D']","['kayong DDS lang naman gumagawa ng sarili nyong kwento.  ', 'ang importante doon, ang nag utos na pumatay ng mga adik kuno at may rewards system sa mga nakapatay eh nandun na sa ICC at malamang dun na mamamatay.   ', 'sana matagal pa mabuhay para magdusa sya dun. ', 'alam naman ng lahat na mahilig sa drama ung tatay nyo, ', 'sya na mismo nagsabi, ', 'PARA MAKA KUHA NG SIMPATYA :D']"
"Imbes na mag aral, nasa bundok nakisali sa NPA research... So ganito na pala mga kabataan na ka batch ko? Sumasama sa NPA?","['Imbes na mag aral', 'nasa bundok nakisali sa NPA research...', 'So ganito na pala mga kabataan na ka batch ko?', 'Sumasama sa NPA?']","['Imbes na mag aral, nasa bundok nakisali sa NPA research... ', 'So ganito na pala mga kabataan na ka batch ko? ', 'Sumasama sa NPA?']"
kabobohan lang opinion netong nag post😂,['kabobohan lang opinion netong nag post😂'],"['kabobohan lang opinion ', 'netong nag post😂']"
"Pero yung mga buhong na nag recruit at nag brainwashed sa kanya, buhay na buhay at nakinabang pa. 🤷","['Pero yung mga buhong na nag recruit at nag brainwashed sa kanya', 'buhay na buhay at nakinabang pa. 🤷']","['Pero yung mga buhong na nag recruit at nag brainwashed sa kanya, buhay na buhay at nakinabang pa. ', '🤷']"
tanginamo pa ganyan ganyan ka pa ni hindi mo nga alam kung anong pinaglalaban mo🤣,['tanginamo pa ganyan ganyan ka pa ni hindi mo nga alam kung anong pinaglalaban mo🤣'],['tanginamo pa ganyan ganyan ka pa ni hindi mo nga alam kung anong pinaglalaban mo🤣']
hayaan mo na yan ang alam lang niyan panoorin eh kabadingan tv,['hayaan mo na yan ang alam lang niyan panoorin eh kabadingan tv'],"['hayaan mo na yan ang alam lang niyan ', 'panoorin eh ', 'kabadingan ', 'tv']"
may pa watchout watchout ka pa! Tanga! Patuloy mo yan para maging corned beef ka din😅,"['may pa watchout watchout ka pa!', 'Tanga!', 'Patuloy mo yan para maging corned beef ka din😅']","['may pa watchout watchout ka pa! ', 'Tanga! ', 'Patuloy mo yan para maging corned beef ka din😅']"
"anong pabigat potngina mooo! Ang laki-laki ng tax ko, ang dami kong tax  binabayaran tas nanakawin lang sa mga ka uri mo?! Pakeo! Hindi lahat ng buhay importante gaya ni Alyssa deserved nya talaga mamatay para mabawasan yung pangit and NPA sa mundo.. tsaka sobrang satisfying yun ah ginawa syang kornbep! Babahahaha sarap","['anong pabigat potngina mooo!', 'Ang laki-laki ng tax ko', 'ang dami kong tax binabayaran tas nanakawin lang sa mga ka uri mo?!', 'Pakeo!', 'Hindi lahat ng buhay importante gaya ni Alyssa deserved nya talaga mamatay para mabawasan yung pangit and NPA sa mundo..', 'tsaka sobrang satisfying yun ah ginawa syang kornbep!', 'Babahahaha sarap']","['anong pabigat potngina mooo! ', 'Ang laki-laki ng tax ko, ang dami kong tax  binabayaran tas nanakawin lang sa mga ka uri mo?! ', 'Pakeo! ', 'Hindi lahat ng buhay importante gaya ni Alyssa deserved nya talaga mamatay para mabawasan yung pangit and NPA sa mundo.. ', 'tsaka sobrang satisfying yun ah ginawa syang kornbep! ', 'Babahahaha sarap']"
Pinaka maganda linisin buong up palitan lahat ng lahar ng faculty at mga nsmumuno dito at pa graduatetin muna yung mga kasalukuyan nag aaral at wag muna tumangap ng estudyante hangat d nakaka graduate lahat para total reset,['Pinaka maganda linisin buong up palitan lahat ng lahar ng faculty at mga nsmumuno dito at pa graduatetin muna yung mga kasalukuyan nag aaral at wag muna tumangap ng estudyante hangat d nakaka graduate lahat para total reset'],"['Pinaka maganda linisin buong up palitan lahat ng lahar ng faculty at mga nsmumuno dito at pa graduatetin muna yung mga kasalukuyan nag aaral at wag muna tumangap ng estudyante hangat d ', 'nakaka graduate lahat para total reset']"
Gusto lang sigurong lumikha ng sariling government...communism..Communism was dying pagkabuwag ng Berlin Wall at Red China.,['Gusto lang sigurong lumikha ng sariling government...communism..Communism was dying pagkabuwag ng Berlin Wall at Red China.'],['Gusto lang sigurong lumikha ng sariling government...communism..Communism was dying pagkabuwag ng Berlin Wall at Red China.']
Hangang kwento kana lang,['Hangang kwento kana lang'],['Hangang kwento kana lang']
Ginagawa niyo naman yan diba? Walang iyakan. Totoo naman na nangyayari yan.,"['Ginagawa niyo naman yan diba?', 'Walang iyakan.', 'Totoo naman na nangyayari yan.']","['Ginagawa niyo naman yan diba? ', 'Walang iyakan. ', 'Totoo naman na nangyayari yan.']"
hindi ako dds pero deserve niya yan hahahahhaha college ka tapos aakyat sa bundok na may dalang baril ano yan OJT,['hindi ako dds pero deserve niya yan hahahahhaha'.'college ka tapos aakyat sa bundok na may dalang baril ano yan OJT'],"['hindi ako dds pero deserve niya yan ', 'hahahahhaha ', 'college ka tapos aakyat sa bundok na may dalang baril ', 'ano yan ', 'OJT']"
buy nyo na po?🤣🤣🤣🤣,['buy nyo na po?🤣🤣🤣🤣'],['buy nyo na po?🤣🤣🤣🤣']
bka DDS  GOOD BOY AT GOOD GIRLS SILA 😂😂 PLUS HERO PA,['bka DDS GOOD BOY AT GOOD GIRLS SILA 😂😂 PLUS HERO PA'],"['bka DDS  GOOD BOY AT GOOD GIRLS SILA 😂😂 ', 'PLUS HERO PA']"
bading na npa.,['bading na npa.'],['bading na npa.']
makahulugan pa rin daw ang armadong pakikibaka kasi konti na lang sila?,['makahulugan pa rin daw ang armadong pakikibaka kasi konti na lang sila?'],['makahulugan pa rin daw ang armadong pakikibaka kasi konti na lang sila?']
"Sayang na buhay,bakit kac sumasali sa npa😕","['Sayang na buhay', 'bakit kac sumasali sa npa😕']","['Sayang na buhay,bakit kac sumasali sa npa😕']"
"Kahit anong kwentong gawin nyo kahit gawin nyong santo yang mga yan di nyo kami maloloko alam na namin kung pano kayo gumagana, maraming kadre na ang sumuko at umamin di kami mga tanga, -pakisabi dun sa mga npa recruiter na nasa congress ngayon","['Kahit anong kwentong gawin nyo kahit gawin nyong santo yang mga yan di nyo kami maloloko alam na namin kung pano kayo gumagana', 'maraming kadre na ang sumuko at umamin di kami mga tanga', '-pakisabi dun sa mga npa recruiter na nasa congress ngayon']","['Kahit anong kwentong gawin nyo kahit gawin nyong santo yang mga yan di nyo kami maloloko alam na namin kung pano kayo gumagana, ', 'maraming kadre na ang sumuko at umamin di kami mga tanga, ', '-pakisabi dun sa mga npa recruiter na nasa congress ngayon']"
"Kung gusto ng pagbabago, dapat mag aral muna mabuti.

Hindi yung namumundok ka na agad, ikaw na din mismo pumili ng kamatayan mo","['Kung gusto ng pagbabago', 'dapat mag aral muna mabuti.', 'Hindi yung namumundok ka na agad', 'ikaw na din mismo pumili ng kamatayan mo']","['Kung gusto ng pagbabago, dapat mag aral muna mabuti.', '', 'Hindi yung namumundok ka na agad, ikaw na din mismo pumili ng kamatayan mo']"
"Boss, mga disposable lang naman yan mga recruit na yan, tapos pinapatapon sa gubat gubat. Yung mga tunay na NPA, sa malalaking mansion nakatira. Wala sila pake, kung saan kangkungan kayo pulutin. Tatanga nyo din kasi eh. Bakit papauto sa mga demonyong ayaw sa kaayusan. Meron lagi gulo sa background.","['Boss', 'mga disposable lang naman yan mga recruit na yan', 'tapos pinapatapon sa gubat gubat.', 'Yung mga tunay na NPA', 'sa malalaking mansion nakatira.', 'Wala sila pake', 'kung saan kangkungan kayo pulutin.', 'Tatanga nyo din kasi eh.', 'Bakit papauto sa mga demonyong ayaw sa kaayusan.', 'Meron lagi gulo sa background.']","['Boss, ', 'mga disposable lang naman yan mga recruit na yan, tapos pinapatapon sa gubat gubat. ', 'Yung mga tunay na NPA, sa malalaking mansion nakatira. ', 'Wala sila pake, kung saan kangkungan kayo pulutin. ', 'Tatanga nyo din kasi eh. ', 'Bakit papauto sa mga demonyong ayaw sa kaayusan. ', 'Meron lagi gulo sa background.']"
UP DILIMAN INFILTRATED NPA NA ANG IBIG SABIHIN TEACHER AT STUDEN KASAMA SA RECRUITER NG NPA,['UP DILIMAN INFILTRATED NPA NA ANG IBIG SABIHIN TEACHER AT STUDEN KASAMA SA RECRUITER NG NPA'],['UP DILIMAN INFILTRATED NPA NA ANG IBIG SABIHIN TEACHER AT STUDEN KASAMA SA RECRUITER NG NPA']
"Sayang lang buhay ng mga ganito, namamatay tapos wala din naman nagbabago sa pinaglalaban nila","['Sayang lang buhay ng mga ganito', 'namatay tapos wala din naman nagbabago sa pinaglalaban nila']","['Sayang lang buhay ng mga ganito, namamatay tapos wala din naman nagbabago sa pinaglalaban nila']"
haha masarap corned beef ipakain sarili na corned beef sa mga kumander haha,['haha masarap corned beef ipakain sarili na corned beef sa mga kumander haha'],"['haha ', 'masarap corned beef ', 'ipakain sarili na corned beef sa mga kumander ', 'haha']"
"Emmanuel sure ka bang May napatay at naharass na ko? HAHAHAHA baka kayo po, kasi ganyan kayo mag isip sa kapwa","['Emmanuel sure ka bang May napatay at naharass na ko?', 'HAHAHA baka kayo po', 'kasi ganyan kayo mag isip sa kapwa']","['Emmanuel sure ka bang May napatay at naharass na ko? ', 'HAHAHAHA ', 'baka kayo po, ', 'kasi ganyan kayo mag isip sa kapwa']"
at least mamamatay na si dutae sa kulungan,['at least mamamatay na si dutae sa kulungan'],['at least mamamatay na si dutae sa kulungan']
baka ikaw nasa balita naka Bulagta na langng di alam kung bakit 😁,['baka ikaw nasa balita naka Bulagta na langng di alam kung bakit 😁'],['baka ikaw nasa balita naka Bulagta na langng di alam kung bakit 😁']
"JI ENDENCIA ma'am ang hina ng comprehension mo sa totoo lang 😂 ang sabi ko ""KAYO"" hindi ""ikaw"" lang. Yung mga ka grupo mo sa bundok at congress di'ba masaya sila pag may namamatay na civilian kasi isisisi sa AFP.","['JI ENDENCIA ma\'am ang hina ng comprehension mo sa totoo lang 😂 ang sabi ko ""KAYO"" hindi ""ikaw"" lang.', 'Yung mga ka grupo mo sa bundok at congress di\'ba masaya sila pag may namamatay na civilian kasi isisisi sa AFP.']","['JI ENDENCIA ', ""ma'am ang hina ng comprehension mo sa totoo lang 😂 "", 'ang sabi ko ""KAYO"" hindi ""ikaw"" lang. ', ""Yung mga ka grupo mo sa bundok at congress di'ba masaya sila pag may namamatay na civilian kasi isisisi sa AFP.""]"
"oo parang joke lang ni digong din na ""sana nauna ang mayor""","['oo parang joke lang ni digong din na ""sana nauna ang mayor""']","['oo parang joke lang ni digong din na ', '""sana nauna ang mayor""']"
Melvin pag mangmang automatic na kahit di npa,['Melvin pag mangmang automatic na kahit di npa'],['Melvin pag mangmang automatic na kahit di npa']
"ka na ng AI, hindi ka pa nagtanong kung paano mag-isip ng tama.","['ka na ng AI', 'hindi ka pa nagtanong kung paano mag-isip ng tama.']","['ka na ng AI, hindi ka pa nagtanong kung paano mag-isip ng tama.']"
"niyong mamundok tapos pag napatay iiyak ? HAHAHA.
mga gong2 wag kami.
Tuloy nyo pag oojt nyo sa bundok ng maubos kayong mga may biyak sa utak.
Shcolar ng bayan, tas bibigyan niyo lang din ng sakit ng ulo mga taong bayan.
Abay ibang kasaltikan na yan..","['niyong mamundok tapos pag napatay iiyak ?', 'HAHAHA.', 'mga gong2 wag kami.', 'Tuloy nyo pag oojt nyo sa bundok ng maubos kayong mga may biyak sa utak.', 'Shcolar ng bayan', 'tas bibigyan niyo lang din ng sakit ng ulo mga taong bayan.', 'Abay ibang kasaltikan na yan..']","['niyong mamundok tapos pag napatay iiyak ? ', 'HAHAHA.', 'mga gong2 wag kami.', 'Tuloy nyo pag oojt nyo sa bundok ng maubos kayong mga may biyak sa utak.', 'Shcolar ng bayan, ', 'tas bibigyan niyo lang din ng sakit ng ulo mga taong bayan.', 'Abay ibang kasaltikan na yan..']"
wala akong kinalaman dyan haha redirect your pagka dismaya somwhere else. ang tanong ko lang kung nakakatawa ba comment nya,"['wala akong kinalaman dyan haha redirect your pagka dismaya somwhere else.', 'ang tanong ko lang kung nakakatawa ba comment nya']","['wala akong kinalaman dyan ', 'haha ', 'redirect your pagka dismaya somwhere else. ', 'ang tanong ko lang kung nakakatawa ba ', 'comment nya']"
"ko sayo yan dahil magkakapareho kayo ng sinusupportahan.
Wag ka magkunwari na sasabihin mo na wala ka kuno kinalaman.
Alam mo at alam ng lahat na kadalasan pingkilawan ang protector ng NPA, kaya pingkilawan din ang sinusuportahan ng NPA dahil pareho may binipesyo.

Ang mas mabuti sabihin mo sa iyong kasamahan, kung ayaw nila pagtawanan ng karamihan dahil sa baluktot nilang pinaniniwalaan, umalis na sila sa kilusan at bumalik na sa kanilang tahanan para mapag patuloy nila ang kanilang mga buhay na may kaginhawaan . . .","['ko sayo yan dahil magkakapareho kayo ng sinusupportahan.', 'Wag ka magkunwari na sasabihin mo na wala ka kuno kinalaman.', 'Alam mo at alam ng lahat na kadalasan pingkilawan ang protector ng NPA', 'kaya pingkilawan din ang sinusuportahan ng NPA dahil pareho may binipesyo.', 'Ang mas mabuti sabihin mo sa iyong kasamahan', 'kung ayaw nila pagtawanan ng karamihan dahil sa baluktot nilang pinaniniwalaan', 'umalis na sila sa kilusan at bumalik na sa kanilang tahanan para mapag patuloy nila ang kanilang mga buhay na may kaginhawaan . . .']","['ko sayo yan dahil magkakapareho kayo ng sinusupportahan.', 'Wag ka magkunwari na sasabihin mo na wala ka kuno kinalaman.', 'Alam mo at alam ng lahat na kadalasan pingkilawan ang protector ng NPA, kaya pingkilawan din ang sinusuportahan ng NPA dahil pareho may binipesyo.', '', 'Ang mas mabuti sabihin mo sa iyong kasamahan, kung ayaw nila pagtawanan ng karamihan dahil sa baluktot nilang pinaniniwalaan, umalis na sila sa kilusan at bumalik na sa kanilang tahanan para mapag patuloy nila ang kanilang mga buhay na may kaginhawaan . . .']"
"di ako npa o rebelde at naniniwala ako sa reporma na katulad ng gusto ni Rizal pero sobrang foul ng mga komento nyo tungkol sa taong ito. wala naman siguro tayong karapatan para husgahan yang tao nayan, unang una hindi nyo naman kilala yan at hindi nyo din alam ang pinag aralan nya, kung anong mga karanasan at nakita nya buong buhay nya. Pangalawa, maling mali na pumatay at isiping “nararapat” sa isang tao ang kamatayan dahil kung saatin ito sinabi o sa pamilya natin, hindi din natin magugustuhan yon. Maging maingat sa mga sinasabi.","['di ako npa o rebelde at naniniwala ako sa reporma na katulad ng gusto ni Rizal pero sobrang foul ng mga komento nyo tungkol sa taong ito.', 'wala naman siguro tayong karapatan para husgahan yang tao nayan', 'unang una hindi nyo naman kilala yan at hindi nyo din alam ang pinag aralan nya', 'kung anong mga karanasan at nakita nya buong buhay nya.', 'Pangalawa', 'maling mali na pumatay at isiping “nararapat” sa isang tao ang kamatayan dahil kung saatin ito sinabi o sa pamilya natin', 'hindi din natin magugustuhan yon.', 'Maging maingat sa mga sinasabi.']","['di ako npa o rebelde at naniniwala ako sa reporma na katulad ng gusto ni Rizal pero sobrang foul ng mga komento nyo tungkol sa taong ito. ', 'wala naman siguro tayong karapatan para husgahan yang tao nayan, ', 'unang una hindi nyo naman kilala yan at hindi nyo din alam ang pinag aralan nya, ', 'kung anong mga karanasan at nakita nya buong buhay nya. ', 'Pangalawa, maling mali na pumatay at isiping “nararapat” sa isang tao ang kamatayan dahil kung saatin ito sinabi o sa pamilya natin, hindi din natin magugustuhan yon. ', 'Maging maingat sa mga sinasabi.']"
"umpisahan i-abolish ang partylist system, basura ang system na yan, pondo ng bayan ginagamit pang pondo sa mga sumisira sa kinabukasan ng mga kabataan.","['umpisahan i-abolish ang partylist system', 'basura ang system na yan', 'pondo ng bayan ginagamit pang pondo sa mga sumisira sa kinabukasan ng mga kabataan.']","['umpisahan i-abolish ang partylist system, basura ang system na yan, pondo ng bayan ginagamit pang pondo sa mga sumisira sa kinabukasan ng mga kabataan.']"
"No disrespect regarding sa mga namatay pero antatanga nyo nag communist kayo at nag rebelde,Nag clash kayo sa mga militar eh wala naman kayong ability to fight qng alam nyo lang ay mang brainwash ng ibang students to join","['No disrespect regarding sa mga namatay pero antatanga nyo nag communist kayo at nag rebelde', 'Nag clash kayo sa mga militar eh wala naman kayong ability to fight qng alam nyo lang ay mang brainwash ng ibang students to join']","['No disrespect regarding sa mga namatay pero antatanga nyo nag communist kayo at nag rebelde,Nag clash kayo sa mga militar eh wala naman kayong ability to fight qng alam nyo lang ay mang brainwash ng ibang students to join']"
Red tagging pa ba tawag jan? Tuwing may encounter sa NPA puro taga UP Diliman at Kabataan Partylist yun nahuhuli or namamatay? Terrorista na yan eh 🤣,"['Red tagging pa ba tawag jan?', 'Tuwing may encounter sa NPA puro taga UP Diliman at Kabataan Partylist yun nahuhuli or namamatay?', 'Terrorista na yan eh 🤣']","['Red tagging pa ba tawag jan? ', 'Tuwing may encounter sa NPA puro taga UP ', 'Diliman at Kabataan ', 'Partylist ', 'yun nahuhuli or namamatay? ', 'Terrorista na yan eh 🤣']"
Ipasara na yan....gawing mandatory ang ROTC at magpasa ng batas upang lahat ng able bodied male Filipino.ay mag render ng service sa Armed Forces kahit 3 years ang aaayaw kasuhan..,"['Ipasara na yan....', 'gawing mandatory ang ROTC at magpasa ng batas upang lahat ng able bodied male Filipino.ay mag render ng service sa Armed Forces kahit 3 years ang aaayaw kasuhan..']","['Ipasara na yan....gawing mandatory ang ROTC at magpasa ng batas upang lahat ng able bodied male Filipino.ay mag render ng service sa Armed Forces ', 'kahit 3 years ang aaayaw kasuhan..']"
"Ligaw na landas, kinabukasang nautas","['Ligaw na landas', 'kinabukasang nautas']","['Ligaw na landas, kinabukasang nautas']"
"Isa sa mga solusyon is not to enroll your children sa UP's school or other universities na naghihimok ng kilusan against the gov't. Before mag college, pagsabihan ang mga bata at e aware sila...","['Isa sa mga solusyon is not to enroll your children sa UP\'s school or other universities na naghihimok ng kilusan against the gov\'t.', 'Before mag college', 'pagsabihan ang mga bata at e aware sila...']","[""Isa sa mga solusyon is not to enroll your children sa UP's school or other universities na naghihimok ng kilusan against the gov't. "", 'Before mag college, pagsabihan ang mga bata at e aware sila...']"
Me and my dirty mind... Huwag na lang...,"['Me and my dirty mind...', 'Huwag na lang...']","['Me and my dirty mind... ', 'Huwag na lang...']"
"kung bulok ang UP eh di first thing to do umalis ka na ng bansa kasi korupt ang pinas di ba? 
ano kinalaman ng school sa pag hihikayat mag NPA? 

NASA PAGPAPALAKI nyo yan","['kung bulok ang UP eh di first thing to do umalis ka na ng bansa kasi korupt ang pinas di ba?', 'ano kinalaman ng school sa pag hihikayat mag NPA?', 'NASA PAGPAPALAKI nyo yan']","['kung bulok ang UP eh di first thing to do umalis ka na ng bansa kasi korupt ang pinas di ba? ', 'ano kinalaman ng school sa pag hihikayat mag NPA? ', '', 'NASA PAGPAPALAKI nyo yan']"
"nasa kupal na ideology nio yan, tukmol","['nasa kupal na ideology nio yan', 'tukmol']","['nasa kupal na ideology nio yan, ', 'tukmol']"
Dela Peña BM na ano? mang manyak rin? fuck you bobo,"['Dela Peña BM na ano?', 'mang manyak rin?', 'fuck you bobo']","['Dela Peña BM na ano? ', 'mang manyak rin? ', 'fuck you bobo']"
pero sila? Okey lang pumatay ng sibilyan?,"['pero sila?', 'Okey lang pumatay ng sibilyan?']","['pero sila? ', 'Okey lang pumatay ng sibilyan?']"
dapat buwagin na partylist na yan arestuhin mga tongressman na yan pati si raulo manuela pati si kulot,['dapat buwagin na partylist na yan arestuhin mga tongressman na yan pati si raulo manuela pati si kulot'],"['dapat buwagin na partylist na yan ', 'arestuhin ', 'mga tongressman na yan ', 'pati si raulo manuela ', 'pati si kulot']"
"Sayang ang buhay.
Pimaghirapan itaguyod ng magulang tapos mamamatay lang dahil sa nauto ng peer pressure at band wagoning.

Sayang yung scholarship na sana napakinabangan ng gustong makatapos.

Sayang yung talino, nawala ang common sense. Tsk tsk.","['Sayang ang buhay.', 'Pimaghirapan itaguyod ng magulang tapos mamamatay lang dahil sa nauto ng peer pressure at band wagoning.', 'Sayang yung scholarship na sana napakinabangan ng gustong makatapos.', 'Sayang yung talino', 'nawala ang common sense.', 'Tsk tsk.']","['Sayang ang buhay.', 'Pimaghirapan itaguyod ng magulang tapos mamamatay lang dahil sa nauto ng peer pressure at band wagoning.', '', 'Sayang yung scholarship na sana napakinabangan ng gustong makatapos.', '', 'Sayang yung talino, nawala ang common sense. ', 'Tsk tsk.']"
"Pinag-aral ng parents, yung iba taga probinsya at yung parents nila work hard just to send them to a prestigious universities tapos e.rerecruit lng ng mga NPA..😔.. Yung iba nga hindi nga pinag buhatan ng kamay ng parents kahit lamok ayaw ng parents madapuan tapos mag aakyat lang ng bundok para mag NPA..","['Pinag-aral ng parents', 'yung iba taga probinsya at yung parents nila work hard just to send them to a prestigious universities tapos e'.'rerecruit lng ng mga NPA..😔.. '.'Yung iba nga hindi nga pinag buhatan ng kamay ng parents kahit lamok ayaw ng parents madapuan tapos mag aakyat lang ng bundok para mag NPA..']","['Pinag-aral ng parents, yung iba taga probinsya at yung parents nila work hard just to send them to a prestigious universities tapos e.rerecruit lng ng mga NPA..😔.. ', 'Yung iba nga hindi nga pinag buhatan ng kamay ng parents kahit lamok ayaw ng parents madapuan tapos mag aakyat lang ng bundok para mag NPA..']"
"Nawala tga yubg simpatya ko sa mga mga ""LEFTovers"" na yan eh, biruin mo matagal na silang nakikipaglaban sa gobyerno pero bakit hanggang ngayon marami pa ring mga kurakot at abusado na mga politiko. Luging-lugi pa rin ang mga cibilyan eh","['Nawala tga yubg simpatya ko sa mga mga ""LEFTovers"" na yan eh', 'biruin mo matagal na silang nakikipaglaban sa gobyerno pero bakit hanggang ngayon marami pa ring mga kurakot at abusado na mga politiko.', 'Luging-lugi pa rin ang mga cibilyan eh']","['Nawala tga yubg simpatya ko sa mga mga ""LEFTovers"" na yan eh, ', 'biruin mo matagal na silang nakikipaglaban sa gobyerno pero bakit hanggang ngayon marami pa ring mga kurakot at abusado na mga politiko. ', 'Luging-lugi pa rin ang mga cibilyan eh']"
sabi ng redtagger na na naniniwala kay god?? whats the 6th commandment? thou shall not murder.,"['sabi ng redtagger na na naniniwala kay god??', 'whats the 6th commandment?', 'thou shall not murder.']","['sabi ng redtagger na na naniniwala kay god?? ', 'whats the 6th commandment? ', 'thou shall not murder.']"
"pinagsasabi mo dyan? Sa simpleng tanong puro kabobohan na pinagsasabi mo at dami mong assumption.

Ang mabuti pa, magpatingin ka muna at mukhang may tilling ka na sa utak at kung ano ano pinagsasabi mo at mukhang pinag uugnay mo at gumagawa k na ng kwento para suportahan ang delusion mo. Mamaya yan sabihin mo ikaw na ang sugo at mag wala ka pa dyan sa inyo 😂","['pinagsasabi mo dyan?', 'Sa simpleng tanong puro kabobohan na pinagsasabi mo at dami mong assumption.', 'Ang mabuti pa', 'magpatingin ka muna at mukhang may tilling ka na sa utak at kung ano ano pinagsasabi mo at mukhang pinag uugnay mo at gumagawa k na ng kwento para suportahan ang delusion mo.', 'Mamaya yan sabihin mo ikaw na ang sugo at mag wala ka pa dyan sa inyo 😂']","['pinagsasabi mo dyan? ', 'Sa simpleng tanong puro kabobohan na pinagsasabi mo at dami mong assumption.', '', 'Ang mabuti pa, magpatingin ka muna at mukhang may tilling ka na sa utak at kung ano ano pinagsasabi mo at mukhang pinag uugnay mo at gumagawa k na ng kwento para suportahan ang delusion mo. ', 'Mamaya yan sabihin mo ikaw na ang sugo at mag wala ka pa dyan sa inyo 😂']"
simpleng tanong nga lang dami nang assumptions. May balik sa kanila yan,"['simpleng tanong nga lang dami nang assumptions.', 'May balik sa kanila yan']","['simpleng tanong nga lang dami nang assumptions. ', 'May balik sa kanila yan']"
"ayyy soosss dedeny kapa parepareho kayong mga utak NPA, wag ako ...
Ang sabihin niyo di niyo talaga matanggap sa mga sarili ninyo pag napagsasabihan kayo.
Mga feeling maalam sa lahat kahit wala pang napatunayan, mga mama anong ulam naman..
Nagmamatapang kuno sa daan, pero pag napagsabihan iiyak..
Wala ka nga bayag gumamit ng tunay mong account, juicemeyooo kadalasan sa inyo mga walang bayag, pero mahilig kumain ng bayag mga BADing hahahaha.
Nagtatago sa mga dummy account, kasi nga takot makita ng magulang malaman na nakikibaka pailalim baka palayasin, at di na makakain 😅🤣🤭","['ayyy soosss dedeny kapa parepareho kayong mga utak NPA', 'wag ako ...', 'Ang sabihin niyo di niyo talaga matanggap sa mga sarili ninyo pag napagsasabihan kayo.', 'Mga feeling maalam sa lahat kahit wala pang napatunayan', 'mga mama anong ulam naman..', 'Nagmamatapang kuno sa daan', 'pero pag napagsasabihan iiyak..', 'Wala ka nga bayag gumamit ng tunay mong account', 'juicemeyooo kadalasan sa inyo mga walang bayag', 'pero mahilig kumain ng bayag mga BADing hahahaha.', 'Nagtatago sa mga dummy account', 'kasi nga takot makita ng magulang malaman na nakikibaka pailalim baka palayasin', 'at di na makakain 😅🤣🤭']","['ayyy soosss dedeny kapa parepareho kayong mga utak NPA, wag ako ...', 'Ang sabihin niyo di niyo talaga matanggap sa mga sarili ninyo pag napagsasabihan kayo.', 'Mga feeling maalam sa lahat kahit wala pang napatunayan, mga mama anong ulam naman..', 'Nagmamatapang kuno sa daan, pero pag napagsabihan iiyak..', 'Wala ka nga bayag gumamit ng tunay mong account, ', 'juicemeyooo kadalasan sa inyo mga walang bayag, pero mahilig kumain ng bayag mga BADing hahahaha.', 'Nagtatago sa mga dummy account, ', 'kasi nga takot makita ng magulang malaman na nakikibaka pailalim baka palayasin, at di na makakain 😅🤣🤭']"
"talaga mga replayan kadalasan ng mga pingkilawan pag na cocorner HAHAHAHA

 Nasagot kana sa bandang kung ayaw ninyo pagtawanan, umalis na kayo sa inyong kilusan.
Talagang katawatawa talaga kayo.
Pinili ninyo yan tas pag napatay magiiyakan ??
Gusto ninyo kaawaan ? B*lshittttt pala talaga kayo!!
Mga buang lang maniniwala sa inyo pinaglalaban HAHAHAHA.

Dedeny patong future NPA nato hahahaha","['talaga mga replayan kadalasan ng mga pingkilawan pag na cocorner HAHAHAHA', 'Nasagot kana sa bandang kung ayaw ninyo pagtawanan', 'umalis na kayo sa inyong kilusan.', 'Talagan katawatawa talaga kayo.', 'Pinili ninyo yan tas pag napatay magiiyakan ??', 'Gusto ninyo kaawaan ? B*lshittttt pala talaga kayo!!', 'Mga buang lang maniniwala sa inyo pinaglalaban HAHAHAHA.', 'Dedeny patong future NPA nato hahahaha']","['talaga mga replayan kadalasan ng mga pingkilawan pag na cocorner HAHAHAHA', '', ' ', 'Nasagot kana sa bandang kung ayaw ninyo pagtawanan, umalis na kayo sa inyong kilusan.', 'Talagang katawatawa talaga kayo.', 'Pinili ninyo yan tas pag napatay magiiyakan ??', 'Gusto ninyo kaawaan ? ', 'B*lshittttt pala talaga kayo!!', 'Mga buang lang maniniwala sa inyo pinaglalaban HAHAHAHA.', '', 'Dedeny patong future NPA nato hahahaha']"
"Pinabantayan na nga ni Duterte dati lahat ng unibersidad pero hindi talaga mawawala mga traidor. Balik sa dating gawi. Eh ang lakas pa nga nila mandaya sa mga bar exam. Kung dati lagi mga taga UP ang top notcher, nung pinabantayan ni duterte bakita biglang mga universidad sa probinsya ang nag totop. Ibig sabihin malalas mag leak ng bar exam sa UP dahil hawak ng mga sindikato.","['Pinabantayan na nga ni Duterte dati lahat ng unibersidad pero hindi talaga mawawala mga traidor.', 'Balik sa dating gawi.', 'Eh ang lakas pa nga nila mandaya sa mga bar exam.', 'Kung dati lagi mga taga UP ang top notcher', 'nung pinabantayan ni duterte bakita biglang mga universidad sa probinsya ang nag totop.', 'Ibig sabihin malalas mag leak ng bar exam sa UP dahil hawak ng mga sindikato.']","['Pinabantayan na nga ni Duterte dati lahat ng unibersidad pero hindi talaga mawawala mga traidor. ', 'Balik sa dating gawi. ', 'Eh ang lakas pa nga nila mandaya sa mga bar exam. ', 'Kung dati lagi mga taga UP ang top notcher, nung pinabantayan ni duterte bakita biglang mga universidad sa probinsya ang nag totop. ', 'Ibig sabihin malalas mag leak ng bar exam sa UP dahil hawak ng mga sindikato.']"
Bat ba Kasi nananalo pa yang mga makabayan block na Yan..,['Bat ba Kasi nananalo pa yang mga makabayan block na Yan..'],"['Bat ba ', 'Kasi nananalo pa yang mga makabayan block na Yan..']"
"Dami agad humuhusga Hindi namn alam kung ano talaga ung totoo. Para Sakin mahirap humusga Basta Basta Lalo Hindi namn natin alam ung totoo may mga possible factors din Kasi

Kasi sa coxtext nakikisalamuha daw siya sa mga magsasaka, pero ang malaking tanong Kasi dito alam ba niya na ung mga magsasaka Nayan is npa o laban sa government. Kasi unang una Hindi namn natin malalaman yan Basta Basta kung terrorist ba ung magsasaka nayun kahit sabihin natin na matalino payan sobra. At alam namn natin may mga pagyayare narin na ganto na Hindi nila alam na npa o labn sa government ung kasama nila kaya mahirap humusga Basta Basta kung Hindi namn alm ung totoo

Pero Hindi din natin maalis ung possible na alam niya talaga Yun pero di natin masasabi Kasi Hindi namn natin alam ung totoo Kaya mas Maganda wag nalang kau makialam respect nalang natin 
Wala din namn kau magagawa Respect nalng.

At isa sa tanong Kasi jan bakit sila nakikisalamuha sa mga magsasaka, I know namn na baka   project pero dapat may kasama yan n tc Kahit college payan Lalo ung school nagpagawa nyan so responsibility nila yan kaya may pananagutan din sila Jan.

Karma is real nalang talaga sa mga humuhusga agad na Hindi namn alam ung totoo.","['Dami agad humuhusga Hindi namn alam kung ano talaga ung totoo.', 'Para Sakin mahirap humusga Basta Basta Lalo Hindi namn natin alam ung totoo may mga possible factors din Kasi', 'Kasi sa coxtext nakikisalamuha daw siya sa mga magsasaka', 'pero ang malaking tanong Kasi dito alam ba niya na ung mga magsasaka Nayan is npa o laban sa government.', 'Kasi unang una Hindi namn natin malalaman yan Basta Basta kung terrorist ba ung magsasaka nayun kahit sabihin natin na matalino payan sobra.', 'At alam namn natin may mga pagyayare narin na ganto na Hindi nila alam na npa o labn sa government ung kasama nila kaya mahirap humusga Basta Basta kung Hindi namn alm ung totoo', 'Pero Hindi din natin maalis ung possible na alam niya talaga Yun pero di natin masasabi Kasi Hindi namn natin alam ung totoo Kaya mas Maganda wag nalang kau makialam respect nalang natin', 'Wala din namn kau magagawa Respect nalng.', 'At isa sa tanong Kasi jan bakit sila nakikisalamuha sa mga magsasaka', 'I know namn na baka project pero dapat may kasama yan n tc Kahit college payan Lalo ung school nagpagawa nyan so responsibility nila yan kaya may pananagutan din sila Jan.', 'Karma is real nalang talaga sa mga humuhusga agad na Hindi namn alam ung totoo.']","['Dami agad humuhusga ', 'Hindi namn alam kung ano talaga ung totoo. ', 'Para Sakin mahirap humusga Basta Basta Lalo ', 'Hindi namn natin alam ung totoo may mga possible factors din ', 'Kasi', '', 'Kasi sa coxtext nakikisalamuha daw siya sa mga magsasaka, pero ang malaking tanong ', 'Kasi dito alam ba niya na ung mga magsasaka ', 'Nayan is npa o laban sa government. ', 'Kasi unang una Hindi namn natin malalaman yan Basta Basta kung terrorist ba ung magsasaka nayun kahit sabihin natin na matalino payan sobra. ', 'At alam namn natin may mga pagyayare narin na ganto na Hindi nila alam na npa o labn sa government ung kasama nila kaya mahirap humusga Basta Basta kung Hindi namn alm ung totoo', '', 'Pero Hindi din natin maalis ung possible na alam niya talaga ', 'Yun pero di natin masasabi ', 'Kasi Hindi namn natin alam ung totoo ', 'Kaya mas Maganda wag nalang kau makialam respect nalang natin ', 'Wala din namn kau magagawa ', 'Respect nalng.', '', 'At isa sa tanong Kasi jan bakit sila nakikisalamuha sa mga magsasaka, ', 'I know namn na baka   project pero dapat may kasama yan n tc ', 'Kahit college payan Lalo ung school nagpagawa nyan so responsibility nila yan kaya may pananagutan din sila Jan.', '', 'Karma is real nalang talaga sa mga humuhusga agad na ', 'Hindi namn alam ung totoo.']"
"Asan si kulot? sayang Hindi pa sya napasama dun, mga kabataang nasayang lng.","['Asan si kulot?', 'sayang Hindi pa sya napasama dun', 'mga kabataang nasayang lng.']","['Asan si kulot? ', 'sayang ', 'Hindi pa sya napasama dun, ', 'mga kabataang nasayang lng.']"
napaka-bihira ng ganitong komento. Tama ka. Maaring hindi alam ng mga dayo na ang kasalamuha nila ay mga rebelde na pala.,"['napaka-bihira ng ganitong komento.', 'Tama ka.', 'Maaring hindi alam ng mga dayo na ang kasalamuha nila ay mga rebelde na pala.']","['napaka-bihira ng ganitong komento. ', 'Tama ka. ', 'Maaring hindi alam ng mga dayo na ang kasalamuha nila ay mga rebelde na pala.']"
Mas okay na ako makasama mga lasenggero kesa NPA.,['Mas okay na ako makasama mga lasenggero kesa NPA.'],['Mas okay na ako makasama mga lasenggero kesa NPA.']
Councilor pa talaga. Hayy,"['Councilor pa talaga.', 'Hayy']","['Councilor pa talaga. ', 'Hayy']"
Ian D Rebotiaco may senator pa nga,['Ian D Rebotiaco may senator pa nga'],['Ian D Rebotiaco may senator pa nga']
Mas lalala pa ngayon kasi takot na ang karamihan ng mga magulang ngayon na i-discipline ang mga anak nila baka sumama kc ang loob sa knila kaya hinahayaan lang nila sa gustong gawin.,['Mas lalala pa ngayon kasi takot na ang karamihan ng mga magulang ngayon na i-discipline ang mga anak nila baka sumama kc ang loob sa knila kaya hinahayaan lang nila sa gustong gawin.'],['Mas lalala pa ngayon kasi takot na ang karamihan ng mga magulang ngayon na i-discipline ang mga anak nila baka sumama kc ang loob sa knila kaya hinahayaan lang nila sa gustong gawin.']
ginagawa ng pamunoan ng state university na yan sa student nila na namatay ??? TIKOM Ang mga bibig?? Ano na mga professors Dyan sa UP na yan,"['ginagawa ng pamunoan ng state university na yan sa student nila na namatay ???', 'TIKOM Ang mga bibig??', 'Ano na mga professors Dyan sa UP na yan']","['ginagawa ng pamunoan ng state university na yan sa student nila na namatay ??? ', 'TIKOM Ang mga bibig?? ', 'Ano na mga professors Dyan sa UP na yan']"
"Masakit makita mga ganitong post, nag hihinge sila ng hustisya sa NPA na namamatay, samantala kami na biktima ng mga NPA dito sa Toboso, pinapatay nila mga kapamilya ko at ibang inosenting magsasaka sa lugar namin, wala man lang may sumisigaw ng hustisya para sa amin.. Sigaw sila ng sigaw ng hustisya, pero wala man sila dito sa lugar namin, hindi man nila alam ang totoong nangyayari dito sa lugar namin.. Sapagkamatay nila kahit papanu ramdam namin na parang nakamit na rin namin ang totoong hustisya..🙏🙏🙏","['Masakit makita mga ganitong post', 'nag hihinge sila ng hustisya sa NPA na namamatay', 'samantala kami na biktima ng mga NPA dito sa Toboso', 'pinapatay nila mga kapamilya ko at ibang inosenting magsasaka sa lugar namin', 'wala man lang may sumisigaw ng hustisya para sa amin..', 'Sigaw sila ng sigaw ng hustisya', 'pero wala man sila dito sa lugar namin', 'hindi man nila alam ang totoong nangyayari dito sa lugar namin..', 'Sapagkamatay nila kahit papanu ramdam namin na parang nakamit na rin namin ang totoong hustisya..🙏🙏🙏']","['Masakit makita mga ganitong post, nag hihinge sila ng hustisya sa NPA na namamatay, samantala kami na biktima ng mga NPA dito sa Toboso, pinapatay nila mga kapamilya ko at ibang inosenting magsasaka sa lugar namin, wala man lang may sumisigaw ng hustisya para sa amin.. ', 'Sigaw sila ng sigaw ng hustisya, pero wala man sila dito sa lugar namin, hindi man nila alam ang totoong nangyayari dito sa lugar namin.. ', 'Sapagkamatay nila kahit papanu ramdam namin na parang nakamit na rin namin ang totoong hustisya..🙏🙏🙏']"
"Mga kabataang puno ng idealismo, hindi panghabambuhay na bokasyon ang pakikibaka bilang miyembro ng CPP. Katulad ng mga naunang miyembro na tumanda na, babalik din kayo sa karaniwang buhay ng maraming Pilipino -nagtatrabaho sa pribado o gobyerno, nagnenegosyo, nagbabayad ng buwis, at nag-aalaga ng mga anak at apo. Kaya ngayon pa lang, huwag ninyong ilagay sa kapahamakan ang inyong mga buhay.","['Mga kabataang puno ng idealismo', 'hindi panghabambuhay na bokasyon ang pakikibaka bilang miyembro ng CPP.', 'Katulad ng mga naunang miyembro na tumanda na', 'babalik din kayo sa karaniwang buhay ng maraming Pilipino -nagtatrabaho sa pribado o gobyerno', 'nagnenegosyo', 'nagbabayad ng buwis', 'at nag-aalaga ng mga anak at apo.', 'Kaya ngayon pa lang', 'huwag ninyong ilagay sa kapahamakan ang inyong mga buhay.']","['Mga kabataang puno ng idealismo, hindi panghabambuhay na bokasyon ang pakikibaka bilang miyembro ng CPP. ', 'Katulad ng mga naunang miyembro na tumanda na, babalik din kayo sa karaniwang buhay ng maraming Pilipino -nagtatrabaho sa pribado o gobyerno, nagnenegosyo, nagbabayad ng buwis, at nag-aalaga ng mga anak at apo. ', 'Kaya ngayon pa lang, huwag ninyong ilagay sa kapahamakan ang inyong mga buhay.']"
"cge depensahan nyo, bundok pa","['cge depensahan nyo', 'bundok pa']","['cge depensahan nyo, bundok pa']"
Akala ko naman matatalino talaga mga taga-UP pero karamihan ang bibilis magpa-brainwash 🙄 di man lang ginamitan ng talino bago maniwala 🤦,"['Akala ko naman matatalino talaga mga taga-UP pero karamihan ang bibilis magpa-brainwash 🙄', 'di man lang ginamitan ng talino bago maniwala 🤦']","['Akala ko naman matatalino talaga mga taga-UP pero karamihan ang bibilis magpa-brainwash 🙄 ', 'di man lang ginamitan ng talino bago maniwala 🤦']"
"Ano ba? 🥴 Mga researchers sila.
Research Design: CPP-NPA Ideology
Research Instrument: M16
Research Locale: Bundok

Ang campus sa UP DILIMAN tapos mag research DAW sa Negros? Ok pa sana kung UPLB kasi may forestry silang program","['Ano ba? 🥴', 'Mga researchers sila.', 'Research Design: CPP-NPA Ideology', 'Research Instrument: M16', 'Research Locale: Bundok', 'Ang campus sa UP DILIMAN tapos mag research DAW sa Negros?', 'Ok pa sana kung UPLB kasi may forestry silang program']","['Ano ba? ', '🥴 Mga researchers sila.', 'Research Design: CPP-NPA Ideology', 'Research Instrument: M16', 'Research Locale: Bundok', '', 'Ang campus sa UP DILIMAN tapos mag research DAW sa Negros? ', 'Ok pa sana kung UPLB kasi may forestry silang program']"
"from personal experience, di lang sa universities! When I was in HS (catholic school ) pinapasok ng scool namin ang Gabriela at tinuruan kami ng Gabriela mag welga against Erap Estrada without considering our safety. tinuruan kami na makihalo sa mga pro-Erap para di halata tapos pag sumigaw daw ung supporters ni Erap, sasagot kami ng ""sisipain"". Di sila mag ask ng consent sa parents namin.","['from personal experience', 'di lang sa universities!', 'When I was in HS (catholic school ) pinapasok ng scool namin ang Gabriela at tinuruan kami ng Gabriela mag welga against Erap Estrada without considering our safety.', 'tinuruan kami na makihalo sa mga pro-Erap para di halata tapos pag sumigaw daw ung supporters ni Erap', 'sasagot kami ng ""sisipain"".', 'Di sila mag ask ng consent sa parents namin.']","['from personal experience, di lang sa universities! ', 'When I was in HS (catholic school ) pinapasok ng scool namin ang Gabriela at tinuruan kami ng Gabriela mag welga against Erap Estrada without considering our safety. ', 'tinuruan kami na makihalo sa mga pro-Erap para di halata tapos pag sumigaw daw ung supporters ni Erap, sasagot kami ng ""sisipain"". ', 'Di sila mag ask ng consent sa parents namin.']"
Choice nila yan malaki na yan sila ang daming student involved dyan sa mga npa pinili nila ang landas na yan,['Choice nila yan malaki na yan sila ang daming student involved dyan sa mga npa pinili nila ang landas na yan'],"['Choice nila yan ', 'malaki na yan sila ang daming student involved dyan sa mga npa ', 'pinili nila ang landas na yan']"
Ang gagaling pa nilang mag bigay ng false doctrines sa mga vulnerable students. Lalo pg broken family. Hays,"['Ang gagaling pa nilang mag bigay ng false doctrines sa mga vulnerable students.', 'Lalo pg broken family.', 'Hays']","['Ang gagaling pa nilang mag bigay ng false doctrines sa mga vulnerable students. ', 'Lalo pg broken family. ', 'Hays']"
Atleast nabawasan ang mga future member ng congress na mga terrorista.,['Atleast nabawasan ang mga future member ng congress na mga terrorista.'],['Atleast nabawasan ang mga future member ng congress na mga terrorista.']
"Arn'sDoc Dagaman matagal nang tikom bibig everytime na may student na involved sa encounter.. parang sinabing ""bahala sya.. sya pumunta dun eh"" :( So sad.. sayang ang future ng bata","['Arn'sDoc Dagaman matagal nang tikom bibig everytime na may student na involved sa encounter..', 'parang sinabing ""bahala sya.. sya pumunta dun eh"" :(', 'So sad..', 'sayang ang future ng bata']","[""Arn'sDoc "", 'Dagaman ', 'matagal nang tikom bibig ', 'everytime na may student na involved sa encounter.. ', 'parang sinabing ""bahala sya.. sya pumunta dun eh"" :( ', 'So sad.. ', 'sayang ang future ng bata']"
"BULOK Ang ganyan na pamunoan ng state universities/private colleges, Hindi sila gagawa ng actions or rules since marami ng mga students Ang namamatay dahil  pinapayagan nila maging AKTIBISTA Ang kanilang mga students...!!","['BULOK Ang ganyan na pamunoan ng state universities/private colleges', 'Hindi sila gagawa ng actions or rules since marami ng mga students Ang namamatay dahil pinapayagan nila maging AKTIBISTA Ang kanilang mga students...!!']","['BULOK ', 'Ang ganyan na pamunoan ng state universities/private colleges, ', 'Hindi sila gagawa ng actions or rules since marami ng mga students ', 'Ang namamatay dahil  pinapayagan nila maging AKTIBISTA Ang kanilang mga students...!!']"
"dapat ang paimbestigahan na ngayon sa senate ay UP… bakit ang daming narerecruit na rebelde? pinopondohan ng tax natin ang mga bata jan para maging rebelde? ganyn ba?

dapat yan ang isigaw nating mga taxpayers! or better, alisin na ang pondo sa UP! sayang lang ang tax natin! kawaw mga kabataan!","['dapat ang paimbestigahan na ngayon sa senate ay UP…', 'bakit ang daming narerecruit na rebelde?', 'pinopondohan ng tax natin ang mga bata jan para maging rebelde?', 'ganyn ba?', 'dapat yan ang isigaw nating mga taxpayers!', 'or better', 'alisin na ang pondo sa UP!', 'sayang lang ang tax natin!', 'kawaw mga kabataan!']","['dapat ang paimbestigahan na ngayon sa senate ay UP… ', 'bakit ang daming narerecruit na rebelde? ', 'pinopondohan ng tax natin ang mga bata jan para maging rebelde? ', 'ganyn ba?', '', 'dapat yan ang isigaw nating mga taxpayers! ', 'or better, alisin na ang pondo sa UP! ', 'sayang lang ang tax natin! ', 'kawaw mga kabataan!']"
"After ma parausan ni Cummander, naging cornbeef na agad 😆","['After ma parausan ni Cummander', 'naging cornbeef na agad 😆']","['After ma parausan ni Cummander, naging cornbeef na agad 😆']"
"Kaya cla galit na galit sa intel funds ni vp sara, kc nabisto na cla! kaya sa 2028 mawawala muli yan sa mga iskwelahan at mapapanatag na naman ang taong bayan, pero ang taong bayad hahagulgol at magtatago sa budok..","['Kaya cla galit na galit sa intel funds ni vp sara', 'kc nabisto na cla!', 'kaya sa 2028 mawawala muli yan sa mga iskwelahan at mapapanatag na naman ang taong bayan', 'pero ang taong bayad hahagulgol at magtatago sa budok..']","['Kaya cla galit na galit sa intel funds ni vp sara, kc nabisto na cla! ', 'kaya sa 2028 mawawala muli yan sa mga iskwelahan at mapapanatag na naman ang taong bayan, pero ang taong bayad hahagulgol at magtatago sa budok..']"
"Mag isip kayo pinopondohan ng gobyerno mga nagrecruit sayo gumawa sila ng kalaban ng gobyerno para sila yumaman sa pamamagitan nyo hayahay ang buhay nila samantala kayo naghihirap hangggang mamatay sa engkwentro,jan na nagtatapos ang pangarap nyo,kung mag aral kayo mabuti mag fucos sa goal nyo sa buhay para sa ikabubuti ng pamilya nyo,yan ang tunay na pakikibaka sa hamon ng buhay.","['Mag isip kayo pinopondohan ng gobyerno mga nagrecruit sayo gumawa sila ng kalaban ng gobyerno para sila yumaman sa pamamagitan nyo hayahay ang buhay nila samantala kayo naghihirap hangggang mamatay sa engkwentro', 'jan na nagtatapos ang pangarap nyo', 'kung mag aral kayo mabuti mag fucos sa goal nyo sa buhay para sa ikabubuti ng pamilya nyo', 'yan ang tumay na pakikibaka sa hamon ng buhay.']","['Mag isip kayo pinopondohan ng gobyerno mga nagrecruit sayo gumawa sila ng kalaban ng gobyerno para sila yumaman sa pamamagitan nyo hayahay ang buhay nila samantala kayo naghihirap hangggang mamatay sa engkwentro,jan na nagtatapos ang pangarap nyo,kung mag aral kayo mabuti mag fucos sa goal nyo sa buhay para sa ikabubuti ng pamilya nyo,yan ang tunay na pakikibaka sa hamon ng buhay.']"
"Noon pa man target na ng mga npa/komunista ang mga kabataang nagaaral. Mapupusok at nasa curious stage pa isip nila kaya madaling marecruit. Nung nagaaral pa ako, panig din ako sa mga kabataang nakikita ko sa rally na miyembro ng komunistang grupo. Pero nung tumanda na ako, tinatawanan ko na sila. 🤣","['Noon pa man target na ng mga npa/komunista ang mga kabataang nagaaral.', 'Mapupusok at nasa curious stage pa isip nila kaya madaling marecruit.', 'Nung nagaaral pa ako', 'panig din ako sa mga kabataang nakikita ko sa rally na miyembro ng komunistang grupo.', 'Pero nung tumanda na ako', 'tinatawanan ko na sila. 2026 na eh. 🤣']","['Noon pa man target na ng mga npa/komunista ang mga kabataang nagaaral. ', 'Mapupusok at nasa curious stage pa isip nila kaya madaling marecruit. ', 'Nung nagaaral pa ako, panig din ako sa mga kabataang nakikita ko sa rally na miyembro ng komunistang grupo. ', 'Pero nung tumanda na ako, tinatawanan ko na sila. ', '🤣']"
na siya,['na siya'],['na siya']
Ang ganda sana naging CORN BEEF pa hahahahha,['Ang ganda sana naging CORN BEEF pa hahahahha'],"['Ang ganda sana naging CORN BEEF pa ', 'hahahahha']"
Gumising ako na patay na daw si Alyssa Alano. Samantalang few days ago na revive pa tong vid Nya https://www.facebook.com/share/r/1JCPTrhDKT/?mibextid=wwXIfr,"['Gumising ako na patay na daw si Alyssa Alano.', 'Samantalang few days ago na revive pa tong vid Nya https://www.facebook.com/share/r/1JCPTrhDKT/?mibextid=wwXIfr']","['Gumising ako na patay na daw si Alyssa Alano. ', 'Samantalang few days ago na revive pa tong vid Nya ', 'https://www.facebook.com/share/r/1JCPTrhDKT/?mibextid=wwXIfr']"
Tapos na si kumander HAHAHA,['Tapos na si kumander HAHAHA'],['Tapos na si kumander HAHAHA']
"bakla ano bang recruitment pinagsasabi niyo eh walang pumilit at humila sa aming buksan ang mata kundi ang pag aralan ang lagay ng lipunan. nasasa iyo na kung sa anong lente mo ito tatanawin—inaral, isinabuhay ang praktika ayan ang tamang pagtawag. 

gabalahibo.
o gabundok. 
na buhay na inialay sa piling ng masa. 

cornbeef my ass, i prefer to be a luncheon meat—that y'll can't afford 😝","['bakla ano bang recruitment pinagsasabi niyo eh walang pumilit at humila sa aming buksan ang mata kundi ang pag aralan ang lagay ng lipunan.', 'nasasa iyo na kung sa anong lente mo ito tatanawin—inaral', 'isinabuhay ang praktika ayan ang tamang pagtawag.', 'gabalahibo.', 'o gabundok.', 'na buhay na inialay sa piling ng masa.', 'cornbeef my ass', 'i prefer to be a luncheon meat—that y'll can't afford 😝']","['bakla ', 'ano bang recruitment pinagsasabi niyo eh ', 'walang pumilit at humila sa aming buksan ang mata kundi ang pag aralan ang lagay ng lipunan. ', 'nasasa iyo na kung sa anong lente mo ito ', 'tatanawin—inaral, ', 'isinabuhay ang praktika ayan ang tamang pagtawag. ', '', 'gabalahibo.', 'o gabundok. ', 'na buhay na inialay sa piling ng masa. ', '', 'cornbeef my ass, ', ""i prefer to be a luncheon meat—that y'll can't afford 😝""]"
Swerte talaga natin may social media na nalalaman na natin kung ano talaga ang totoong hangarin nila,['Swerte talaga natin may social media na nalalaman na natin kung ano talaga ang totoong hangarin nila'],['Swerte talaga natin may social media na nalalaman na natin kung ano talaga ang totoong hangarin nila']
"dapat kasuhan mga nag pa punta sa knya sa bundok, shes active member ng Kabataan Party List","['dapat kasuhan mga nag pa punta sa knya sa bundok', 'shes active member ng Kabataan Party List']","['dapat kasuhan mga nag pa punta sa knya sa bundok, ', 'shes active member ng Kabataan Party List']"
Open secret naman talaga na may mga recruiter ang mga leftist groups sa mga state universities. In-denial lang talaga kahit matagal nang kalakaran yan 🥷,"['Open secret naman talaga na may mga recruiter ang mga leftist groups sa mga state universities.', 'In-denial lang talaga kahit matagal nang kalakaran yan 🥷']","['Open secret naman talaga na may mga recruiter ang mga leftist groups sa mga state universities. ', 'In-denial lang talaga kahit matagal nang kalakaran yan 🥷']"
Di na bago yarnnn 😅,['Di na bago yarnnn 😅'],['Di na bago yarnnn 😅']
"Condolence sa family niya.
Pero kung ako alam ko may ganap don na ganon sa ibang lugar na lang na wala need ba talaga na doon sya mag research at wlang coordination sa LGU ?
Di ko ririsk buhay ko inang yan","['Condolence sa family niya.', 'Pero kung ako alam ko may ganap don na ganon sa ibang lugar na lang na wala need ba talaga na doon sya mag research at wlang coordination sa LGU ?', 'Di ko ririsk buhay ko inang yan']","['Condolence sa family niya.', 'Pero kung ako alam ko may ganap don na ganon sa ibang lugar na lang na wala need ba talaga na doon sya mag research at wlang coordination sa LGU ?', 'Di ko ririsk buhay ko inang yan']"
sige lang makibaka kayo! Bukas #cornedbeef na kayo😂🤣😂🤣,"['sige lang makibaka kayo!', 'Bukas #cornedbeef na kayo😂🤣😂🤣']","['sige lang makibaka kayo! ', 'Bukas #cornedbeef na kayo😂🤣😂🤣']"
"Nakakainis talaga ang mga comments na iniiwan ng mga tao dito.. lalo na yung mga taong nakatingin sa kanya sa sekswal na paraan. Ginagawa na ba talaga nating normal ang paglalagay ng label sa bawat taong sumasalungat sa mga hangal mong pananaw bilang bahagi ng NPA? Are we really gonna massacre our youth because the government red tagged them without prior investigation? There's not even any evidence that she was part of the NPA! She was just labelled a part of the NPA because she was in a rural area. 

Courses such as BA Political Science, the one na Alyssa Alano is in, do researches in remote areas. I'm not quite sure if you know about this...

That's why such cases like these should be investigated.. the common Filipino does not know the true story behind these student leaders getting killed off by the AFP. All the common Juan does is degrade and red tag them. We can't just label everyone who gets killed in a military encounter a rebel.","['Nakakainis talaga ang mga comments na iniiwan ng mga tao dito..', 'lalo na yung mga taong nakatingin sa kanya sa sekswal na paraan.', 'Ginagawa na ba talaga nating normal ang paglalagay ng label sa bawat taong sumasalungat sa mga hangal mong pananaw bilang bahagi ng NPA?', 'Are we really gonna massacre our youth because the government red tagged them without prior investigation?', 'There's not even any evidence that she was part of the NPA!', 'She was just labelled a part of the NPA because she was in a rural area.', 'Courses such as BA Political Science', 'the one na Alyssa Alano is in', 'do researches in remote areas.', 'I'm not quite sure if you know about this...', 'That's why such cases like these should be investigated..', 'the common Filipino does not know the true story behind these student leaders getting killed off by the AFP.', 'All the common Juan does is degrade and red tag them.', 'We can't just label everyone who gets killed in a military encounter a rebel.']","['Nakakainis talaga ang mga comments na iniiwan ng mga tao dito.. ', 'lalo na yung mga taong nakatingin sa kanya sa sekswal na paraan. ', 'Ginagawa na ba talaga nating normal ang paglalagay ng label sa bawat taong sumasalungat sa mga hangal mong pananaw bilang bahagi ng NPA? ', 'Are we really gonna massacre our youth because the government red tagged them without prior investigation? ', ""There's not even any evidence that she was part of the NPA! "", 'She was just labelled a part of the NPA because she was in a rural area. ', '', 'Courses such as BA Political Science, the one na Alyssa Alano is in, do researches in remote areas. ', ""I'm not quite sure if you know about this..."", '', ""That's why such cases like these should be investigated.. "", 'the common Filipino does not know the true story behind these student leaders getting killed off by the AFP. ', 'All the common Juan does is degrade and red tag them. ', ""We can't just label everyone who gets killed in a military encounter "", 'a rebel.']"
"Nung dalaga pa ako muntik na ako merecruit ng mga kaliwa.Isipin mo yun nasa barangay mismo namin yung Campo ng sundalo saleslady ako nun sa bakery may customer ako na babae lagi ko nakikita dun sa tapat lang ng bakery namin sila nagboardinghouse .freindly ako kahit sino nakikipag-usap ako.Nagsnack sya sa bakery.Nagka-usap kami medyo mahaba buti na lang yung mga nag-aaply para magsundalo naging kaibigan ko rin narinig ata yung usapan namin nasa baba lang kasi sila mismo ng bakery tumutuloy ang sabi nya sa akin ""Hoy wag ka maniwala dun sa sinabi nya.Sa kabila yon."" Syempre may isip naman ako agad ko nagets sinabi nya buti na lang talaga kasi after ko binigay number ko dun sa babae tawag sya ng tawag sakin at text kasi raw maganda raw yung sahod konting duty lang daw maging Cafgu daw kami😭 buti na lang talaga may nakapagsabi sa akin","['Nung dalaga pa ako muntik na ako merecruit ng mga kaliwa.', 'Isipin mo yun nasa barangay mismo namin yung Campo ng sundalo saleslady ako nun sa bakery may customer ako na babae lagi ko nakikita dun sa tapat lang ng bakery namin sila nagboardinghouse .', 'freindly ako kahit sino nakikipag-usap ako.', 'Nagsnack sya sa bakery.', 'Nagka-usap kami medyo mahaba buti na lang yung mga nag-aaply para magsundalo naging kaibigan ko rin narinig ata yung usapan namin nasa baba lang kasi sila mismo ng bakery tumutuloy ang sabi nya sa akin ""Hoy wag ka maniwala dun sa sinabi nya.', 'Sa kabila yon.""', 'Syempre may isip naman ako agad ko nagets sinabi nya buti na lang talaga kasi after ko binigay number ko dun sa babae tawag sya ng tawag sakin at text kasi raw maganda raw yung sahod konting duty lang daw maging Cafgu daw kami😭 buti na lang talaga may nakapagsabi sa akin']","['Nung dalaga pa ako muntik na ako merecruit ng mga kaliwa.Isipin mo yun nasa barangay mismo namin yung Campo ng sundalo saleslady ako nun sa bakery may customer ako na babae lagi ko nakikita dun sa tapat lang ng bakery namin sila nagboardinghouse .freindly ako kahit sino nakikipag-usap ako.Nagsnack sya sa bakery.Nagka-usap kami medyo mahaba buti na lang yung mga nag-aaply para magsundalo naging kaibigan ko rin narinig ata yung usapan namin nasa baba lang kasi sila mismo ng bakery tumutuloy ang sabi nya sa akin ', '""Hoy wag ka maniwala dun sa sinabi nya.Sa kabila yon."" ', 'Syempre may isip naman ako agad ko nagets sinabi nya buti na lang talaga kasi after ko binigay number ko dun sa babae tawag sya ng tawag sakin at text kasi raw maganda raw yung sahod konting duty lang daw maging Cafgu daw kami😭 ', 'buti na lang talaga may nakapagsabi sa akin']"
Wow... congratulations 🤣🤣🤣🤣🤣 deserve na deserve happy birthday Nov 2 😁😁😁😁,"['Wow...', 'congratulations 2026 🤣🤣🤣🤣🤣', 'deserve na deserve happy birthday Nov 2😁😁😁😁']","['Wow... congratulations 🤣🤣🤣🤣🤣 ', 'deserve na deserve happy birthday ', 'Nov 2 😁😁😁😁']"
"Kaya may mga Mary Grace Piattos para sana maiwasan yung mga ganyan, o mabawasan man lang. Wala eh.","['Kaya may mga Mary Grace Piattos para sana maiwasan yung mga ganyan', 'o mabawasan man lang.', 'Wala eh.']","['Kaya may mga Mary Grace Piattos para sana maiwasan yung mga ganyan, o mabawasan man lang. ', 'Wala eh.']"
"pag nasa bundok ka talaga at may baril kasama ng mga npa tapos nasakuti kayo ng mga sundalo! Alangan hinde lalaban ang mga sundalo eh perming ang mga npa ang nangungunang bumaril sa mga sundalo! Sa panahon ngayon mapupusok talaga ang mga kabataan hinde naman lahat kundi halos kalahati ng kabataan natin! Lalo na yong tipong nag galing galingan at nag tali talinuhan, natuto lang magsalita galing sa radical oratorikal skill ayon sobrang confident na sa sarili feeling hinde na tinatablan ng bala.","['pag nasa bundok ka talaga at may baril kasama ng mga npa tapos nasakuti kayo ng mga sundalo!', 'Alangan hinde lalaban ang mga sundalo eh perming ang mga npa ang nangungunang bumaril sa mga sundalo!', 'Sa panahon ngayon mapupusok talaga ang mga kabataan hinde naman lahat kundi halos kalahati ng kabataan natin!', 'Lalo na yong tipong nag galing galingan at nag tali talinuhan', 'natuto lang magsalita galing sa radical oratorikal skill ayon sobrang confident na sa sarili feeling hinde na tinatablan ng bala.']","['pag nasa bundok ka talaga at may baril kasama ng mga npa tapos nasakuti kayo ng mga sundalo! ', 'Alangan hinde lalaban ang mga sundalo eh perming ang mga npa ang nangungunang bumaril sa mga sundalo! ', 'Sa panahon ngayon mapupusok talaga ang mga kabataan hinde naman lahat kundi halos kalahati ng kabataan natin! ', 'Lalo na yong tipong nag galing galingan at nag tali talinuhan, natuto lang magsalita galing sa radical oratorikal skill ayon sobrang confident na sa sarili feeling hinde na tinatablan ng bala.']"
Hindi porket sinabi ng classmate mo na kailangan nyo sumugod susugod kana tandaan mo estudyante ka palanh di sundalo,['Hindi porket sinabi ng classmate mo na kailangan nyo sumugod susugod kana tandaan mo estudyante ka palanh di sundalo'],['Hindi porket sinabi ng classmate mo na kailangan nyo sumugod susugod kana tandaan mo estudyante ka palanh di sundalo']
Basag ang bungo kabubuhan pa,['Basag ang bungo kabubuhan pa'],['Basag ang bungo kabubuhan pa']
Bakit kailangan pang aabot sa ganito. Kapwa pilipino nag patayan. Dapat masaya at galak tayo habang buhay pa tayo. Dapat iwasan natin ang gulo. Wag natin kalimotan na may nagbigay saya sa ating buhay. Wag tayong makinig o magpadala sa mga lider na may masamang ambisyon ma NPA or Militar man. Makinig tayo sa mga lider na ang gusto ay kapayapaan at kaunlaran sa bansang pilipinas.,"['Bakit kailangan pang aabot sa ganito.', 'Kapwa pilipino nag patayan.', 'Dapat masaya at galak tayo habang buhay pa tayo.', 'Dapat iwasan natin ang gulo.', 'Wag natin kalimotan na may nagbigay saya sa ating buhay.', 'Wag tayong makinig o magpadala sa mga lider na may masamang ambisyon ma NPA or Militar man.', 'Makinig tayo sa mga lider na ang gusto ay kapayapaan at kaunlaran sa bansang pilipinas.']","['Bakit kailangan pang aabot sa ganito. ', 'Kapwa pilipino nag patayan. ', 'Dapat masaya at galak tayo habang buhay pa tayo. ', 'Dapat iwasan natin ang gulo. ', 'Wag natin kalimotan na may nagbigay saya sa ating buhay. ', 'Wag tayong makinig o magpadala sa mga lider na may masamang ambisyon ma NPA or Militar man. ', 'Makinig tayo sa mga lider na ang gusto ay kapayapaan at kaunlaran sa bansang pilipinas.']"
Hustisya para sa kanya mabait Po na bata Yan di pu Yan sumusuway sa utos ni kumander. Nag kataon lang Po na may field trip Sila at Isa sa laro nila ay animal hunting Kaya Po Meron sayang M16. #Hustisya #Cornbeef,"['Hustisya para sa kanya mabait Po na bata Yan di pu Yan sumusuway sa utos ni kumander.', 'Nag kataon lang Po na may field trip Sila at Isa sa laro nila ay animal hunting Kaya Po Meron sayang M16.', '#Hustisya #Cornbeef']","['Hustisya para sa kanya mabait ', 'Po na bata ', 'Yan di pu Yan sumusuway sa utos ni kumander. ', 'Nag kataon lang Po na may field trip ', 'Sila at Isa sa laro nila ay animal hunting ', 'Kaya Po Meron sayang M16. ', '#Hustisya #Cornbeef']"
naka full battle gear po siya at the time na may encounter. saka kung may research bakit walang coordination sa LGU? Wag mo ng gawing mangmang yung mga naka kita ng post ng AFP,"['naka full battle gear po siya at the time na may encounter.', 'saka kung may research bakit walang coordination sa LGU?', 'Wag mo ng gawing mangmang yung mga naka kita ng post ng AFP']","['naka full battle gear po siya at the time na may encounter. ', 'saka kung may research ', 'bakit walang coordination sa LGU? ', 'Wag mo ng gawing mangmang yung mga naka kita ng post ng AFP']"
"Marami tayong mga tanong na hindi pa nasasagot kaya naman nananawagan na lang ako para sa isang malayang imbestigasyon. Hindi nga natin alam kung ano ang tunay niyang intensyon doon sa Negros.

Its just sad na we normalize UP = NPA. At tatawanan lang ng mga tao ang mga balitang ito tungkol sa mga apektado. Kahit basic decency nalang, hindi pa maintindihan ng mga tao

Gusto lang namin ng mga sagot. Kung sakaling matawag siyang tunay na miyembro ng NPA, pasensya na.","['Marami tayong mga tanong na hindi pa nasasagot kaya naman nananawagan na lang ako para sa isang malayang imbestigasyon.', 'Hindi nga natin alam kung ano ang tunay niyang intensyon doon sa Negros.', 'Its just sad na we normalize UP = NPA.', 'At tatawanan lang ng mga tao ang mga balitang ito tungkol sa mga apektado.', 'Kahit basic decency nalang', 'hindi pa maintindihan ng mga tao', 'Gusto lang namin ng mga sagot.', 'Kung sakaling matawag siyang tunay na miyembro ng NPA', 'pasensya na.']","['Marami tayong mga tanong na hindi pa nasasagot kaya naman nananawagan na lang ako para sa isang malayang imbestigasyon. ', 'Hindi nga natin alam kung ano ang tunay niyang intensyon doon sa Negros.', '', 'Its just sad na we normalize UP = NPA. ', 'At tatawanan lang ng mga tao ang mga balitang ito tungkol sa mga apektado. ', 'Kahit basic decency nalang, hindi pa maintindihan ng mga tao', '', 'Gusto lang namin ng mga sagot. ', 'Kung sakaling matawag siyang tunay na miyembro ng NPA, pasensya na.']"
"Minsan, yung mga armas ng terrorista galing rin sa military. Tinitinda nung mga corrupt na general tsaka mga popolitiko. Kaya di matinagtinag mga yan kasi ginagatasan lng ng mga corrupt, tapos yung mga bobong sumasali sa ibaba nagiging sacrifice.","['yung armas ng terrorista galing rin sa military.', 'Tinitinda nung mga corrupt na general tsaka mga popolitiko.', 'Kaya di matinagtinag mga yan kasi ginagatasan lng ng mga corrupt', 'tapos yung mga bobong sumasali sa ibaba nagiging sacrifice.']","['Minsan, yung mga armas ng terrorista galing rin sa military. ', 'Tinitinda nung mga corrupt na general tsaka mga popolitiko. ', 'Kaya di matinagtinag mga yan kasi ginagatasan lng ng mga corrupt, tapos yung mga bobong sumasali sa ibaba nagiging sacrifice.']"
Maki BAKA. ayun na Corn Beef tuloy.,"['Maki BAKA.', 'ayun na Corn Beef tuloy.']","['Maki BAKA. ', 'ayun na Corn Beef ', 'tuloy.']"
mas nauna pa kay digong naging pataba eehhhhh,['mas nauna pa kay digong naging pataba eehhhhh'],"['mas nauna pa kay digong naging pataba ', 'eehhhhh']"
Ano ginagawa nya dun sa encounter site ehh ung mga karatig residente nagsilikasan na.....,['Ano ginagawa nya dun sa encounter site ehh ung mga karatig residente nagsilikasan na.....'],['Ano ginagawa nya dun sa encounter site ehh ung mga karatig residente nagsilikasan na.....']
"Just a common sense question lang nuh?

Why was she there? Un lang. Alangang nag babakasyun cya dun nag sight seing and dun pa mismo sa NPA huh. Anu ginagawa nya dun? Nag iinterview for the sake of UP? No she was part of it. I feel sorry for her loss, she has a choice and lets pray for her soul","['Just a common sense question lang nuh?', 'Why was she there?', 'Un lang.', 'Alangang nag babakasyun cya dun nag sight seing and dun pa mismo sa NPA huh.', 'Anu ginagawa nya dun?', 'Nag iinterview for the sake of UP?', 'No she was part of it.', 'I feel sorry for her loss', 'she has a choice and lets pray for her soul']","['Just a common sense question lang nuh?', '', 'Why was she there? ', 'Un lang. ', 'Alangang nag babakasyun cya dun nag sight seing and dun pa mismo sa NPA huh. ', 'Anu ginagawa nya dun? ', 'Nag iinterview for the sake of UP? ', 'No she was part of it. ', 'I feel sorry for her loss, she has a choice and lets pray for her soul']"
lantaran nya nga inamin s video na yan na aktibista sya. nesting and recruitment ground ng CPP NPA yang UP na yan noon p man. wag kayo papayag n makikilahok mga anak nyo s ano mang activist group jn s school n yn. or else prepare for the worst.,"['lantaran nya nga inamin s video na yan na aktibista sya.', 'nesting and recruitment ground ng CPP NPA yang UP na yan noon p man.', 'wag kayo papayag n makikilahok mga anak nyo s ano mang activist group jn s school n yn.', 'or else prepare for the worst.']","['lantaran nya nga inamin s video na yan na aktibista sya. ', 'nesting and recruitment ground ng CPP NPA yang UP na yan noon p man. ', 'wag kayo papayag n makikilahok mga anak nyo s ano mang activist group jn s school n yn. ', 'or else prepare for the worst.']"
"Enroll nyo mga anak nyo sa New Era University 100 percent walang komunista, fraternity at sorority dahil bawal na bawal yan dun","['Enroll nyo mga anak nyo sa New Era University 100 percent walang komunista', 'fraternity at sorority dahil bawal na bawal yan dun']","['Enroll nyo mga anak nyo sa New Era University ', '100 percent ', 'walang komunista, ', 'fraternity at sorority dahil bawal na bawal yan dun']"
Pano kung kamag anak nyo na recruit? Pano pag kamag anak o anak nyo ang naging karne norte? Dapat ma stop na yang mga NPA na yan.,"['Pano kung kamag anak nyo na recruit?', 'Pano pag kamag anak o anak nyo ang naging karne norte?', 'Dapat ma stop na yang mga NPA na yan.']","['Pano kung kamag anak nyo na recruit? ', 'Pano pag kamag anak o anak nyo ang naging karne norte? ', 'Dapat ma stop na yang mga NPA na yan.']"
sayang......ga tiktok nlang unta ka tapos namaligya.... malipay pa cguro imong mama nga mka kwarta ug mka tabang nila......,"['sayang......ga tiktok nlang unta ka tapos namaligya....', 'malipay pa cguro imong mama nga mka kwarta ug mka tabang nila......']","['sayang......ga tiktok nlang unta ka tapos namaligya.... ', 'malipay pa cguro imong mama nga mka kwarta ug mka tabang nila......']"
Kaylangan talaga banrayan ang mga kabataan dyan sa UP. Dami na namumundok.,"['Kaylangan talaga banrayan ang mga kabataan dyan sa UP.', 'Dami na namumundok.']","['Kaylangan talaga banrayan ang mga kabataan dyan sa UP. ', 'Dami na namumundok.']"
yong crush mo noon binabayo na pala ni commander. 🤣,['yong crush mo noon binabayo na pala ni commander. 🤣'],"['yong crush mo noon binabayo na pala ni commander. ', '🤣']"
"Dapat kc unahin dyan ung mga nasa kongreso na mki NPA'shelving themselves to be called""honorables''kaya kyong mga studyante'wag kyong pauto sa mga organizers at mga prof nyo na aakyat kyo ng bundok pra mgresearch kunuhay dhil dyn lng kyo mapapahamak!!!","['Dapat kc unahin dyan ung mga nasa kongreso na mki NPA'shelving themselves to be called""honorables''kaya kyong mga studyante'wag kyong pauto sa mga organizers at mga prof nyo na aakyat kyo ng bundok pra mgresearch kunuhay dhil dyn lng kyo mapapahamak!!!']","['Dapat kc unahin dyan ung mga nasa kongreso na mki ', 'NPA\'shelving themselves to be called""honorables\'\'kaya kyong mga studyante\'wag kyong pauto sa mga organizers at mga prof nyo na aakyat kyo ng bundok pra mgresearch kunuhay dhil dyn lng kyo mapapahamak!!!']"
"matagal ng sinasabi iyan at common knowledge na rin. kaya sa mga magulang pag napansin na masyado ng kritikal at mapusok ang damdamin ng mga anak sa bulok ng gobyerno, medyo kausapin na ang mga ito at gabayan.","['matagal ng sinasabi iyan at common knowledge na rin.', 'kaya sa mga magulang pag napansen na masyado ng kritikal at mapusok ang damdamin ng mga anak sa bulok ng gobyerno', 'medyo kausapin na ang mga ito at gabayan.']","['matagal ng sinasabi iyan at common knowledge na rin. ', 'kaya sa mga magulang pag napansin na masyado ng kritikal at mapusok ang damdamin ng mga anak sa bulok ng gobyerno, medyo kausapin na ang mga ito at gabayan.']"
Immersion with full combat gear and m16 pa,['Immersion with full combat gear and m16 pa'],['Immersion with full combat gear and m16 pa']
Ng Parausan🖕,['Ng Parausan🖕'],['Ng Parausan🖕']
"Ang binomba yung mga Bata na gsto ng pagbabago, Ang Malaya Yung mga gumagawa ng kasamaan at ayaw ng pagbabago,","['Ang binomba yung mga Bata na gsto ng pagbabago', 'Ang Malaya Yung mga gumagawa ng kasamaan at ayaw ng pagbabago']","['Ang binomba yung mga Bata na gsto ng pagbabago, ', 'Ang Malaya ', 'Yung mga gumagawa ng kasamaan at ayaw ng pagbabago,']"
"Sayang yung mga kabataan na nauuto pa rin ng makakaliwang grupo..tingnan nila yung andoon sa congress/senate sarap ng buhay..samantala, kawawa yung andoon sa bundok nakikipaglaban..","['Sayang yung mga kabataan na nauuto pa rin ng makakaliwang grupo..tingnan nila yung andoon sa congress/senate sarap ng buhay..samantala', 'kawawa yung andoon sa bundok nakikipaglaban..']","['Sayang yung mga kabataan na nauuto pa rin ng makakaliwang grupo..tingnan nila yung andoon sa congress/senate ', 'sarap ng buhay..samantala, kawawa yung andoon sa bundok nakikipaglaban..']"
Di pinagbigyan kya pinalabas na dedo na engkwentro 🤣🤣,['Di pinagbigyan kya pinalabas na dedo na engkwentro 🤣🤣'],['Di pinagbigyan kya pinalabas na dedo na engkwentro 🤣🤣']
Student researcher? para sa anong subject? pinayagan ng prof pumunta sa bundok? dapat managot ang prof at school kung ganyan ang dahilan nila. Saka anong course ba nag ooffer ng subject na galing sa ibat ibang school ang mga studyante kasi kung research yan bakit galing sa ibat ibang school.,"['Student researcher?', 'para sa anong subject?', 'pinayagan ng prof pumunta sa bundok?', 'dapat managot ang prof at school kung ganyan ang dahilan nila.', 'Saka anong course ba nag ooffer ng subject na galing sa ibat ibang school ang mga studyante kasi kung research yan bakit galing sa ibat ibang school.']","['Student researcher? ', 'para sa anong subject? ', 'pinayagan ng prof pumunta sa bundok? ', 'dapat managot ang prof at school kung ganyan ang dahilan nila. ', 'Saka anong course ba nag ooffer ng subject na galing sa ibat ibang school ang mga studyante kasi kung research yan bakit galing sa ibat ibang school.']"
May accountability ba ang State U gaya ng UP sa pag papabaya sa mga aktibidades ng mga maka komunista na organisasyon sa loob ng kanilang bakuran? Pera ng taong bayan ang nagpo pondo para kayo ay patuloy na maging pundasyon ng edukasyon at tamang pag uugali ng mga iskolar ng bayan. Pero ang pondo din na yan ng taong bayan (buwis ng mga magulang) ang ginagamit niyo para hayaan ang mga kabataan ay maligaw ng landas at mawalay sa kanilang mga mahal sa buhay. What an irony. Kawawang mga magulang na nag babayad ng buwis at in danger na mawalan ng anak sa bakbakan laban sa gobyerno.,"['May accountability ba ang State U gaya ng UP sa pag papabaya sa mga aktibidades ng mga maka komunista na organisasyon sa loob ng kanilang bakuran?', 'Pera ng taong bayan ang nagpo pondo para kayo ay patuloy na maging pundasyon ng edukasyon at tamang pag uugali ng mga iskolar ng bayan.', 'Pero ang pondo din na yan ng taong bayan (buwis ng mga magulang) ang ginagamit niyo para hayaan ang mga kabataan ay maligaw ng landas at mawalay sa kanilang mga mahal sa buhay.', 'What an irony.', 'Kawawang mga magulang na nag babayad ng buwis at in danger na mawalan ng anak sa bakbakan laban sa gobyerno.']","['May accountability ba ang State U gaya ng UP sa pag papabaya sa mga aktibidades ng mga maka komunista na organisasyon sa loob ng kanilang bakuran? ', 'Pera ng taong bayan ang nagpo pondo para kayo ay patuloy na maging pundasyon ng edukasyon at tamang pag uugali ng mga iskolar ng bayan. ', 'Pero ang pondo din na yan ng taong bayan (buwis ng mga magulang) ang ginagamit niyo para hayaan ang mga kabataan ay maligaw ng landas at mawalay sa kanilang mga mahal sa buhay. ', 'What an irony. ', 'Kawawang mga magulang na nag babayad ng buwis at in danger na mawalan ng anak sa bakbakan laban sa gobyerno.']"
Ok lang yan sawa na naman si commander sa kanila 😂😂😂 ibang bagong recruit na naman daw titikman nila 😂😂😂🖕,"['Ok lang yan sawa na naman si commander sa kanila 😂😂😂', 'ibang bagong recruit na naman daw titikman nila 😂😂😂🖕']","['Ok lang yan sawa na naman si commander sa kanila 😂😂😂 ', 'ibang bagong recruit na naman daw titikman nila 😂😂😂🖕']"
"Ipinapadala yang mga estudyante para i sacrifice para pag dating sa media magmumhang masama ang mga sundalo dahil estundyante ang napatay, gising mga kabataan, ginagawa lang kayong sacrifice para masira ang imahe ng gobyerno","['Ipinapadala yang mga estudyante para i sacrifice para pag dating sa media magmumhang masama ang mga sundalo dahil estundyante ang napatay', 'gising mga kabataan', 'ginagawa lang kayong sacrifice para masira ang imahe ng gobyerno']","['Ipinapadala yang mga estudyante para i sacrifice para pag dating sa media magmumhang masama ang mga sundalo dahil estundyante ang napatay, gising mga kabataan, ginagawa lang kayong sacrifice para masira ang imahe ng gobyerno']"
"Congratulations GRADUATE NA, Who's Next","['Congratulations GRADUATE NA', 'Who's Next']","['Congratulations GRADUATE NA, ', ""Who's Next""]"
for sure kapag nakapatay yan ng sundalo.. walang maaawa sa sundalo.. parang ayos lang sa iba. dahil trabaho daw naman nila yun.,"['for sure kapag nakapatay yan ng sundalo..', 'walang maaawa sa sundalo..', 'parang ayos lang sa iba.', 'dahil trabaho daw naman nila yun.']","['for sure kapag nakapatay yan ng sundalo.. ', 'walang maaawa sa sundalo.. ', 'parang ayos lang sa iba. ', 'dahil trabaho daw naman nila yun.']"
ask the parent kung alam nila na may ganun na activity ang anak nila.. at kung pinayagan ba nila..,"['ask the parent kung alam nila na may ganun na activity ang anak nila..', 'at kung pinayagan ba nila..']","['ask the parent kung alam nila na may ganun na activity ang anak nila.. ', 'at kung pinayagan ba nila..']"
Napakahirap makapasok sa UP pero sinasayang lang ng mga NPA nato. 🤦🤦🤦,['Napakahirap makapasok sa UP pero sinasayang lang ng mga NPA nato. 🤦🤦🤦'],"['Napakahirap makapasok sa UP pero sinasayang lang ng mga NPA nato. ', '🤦🤦🤦']"
"Dapat pumasok nlng sya sa PNPA ganun din namn yun ganun din training may mas madadagdagan pa kaalamn ,hirap talaga pag subrang talino madaling mamatay..","['Dapat pumasok nlng sya sa PNPA ganun din namn yun ganun din training may mas madadagdagan pa kaalamn', 'hirap talaga pag subrang talino madaling mamatay..']","['Dapat pumasok nlng sya sa PNPA ', 'ganun din namn yun ganun din training may mas madadagdagan pa kaalamn ,hirap talaga pag subrang talino madaling mamatay..']"
Dapat lang kayong maubos mga salot sa lipunan. #NoToCPPNPANDF,"['Dapat lang kayong maubos mga salot sa lipunan.', '#NoToCPPNPANDF']","['Dapat lang kayong maubos mga salot sa lipunan. ', '#NoToCPPNPANDF']"
"Ganyan ang recruitment nakakapang lason sa isip ng bata, kaya advice ko lang dyan sa mga parent, pls early palang educate your kids (inside your home)how outside world works bago pa malason isip nila because we never know how far could this get.","['Ganyan ang recruitment nakakapang lason sa isip ng bata', 'kaya advice ko lang dyan sa mga parent', 'pls early palang educate your kids (inside your home)how outside world works bago pa malason isip nila because we never know how far could this get.']","['Ganyan ang recruitment nakakapang lason sa isip ng bata, ', 'kaya advice ko lang dyan sa mga parent, ', 'pls early palang educate your kids (inside your home)how outside world works bago pa malason isip nila because we never know how far could this get.']"
"Hello Ma’am Tuesday.

Ganito kasi yan, diba may tinatawag na confidential funds. Tapos yung gumagamit sa tama non, pinapa impeach nyo. Imbes ma pigilan ang recruitment sa mga studyante eh hindi na namomonitor ng maayos.

Kayong mga artista, parati nyong ginagamit ang platform nyo para maging woke. Para kumontra sa mga Duterte. Kesho kinulimbat yung pera. Pero di nyo mapatunayan. Yung admin ngayon, di nyo naman ma criticize. Yung mga kapwa nyo artista, pumanig na sa UniPink.

So bale ang mangyayari po dyan, mas pinalakas nyo lang po yung recruitment sa mga namumundok. Kasi ang root cause po ng armed struggle ay poverty. Wala naman kayong ginawa para ma puksa ang kahirapan ngayon. Wala nga tayong ff up sa pag alis ng VAT na nagpapahirap sa pag taas ng bilihin lalo na sa langis. Di nga kayo umiimik sa isyu ng maleta na naka private helis and planes. Kawawa po yung kabataan, kawawa din po yung mga sundalo.

Habang may tatsulok po. Kawawa tayong lahat, pilipino laban sa pilipino.","['Hello Ma’am Tuesday.', 'Ganito kasi yan', 'diba may tinatawag na confidential funds.', 'Tapos yung gumagamit sa tama non', 'pinapa impeach nyo.', 'Imbes ma pigilan ang recruitment sa mga studyante eh hindi na namomonitor ng maayos.', 'Kayong mga artista', 'parati nyong ginagamit ang platform nyo para maging woke.', 'Para kumontra sa mga Duterte.', 'Kesho kinulimbat yung pera.', 'Pero di nyo mapatunayan.', 'Yung admin ngayon', 'di nyo naman ma criticize.', 'Yung mga kapwa nyo artista', 'pumanig na sa UniPink.', 'So bale ang mangyayari po dyan', 'mas pinalakas nyo lang po yung recruitment sa mga namumundok.', 'Kasi ang root cause po ng armed struggle ay poverty.', 'Wala naman kayong ginawa para ma puksa ang kahirapan ngayon.', 'Wala nga tayong ff up sa pag alis ng VAT na nagpapahirap sa pag taas ng bilihin lalo na sa langis.', 'Di nga kayo umiimik sa isyu ng maleta na naka private helis and planes.', 'Kawawa po yung kabataan', 'kawawa din po yung mga sundalo.', 'Habang may tatsulok po.', 'Kawawa tayong lahat', 'pilipino laban sa pilipino.']","['Hello Ma’am Tuesday.', '', 'Ganito kasi yan, diba may tinatawag na confidential funds. ', 'Tapos yung gumagamit sa tama non, pinapa impeach nyo. ', 'Imbes ma pigilan ang recruitment sa mga studyante eh hindi na namomonitor ng maayos.', '', 'Kayong mga artista, parati nyong ginagamit ang platform nyo para maging woke. ', 'Para kumontra sa mga Duterte. ', 'Kesho kinulimbat yung pera. ', 'Pero di nyo mapatunayan. ', 'Yung admin ngayon, di nyo naman ma criticize. ', 'Yung mga kapwa nyo artista, pumanig na sa UniPink.', '', 'So bale ang mangyayari po dyan, mas pinalakas nyo lang po yung recruitment sa mga namumundok. ', 'Kasi ang root cause po ng armed struggle ay poverty. ', 'Wala naman kayong ginawa para ma puksa ang kahirapan ngayon. ', 'Wala nga tayong ff up sa pag alis ng VAT na nagpapahirap sa pag taas ng bilihin lalo na sa langis. ', 'Di nga kayo umiimik sa isyu ng maleta na naka private helis and planes. ', 'Kawawa po yung kabataan, kawawa din po yung mga sundalo.', '', 'Habang may tatsulok po. ', 'Kawawa tayong lahat, pilipino laban sa pilipino.']"
Gusto lang naman nila mag PUBG live sa bundok eh. 🤣,['Gusto lang naman nila mag PUBG live sa bundok eh. 🤣'],['Gusto lang naman nila mag PUBG live sa bundok eh. 🤣']
Hindi ko ma tag si Risa Hontiveros naka blocked na ata ako eh lagi ko pa namang menimentioned yun pag may nahuli at napatay na mga bata nila.🤣,['Hindi ko ma tag si Risa Hontiveros naka blocked na ata ako eh lagi ko pa namang menimentioned yun pag may nahuli at napatay na mga bata nila.🤣'],['Hindi ko ma tag si Risa Hontiveros naka blocked na ata ako eh lagi ko pa namang menimentioned yun pag may nahuli at napatay na mga bata nila.🤣']
sa sobrang tamang hinala mo at gusto mo maging play safe gumawa ka pa ng bagong account para lang harapin ako MASYADO KANG MAHINANG NILALANG!!,['sa sobrang tamang hinala mo at gusto mo maging play safe gumawa ka pa ng bagong account para lang harapin ako MASYADO KANG MAHINANG NILALANG!!'],"['sa sobrang tamang hinala mo at gusto mo maging play safe ', 'gumawa ka pa ng bagong account para lang harapin ako ', 'MASYADO KANG MAHINANG NILALANG!!']"
tapos yung mga naka heart at like react pa sa iyo mga self righteous na introvert na mong mong magsama sama kayong mga totoong weirdo!!,['tapos yung mga naka heart at like react pa sa iyo mga self righteous na introvert na mong mong magsama sama kayong mga totoong weirdo!!'],"['tapos yung mga naka heart at like react pa sa iyo ', 'mga self righteous na introvert na mong mong magsama sama kayong mga totoong weirdo!!']"
Ngayon sabihin ng mga anti duterte na mali sya,['Ngayon sabihin ng mga anti duterte na mali sya'],['Ngayon sabihin ng mga anti duterte na mali sya']
"This is why the people or organizations that brought her to the rebel-infested communities should be liable as well. Walang risk assessment and coordination ng magtungo sa remote community. 
 
Pero napaka hindi patas naman na bansagang terorista ang mga biktima liban kung mapatunayan.","['This is why the people or organizations that brought her to the rebel-infested communities should be liable as well.', 'Walang risk assessment and coordination ng magtungo sa remote community.', 'Pero napaka hindi patas naman na bansagang terorista ang mga biktima liban kung mapatunayan.']","['This is why the people or organizations that brought her to the rebel-infested communities should be liable as well. ', 'Walang risk assessment and coordination ng magtungo sa remote community. ', ' ', 'Pero napaka hindi patas naman na bansagang terorista ang mga biktima liban kung mapatunayan.']"
Ganyan talaga ang Buhay.. Ikaw Ang madedesisyon.. kanan ba o kaliwa.. Kun saan kaman mapunta .. walang dapat sisihin kundi Sarili mo lang.,"['Ganyan talaga ang Buhay..', 'Ikaw Ang madedesisyon..', 'kanan ba o kaliwa..', 'Kun saan kaman mapunta ..', 'walang dapat sisihin kundi Sarili mo lang.']","['Ganyan talaga ang Buhay.. ', 'Ikaw Ang madedesisyon.. ', 'kanan ba o kaliwa.. ', 'Kun saan kaman mapunta .. ', 'walang dapat sisihin kundi ', 'Sarili mo lang.']"
"Kasalanan nya yan nagpauto sya sumama sya sa mga taong di mo malaman kung anong pinaglalaban masabi lng n nakikibaka ayun sama agad,e di nakita nya hinahanap nya yun nga lng pnghabangbuhay na aral nakamtan nya......","['Kasalanan nya yan nagpauto sya sumama sya sa mga taong di mo malaman kung anong pinaglalaban masabi lng n nakikibaka ayun sama agad', 'e di nakita nya hinahanap nya yun nga lng pnghabangbuhay na aral nakamtan nya......']","['Kasalanan nya yan nagpauto sya sumama sya sa mga taong di mo malaman kung anong pinaglalaban masabi lng n nakikibaka ayun sama agad,e di nakita nya hinahanap nya yun nga lng pnghabangbuhay na aral nakamtan nya......']"
Nag relax yata ang NTF ELCAC. Dami na naman cgurong new recruits. Sa bagay parang walang paki ang admin ngayon.,"['Nag relax yata ang NTF ELCAC.', 'Dami na naman cgurong new recruits.', 'Sa bagay parang walang paki ang admin ngayon.']","['Nag relax yata ang NTF ELCAC. ', 'Dami na naman cgurong new recruits. ', 'Sa bagay parang walang paki ang admin ngayon.']"
Nagiiyakan na naman mga tao sa Reddit neto,['Nagiiyakan na naman mga tao sa Reddit neto'],['Nagiiyakan na naman mga tao sa Reddit neto']
"Mga taga manila lang ang nauuto ng mga rebelde.
.
Lahat ng taga deep provinces alam to, na ang pondo ng mga yan ay galing sa extortion na ginagawa sa mga landowner sa probinsya, tapos sasabihin nila para sa bayan? Eh baril palang ang kapangyarihan nila ay corrupt na sila? Ang mga sumasali lang na lalaki dyan sa probinsya ay yung mga batugan na ayaw magsaka, gusto nalang ng kapangyarihan gamit ang dahas. Open secret nang yang mga babaeng aktibista na nauuto nila ay ginagawa lang parausan sa bundok, pag panget ginagawa nilang pangpain sa sundalo.","['Mga taga manila lang ang nauuto ng mga rebelde.', 'Lahat ng taga deep provinces alam to', 'na ang pondo ng mga yan ay galing sa extortion na ginagawa sa mga landowner sa probinsya', 'tapos sasabihin nila para sa bayan?', 'Eh baril palang ang kapangyarihan nila ay corrupt na sila?', 'Ang mga sumasali lang na lalaki dyan sa probinsya ay yung mga batugan na ayaw magsaka', 'gusto nalang ng kapangyarihan gamit ang dahas.', 'Open secret nang yang mga babaeng aktibista na nauuto nila ay ginagawa lang parausan sa bundok', 'pag panget ginagawa nilang pangpain sa sundalo.']","['Mga taga manila lang ang nauuto ng mga rebelde.', '.', 'Lahat ng taga deep provinces ', 'alam to, na ang pondo ng mga yan ay galing sa extortion na ginagawa sa mga landowner sa probinsya, tapos sasabihin nila para sa bayan? ', 'Eh baril palang ang kapangyarihan nila ay corrupt na sila? ', 'Ang mga sumasali lang na lalaki dyan sa probinsya ay yung mga batugan na ayaw magsaka, gusto nalang ng kapangyarihan gamit ang dahas. ', 'Open secret nang yang mga babaeng aktibista na nauuto nila ay ginagawa lang parausan sa bundok, pag panget ginagawa nilang pangpain sa sundalo.']"
Tanggalin sa pribelehiyo ng state sponsorship. Kung Jan lang naman napupunta tax ko at ikamamatay ng mga kabataan.,"['Tanggalin sa pribelehiyo ng state sponsorship.', 'Kung Jan lang naman napupunta tax ko at ikamamatay ng mga kabataan.']","['Tanggalin sa pribelehiyo ng state sponsorship. ', 'Kung Jan lang naman napupunta tax ko at ikamamatay ng mga kabataan.']"
No wonder daming NPA sa congress kasi kahit na matatalino nabudol pa sa mga NPA. Easy money lang talaga pag naging NPA ka. Imagine nag camping ka lang sa bundok at may sahod pa..,"['No wonder daming NPA sa congress kasi kahit na matatalino nabudol pa sa mga NPA.', 'Easy money lang talaga pag naging NPA ka.', 'Imagine nag camping ka lang sa bundok at may sahod pa..']","['No wonder daming NPA sa congress kasi kahit na matatalino nabudol pa sa mga NPA. ', 'Easy money lang talaga pag naging NPA ka. ', 'Imagine nag camping ka lang sa bundok at may sahod pa..']"
Parang si Risa na un pumalit kay Joma Sison,['Parang si Risa na un pumalit kay Joma Sison'],['Parang si Risa na un pumalit kay Joma Sison']
Sawa na si Commander kaya pwede kana gawing frontliner sa bakbakan 😭,['Sawa na si Commander'.'kaya pwede kana gawing frontliner sa bakbakan 😭'],['Sawa na si Commander kaya pwede kana gawing frontliner sa bakbakan 😭']
Kung tutuusin paldo pa rn si Kumander haha,['Kung tutuusin paldo pa rn si Kumander haha'],['Kung tutuusin paldo pa rn si Kumander haha']
Nasa student na talaga kung magpa tanga... cant think for themselves..,"['Nasa student na talaga kung magpa tanga...','cant think for themselves..']","['Nasa student na talaga kung magpa tanga... ', 'cant think for themselves..']"
"meron napatay n PLM student na babae sa Mindoro - Member ng Kabataan partylist. Ngayon nmn UP DILIMAN student na chairman ng LFS. Mga naniwala sila sa ideology ni Marx, Lenin, Mao tsetung at Joma Sison. Naabuso ang kanilang idealismo. SAYANG. Condolence sa pamilya.","['meron napatay n PLM student na babae sa Mindoro - Member ng Kabataan partylist.', 'Ngayon nmn UP DILIMAN student na chairman ng LFS.', 'Mga naniwala sila sa ideology ni Marx', 'Lenin', 'Mao tsetung at Joma Sison.', 'Naabuso ang kanilang idealismo.', 'SAYANG.', 'Condolence sa pamilya.']","['meron napatay n PLM student na babae sa Mindoro - Member ng Kabataan partylist. ', 'Ngayon nmn UP DILIMAN student na chairman ng LFS. ', 'Mga naniwala sila sa ideology ni Marx, Lenin, ', 'Mao tsetung at Joma Sison. ', 'Naabuso ang kanilang idealismo. ', 'SAYANG. ', 'Condolence sa pamilya.']"
Sad na naman si kumander,['Sad na naman si kumander'],['Sad na naman si kumander']
Ano na naman research uleh oh!.. Medical Mission na naman 😎😎😎,"['Ano na naman research uleh oh!..', 'Medical Mission na naman 😎😎😎']","['Ano na naman research uleh oh!.. ', 'Medical Mission na naman 😎😎😎']"
"Ang pagpatay sa isang aktibistang na-red-tag ay maituturing na extrajudicial killing (EJK), kahit na nangyari ito sa isang komunidad na may kilalang presensya ng New People’s Army (NPA). Sa ilalim ng batas ng Pilipinas at mga internasyonal na pamantayan, ang pagkakaroon ng insurhensya ay hindi nagbibigay-katwiran sa sadyang pagpatay sa isang tao nang walang patas na paglilitis","['Ang pagpatay sa isang aktibistang na-red-tag ay maituturing na extrajudicial killing (EJK)', 'kahit na nangyari ito sa isang komunidad na may kilalang presensya ng New People’s Army (NPA).', 'Sa ilalim ng batas ng Pilipinas at mga internasyonal na pamantayan', 'ang pagkakaroon ng insurhensya ay hindi nagbibigay-katwiran sa sadyang pagpatay sa isang tao nang walang patas na paglilitis']","['Ang pagpatay sa isang aktibistang na-red-tag ay maituturing na extrajudicial killing (EJK), kahit na nangyari ito sa isang komunidad na may kilalang presensya ng New People’s Army (NPA). ', 'Sa ilalim ng batas ng Pilipinas at mga internasyonal na pamantayan, ang pagkakaroon ng insurhensya ay hindi nagbibigay-katwiran sa sadyang pagpatay sa isang tao nang walang patas na paglilitis']"
Then sasabihin na naman ng human rights na kumunista at pulpol na bandidong NPA e estudyante na nagreresearch lang.Magpapaawa na naman at may mga ganid na politikong magbibida bida at sisigaw sigawan ang mga kawawang Sundalong Pumoprotekta sa bansa at mga estudyante.Gigipitin na naaman ang militar.Palalabasin na naman na mga Sundalo ang mali at may kasalanan?,"['Then sasabihin na naman ng human rights na kumunista at pulpol na bandidong NPA e estudyante na nagreresearch lang.', 'Magpapaawa na naman at may mga ganid na politikong magbibida bida at sisigaw sigawan ang mga kawawang Sundalong Pumoprotekta sa bansa at mga estudyante.', 'Gigipitin na naaman ang militar.', 'Palalabasin na naman na mga Sundalo ang mali at may kasalanan?']","['Then sasabihin na naman ng human rights na kumunista at pulpol na bandidong NPA e estudyante na nagreresearch lang.Magpapaawa na naman at may mga ganid na politikong magbibida bida at sisigaw sigawan ang mga kawawang ', 'Sundalong Pumoprotekta sa bansa at mga estudyante.Gigipitin na naaman ang militar.Palalabasin na naman na mga Sundalo ang mali at may kasalanan?']"
Paldo na naman si komander 🤣,['Paldo na naman si komander 🤣'],['Paldo na naman si komander 🤣']
"Ang huling sarap na pala ni commander,,, 🤣","['Ang huling sarap na pala ni commander', '🤣']","['Ang huling sarap na pala ni commander,,, ', '🤣']"
na double penetration ng mga cadre at ni kumander,['na double penetration ng mga cadre at ni kumander'],['na double penetration ng mga cadre at ni kumander']
"Ito mga tao na madaling mauto at ma doktrinahan.

*Present-focused (hindi long-term mag-isip)
*High trust / madaling magtiwala
*Low critical thinking (kahit matalino)
*Emotion-driven decisions
*Fixed mindset (hindi flexible mag-isip)

Hindi porket matalino = hindi na mauuto.
May mga taong mataas ang IQ pero:

*kulang sa skepticism
*hindi sanay sa independent thinking","['Ito mga tao na madaling mauto at ma doktrinahan.', '*Present-focused (hindi long-term mag-isip)', '*High trust / madaling magtiwala', '*Low critical thinking (kahit matalino)', '*Emotion-driven decisions', '*Fixed mindset (hindi flexible mag-isip)', 'Hindi porket matalino = hindi na mauuto.', 'May mga taong mataas ang IQ pero:', '*kulang sa skepticism', '*hindi sanay sa independent thinking']","['Ito mga tao na madaling mauto at ma doktrinahan.', '', '*Present-focused (hindi long-term mag-isip)', '*High trust / madaling magtiwala', '*Low critical thinking (kahit matalino)', '*Emotion-driven decisions', '*Fixed mindset (hindi flexible mag-isip)', '', 'Hindi porket matalino = hindi na mauuto.', 'May mga taong mataas ang IQ pero:', '', '*kulang sa skepticism', '*hindi sanay sa independent thinking']"
"Ayaw nila ng tahimik na buhay, gusto nila sa bundok. Haha","['Ayaw nila ng tahimik na buhay', 'gusto nila sa bundok.', 'Haha']","['Ayaw nila ng tahimik na buhay, gusto nila sa bundok. ', 'Haha']"
Youth researchers na sinamahan ng mga local guides. Yung mga armas pang protekta lang nila yun kontra sa mga hayup sa gubat. Cornedbeef tuloy. 🤣🤣,"['Youth researchers na sinamahan ng mga local guides.', Yung mga armas pang protekta lang nila yun kontra sa mga hayup sa gubat.', 'Cornedbeef tuloy. 🤣🤣']","['Youth researchers na sinamahan ng mga local guides. ', 'Yung mga armas pang protekta lang nila yun kontra sa mga hayup sa gubat. ', 'Cornedbeef tuloy. ', '🤣🤣']"
Dumadami na naman sila dahil sa palala na kurapsyon sa bansa.,['Dumadami na naman sila dahil sa palala na kurapsyon sa bansa.'],['Dumadami na naman sila dahil sa palala na kurapsyon sa bansa.']
Dpt ksi ung UP palitan na gawin ng university of NPA hahaha,['Dpt ksi ung UP palitan na gawin ng university of NPA hahaha'],"['Dpt ksi ung UP palitan na gawin ng university of NPA ', 'hahaha']"
isang santo na nmn ang nalagas 😂,['isang santo na nmn ang nalagas 😂'],['isang santo na nmn ang nalagas 😂']
"Yung isa dun sa napatay na npa, faculty member pa ng u.p tsktsk","['Yung isa dun sa napatay na npa', 'faculty member pa ng u.p tsktsk']","['Yung isa dun sa napatay na npa, faculty member pa ng u.p tsktsk']"
"Imbes na mag contribute sa society, Ayun nag contribute Siya ng healthy ecosystem sa bundok","['Imbes na mag contribute sa society', 'Ayun nag contribute Siya ng healthy ecosystem sa bundok']","['Imbes na mag contribute sa society, ', 'Ayun nag contribute ', 'Siya ng healthy ecosystem sa bundok']"
"sayang yung tax na pina-aral sa kanya, naging rebelde pa!!!!","['sayang yung tax na pina-aral sa kanya', 'naging rebelde pa!!!!']","['sayang yung tax na pina-aral sa kanya, naging rebelde pa!!!!']"
kapag nasa up bantayan nyu kapag nagpopost na yan sa fb mas lalo kung kakampink sya at up bantayan nyu,['kapag nasa up bantayan nyu kapag nagpopost na yan sa fb mas lalo kung kakampink sya at up bantayan nyu'],"['kapag nasa up bantayan nyu kapag nagpopost na yan sa fb ', 'mas lalo kung kakampink sya at up bantayan nyu']"
efas lang ya efas,['efas lang ya efas'],['efas lang ya efas']
Buti na lang hndi naging black leather ang sofa kundi iba ang iisipin ko.,['Buti na lang hndi naging black leather ang sofa kundi iba ang iisipin ko.'],['Buti na lang hndi naging black leather ang sofa kundi iba ang iisipin ko.']
ang mga npa gobyerno at skwelahan na. kaya ready na kayo tumangap.,"['ang mga npa gobyerno at skwelahan na.', 'kaya ready na kayo tumangap.']","['ang mga npa gobyerno at skwelahan na. ', 'kaya ready na kayo tumangap.']"
yung intro palang alam mo na sa backround 🤣,['yung intro palang alam mo na sa backround 🤣'],"['yung intro ', 'palang alam mo na sa backround 🤣']"
"Are there any investigations against UP? Kasi pag may encounter ang AFP at CPP-NPA at pag may casualties laging nasasama yung name ng school, wala bang ginagawa ang CHED at Government regarding this? Mas matagal pa to sa flood control eh.","['Are there any investigations against UP?', 'Kasi pag may encounter ang AFP at CPP-NPA at pag may casualties laging nasasama yung name ng school', 'wala bang ginagawa ang CHED at Government regarding this?', 'Mas matagal pa to sa flood control eh.']","['Are there any investigations against UP? ', 'Kasi pag may encounter ang AFP at CPP-NPA at pag may casualties laging nasasama yung name ng school, wala bang ginagawa ang CHED at Government regarding this? ', 'Mas matagal pa to sa flood control eh.']"
Di nman sila kawalan kung icocornbeef sila ng AFP tsaka desisyon nila yan na magpagamit sa mga mayayamang negosyante at pulitiko na nasa Luzon.,['Di nman sila kawalan kung icocornbeef sila ng AFP tsaka desisyon nila yan na magpagamit sa mga mayayamang negosyante at pulitiko na nasa Luzon.'],['Di nman sila kawalan kung icocornbeef sila ng AFP tsaka desisyon nila yan na magpagamit sa mga mayayamang negosyante at pulitiko na nasa Luzon.']
"Mga delusional na gen-Z, kala mo malaki impact nila sa lipunan kapag sumanib sila sa pinaglalaban ng NPA.","['Mga delusional na gen-Z', 'kala mo malaki impact nila sa lipunan kapag sumanib sila sa pinaglalaban ng NPA.']","['Mga delusional na gen-Z, kala mo malaki impact nila sa lipunan kapag sumanib sila sa pinaglalaban ng NPA.']"
Casting couch kaso sa NPA na draft 😂✌️,['Casting couch kaso sa NPA na draft 😂✌️'],['Casting couch kaso sa NPA na draft 😂✌️']
"We have a fucked up government tapos may ganito pa, its just sad.","['We have a fucked up government tapos may ganito pa', 'its just sad.']","['We have a fucked up government tapos may ganito pa, its just sad.']"
ito na sya sheesh,['ito na sya sheesh'],"['ito na sya ', 'sheesh']"
And universities are tolerating this nefarious activities inside of their campus. Sila pa galit sa red tagging,"['And universities are tolerating this nefarious activities inside of their campus.', 'Sila pa galit sa red tagging']","['And universities are tolerating this nefarious activities inside of their campus. ', 'Sila pa galit sa red tagging']"
"Diko maisip kng pano nila na brebrainwash mga kabataan matatalino pa nmn, di kaya may mga sayad mga batang ito?🙄🤔","['Diko maisip kng pano nila na brebrainwash mga kabataan matatalino pa nmn', 'di kaya may mga sayad mga batang ito?🙄🤔']","['Diko maisip kng pano nila na brebrainwash mga kabataan matatalino pa nmn, di kaya may mga sayad mga batang ito?🙄🤔']"
Habulin ang confidential funds ni VP para di na mapansing buhay ulit ang NPA recruitment sa campuses,['Habulin ang confidential funds ni VP para di na mapansing buhay ulit ang NPA recruitment sa campuses'],['Habulin ang confidential funds ni VP para di na mapansing buhay ulit ang NPA recruitment sa campuses']
close nyo na UP if nagccreate lang sila ng terorista sa bansa,['close nyo na UP if nagccreate lang sila ng terorista sa bansa'],"['close nyo na ', 'UP if nagccreate lang sila ng terorista sa bansa']"
kadalasang target nila eh yung mga idealistic na kabataan.,['kadalasang target nila eh yung mga idealistic na kabataan.'],['kadalasang target nila eh yung mga idealistic na kabataan.']
tanga kasi sila yun lang yun,['tanga kasi sila yun lang yun'],['tanga kasi sila yun lang yun']
yung mga pacool kids na feeling above s lahat. Yan madali matarget ng npa,"['yung mga pacool kids na feeling above s lahat.', 'Yan madali matarget ng npa']","['yung mga pacool kids na feeling above s lahat. ', 'Yan madali matarget ng npa']"
"you just need make them feel important. Madaling ma brainwashed yung mga passionate idealistic student na feeling nila they can make a big change sa current society. Just frustrate them sa takbo ng current society then offer an alternative sabay mag nitpick ka ng mga cases portraying that alternative a permanent solution. They will portray themselves as champion of the poor and a hero of true justice sabay pabida sa mga ""natulungan"" nilang mga magsasaka/ mahihirap laban sa mga land grabber/ mining companies. Di na ako magtataka if some of them suffers main character syndrome or have a hero complex, martyr complex and/or savior complex.","['you just need make them feel important.', 'Madaling ma brainwashed yung mga passionate idealistic student na feeling nila they can make a big change sa current society.', 'Just frustrate them sa takbo ng current society then offer an alternative sabay mag nitpick ka ng mga cases portraying that alternative a permanent solution.', 'They will portray themselves as champion of the poor and a hero of true justice sabay pabida sa mga ""natulungan"" nilang mga magsasaka/ mahihirap laban sa mga land grabber/ mining companies.', 'Di na ako magtataka if some of them suffers main character syndrome or have a hero complex', 'martyr complex and/or savior complex.']","['you just need make them feel important. ', 'Madaling ma brainwashed yung mga passionate idealistic student na feeling nila they can make a big change sa current society. ', 'Just frustrate them sa takbo ng current society then offer an alternative sabay mag nitpick ka ng mga cases portraying that alternative a permanent solution. ', 'They will portray themselves as champion of the poor and a hero of true justice ', 'sabay pabida sa mga ""natulungan"" nilang mga magsasaka/ mahihirap laban sa mga land grabber/ mining companies. ', 'Di na ako magtataka if some of them suffers main character syndrome or have a hero complex, martyr complex and/or savior complex.']"
"When she's alive: PROUD NPA
when she's Dead: human rights activists. 🤣🤣🤣🤣🤣
Studyante tapos napatay sa bundok may hawak na armas?? 🤣🤣🤣","['When she's alive: PROUD NPA', 'when she's Dead: human rights activists. 🤣🤣🤣🤣', 'Studyante tapos napatay sa bundok may hawak na armas??🤣🤣🤣']","[""When she's alive: "", 'PROUD NPA', ""when she's Dead: human rights activists. "", '🤣🤣🤣🤣🤣', 'Studyante tapos napatay sa bundok may hawak na armas?? ', '🤣🤣🤣']"
TAMA !! MGA MAGULANG HINGI NG TOLONG SA GOBYERNO PARA MAKAPAG ARAL ANAG ANAK !! TAPOS ANG ANAK NAPASAMA LANG SA MGA WALANG KWENTANG UTAK NPA !!!! ANG GOSTO LANG NANG GOBYERNO KAYA PINA ARAL NG LIBRE O SKOLAR NG BAYAN PARA MAKA TOLONG SA MGA MAGULANG AT MGA KAPATID !! HINDI PARA LUMABAN SA GOBYERNONG NAG PA ARAL SA KANILA !!! 🤔🤔🤔🤔,"['TAMA !!', 'MGA MAGULANG HINGI NG TOLONG SA GOBYERNO PARA MAKAPAG ARAL ANAG ANAK !!', 'TAPOS ANG ANAK NAPASAMA LANG SA MGA WALANG KWENTANG UTAK NPA !!!!', 'ANG GOSTO LANG NANG GOBYERNO KAYA PINA ARAL NG LIBRE O SKOLAR NG BAYAN PARA MAKA TOLONG SA MGA MAGULANG AT MGA KAPATID !!', 'HINDI PARA LUMABAN SA GOBYERNONG NAG PA ARAL SA KANILA !!!🤔🤔🤔🤔']","['TAMA !! ', 'MGA MAGULANG HINGI NG TOLONG SA GOBYERNO PARA MAKAPAG ARAL ANAG ANAK !! ', 'TAPOS ANG ANAK NAPASAMA LANG SA MGA WALANG KWENTANG UTAK NPA !!!! ', 'ANG GOSTO LANG NANG GOBYERNO KAYA PINA ARAL NG LIBRE O SKOLAR NG BAYAN PARA MAKA TOLONG SA MGA MAGULANG AT MGA KAPATID !! ', 'HINDI PARA LUMABAN SA GOBYERNONG NAG PA ARAL SA KANILA !!! ', '🤔🤔🤔🤔']"
"UP should be accountable for the deaths of their students.
Promote NTF-ELCAC to destroy and remove those recruiters inside of universities. 
Kawawa lang mga studyante na nauuto ng doktrina at ideolohiya ng CPP.","['UP should be accountable for the deaths of their students.', 'Promote NTF-ELCAC to destroy and remove those recruiters inside of universities.', 'Kawawa lang mga studyante na nauuto ng doktrina at ideolohiya ng CPP.']","['UP should be accountable for the deaths of their students.', 'Promote NTF-ELCAC to destroy and remove those recruiters inside of universities. ', 'Kawawa lang mga studyante na nauuto ng doktrina at ideolohiya ng CPP.']"
literal na research defense,['literal na research defense'],['literal na research defense']
"paki namin, mga batang communista mahilig mag-alyansa lang ang alam di nakikita ang tunay na ginagawa ng gobyerno para lang ikaunlad ng bansa","['paki namin', 'mga batang communista mahilig mag-alyansa lang ang alam di nakikita ang tunay na ginagawa ng gobyerno para lang ikaunlad ng bansa']","['paki namin, mga batang communista mahilig mag-alyansa lang ang alam di nakikita ang tunay na ginagawa ng gobyerno para lang ikaunlad ng bansa']"
Nag cacamping lang si Ka Allysa binaril nyo na.,['Nag cacamping lang si Ka Allysa binaril nyo na.'],['Nag cacamping lang si Ka Allysa binaril nyo na.']
"Researchers na naka combat gear?
https://www.facebook.com/share/p/1HMCQAKvBJ/","['Researchers na naka combat gear?', 'https://www.facebook.com/share/p/1HMCQAKvBJ/']","['Researchers na naka combat gear?', 'https://www.facebook.com/share/p/1HMCQAKvBJ/']"
"Gusto natin e eradicate ang NPA pero yung corrupt government ayaw natin e eradicate? E kaya may NPA kasi may government na corrupt. E eradicate mo yung Corrupt Government mamatay sa natural death ang lahat ng rebeldeng grupo. 
Ang root cause ng lahat nyan ay corrupt na gobierno.","['Gusto natin e eradicate ang NPA pero yung corrupt government ayaw natin e eradicate?', 'E kaya may NPA kasi may government na corrupt.', 'E eradicate mo yung Corrupt Government mamatay sa natural death ang lahat ng rebeldeng grupo.', 'Ang root cause ng lahat nyan ay corrupt na gobierno.']","['Gusto natin e eradicate ang NPA pero yung corrupt government ayaw natin e eradicate? ', 'E kaya may NPA kasi may government na corrupt. ', 'E eradicate mo yung Corrupt Government mamatay sa natural death ang lahat ng rebeldeng grupo. ', 'Ang root cause ng lahat nyan ay corrupt na gobierno.']"
"artista man d.i na sya sa una..
Alyssa Alano :)","['artista man d.i na sya sa una..
Alyssa Alano :)']","['artista man d.i na sya sa una..', 'Alyssa Alano :)']"
kawawa pla mga student na mga naloloko nila,['kawawa pla mga student na mga naloloko nila'],['kawawa pla mga student na mga naloloko nila']
pa send link,['pa send link'],['pa send link']
Kaya wag na dapat botohin yung mga politicong sumusuporta s makakaliwa or makakaliwa sila mismo..,['Kaya wag na dapat botohin yung mga politicong sumusuporta s makakaliwa or makakaliwa sila mismo..'],['Kaya wag na dapat botohin yung mga politicong sumusuporta s makakaliwa or makakaliwa sila mismo..']
Lungkot na si kumander.. wla ng katabi sa pagtulog.,"['Lungkot na si kumander..', 'wla ng katabi sa pagtulog.']","['Lungkot na si kumander.. ', 'wla ng katabi sa pagtulog.']"
na Yan😄,['na Yan😄'],['na Yan😄']
Maawa kayo s mga anak nyo baka hnd Nyo na alm ang gingawa nila Baka na hypnotice na sila ng mga npa group tanungin siyasatin,"['Maawa kayo s mga anak nyo baka hnd Nyo na alm ang gingawa nila', 'Baka na hypnotice na sila ng mga npa group tanungin siyasatin']","['Maawa kayo s mga anak nyo baka hnd ', 'Nyo na alm ang gingawa nila ', 'Baka na hypnotice na sila ng mga npa group tanungin siyasatin']"
hindi tumagos sa mga mabalasik na AFP si NPA Alano. Bounce na panghabang buhay,"['hindi tumagos sa mga mabalasik na AFP si NPA Alano.', 'Bounce na panghabang buhay']","['hindi tumagos sa mga mabalasik na AFP si NPA Alano. ', 'Bounce na panghabang buhay']"
"yeah were dead wrong, our children are not safe inside universities kasi puros mkakaliwa na wlang ginawa kundi lasunin isipan ng kabataan ang andun,","['yeah were dead wrong', 'our children are not safe inside universities kasi puros mkakaliwa na wlang ginawa kundi lasunin isipan ng kabataan ang andun']","['yeah were dead wrong, our children are not safe inside universities ', 'kasi puros mkakaliwa na wlang ginawa kundi lasunin isipan ng kabataan ang andun,']"
"ilan na po ba ang warning na nakita natin d ba may dalawa ng university student din ang nadakip ng mga militar nan nasa bundok kaso pinag tatanggol ng mga partylist na d daw yun mga NPA ,pero ngayun d na sila maka ngaw2 kasi may na cornbeef na  natuluyan na sa delesyun nilang tama sila,","['ilan na po ba ang warning na nakita natin d ba may dalawa ng university student din ang nadakip ng mga militar nan nasa bundok kaso pinag tatanggol ng mga partylist na d daw yun mga NPA', 'pero ngayun d na sila maka ngaw2 kasi may na cornbeef na natuluyan na sa delesyun nilang tama sila']","['ilan na po ba ang warning na ', 'nakita natin d ba may dalawa ng university student din ang nadakip ng mga militar nan nasa bundok kaso pinag tatanggol ng mga partylist na d daw yun mga NPA ,pero ngayun d na sila maka ngaw2 kasi may na cornbeef na  natuluyan na sa delesyun nilang tama sila,']"
Marxist pa more,['Marxist pa more'],['Marxist pa more']
or na Deads di sila proud pagiging NPA nila??ganun ba yon??nag reresearch lang sila??so anong point ng pinaglalaban nila??,"['or na Deads di sila proud pagiging NPA nila??', 'ganun ba yon??', 'nag reresearch lang sila??', 'so anong point ng pinaglalaban nila??']",['or na Deads di sila proud pagiging NPA nila??ganun ba yon??nag reresearch lang sila??so anong point ng pinaglalaban nila??']
Ea ng matatandang komander pagkatapos pagsawaan sinasabak sa labanan at iiwan para sa next phase ng plano nila: magsisigaw sigawan na palayain sila bilang political prisoner,['Ea ng matatandang komander pagkatapos pagsawaan sinasabak sa labanan at iiwan para sa next phase ng plano nila: magsisigaw sigawan na palayain sila bilang political prisoner'],"['Ea ng matatandang komander pagkatapos pagsawaan ', 'sinasabak sa labanan at iiwan para sa next phase ng plano nila: ', 'magsisigaw sigawan na palayain sila bilang political prisoner']"
"Noong buhay pa-NAG RESEARCH 
Nang namatay na- THE SEARCH IS OVER","['Noong buhay pa-NAG RESEARCH', 'Nang namatay na- THE SEARCH IS OVER']","['Noong buhay pa-NAG RESEARCH ', 'Nang namatay na- ', 'THE SEARCH IS OVER']"
"KITA KO LANG SA NAG COMMENT , HAHAHAHA","['KITA KO LANG SA NAG COMMENT', 'HAHAHAHA']","['KITA KO LANG SA NAG COMMENT , HAHAHAHA']"
Pa bukid pa more may bitbit M16!,['Pa bukid pa more may bitbit M16!'],['Pa bukid pa more may bitbit M16!']
"Dre ni padulong ang confidential funds ni Sarah, to protect the students from brainwashing to this demon NPA TERRORIST maong suko kaayo na sila mga MACABAYAN Bloc sa kongreso, that the reality","['Dre ni padulong ang confidential funds ni Sarah', 'to protect the students from brainwashing to this demon NPA TERRORIST maong suko kaayo na sila mga MACABAYAN Bloc sa kongreso', 'that the reality']","['Dre ni padulong ang confidential funds ni Sarah, to protect the students from brainwashing to this demon ', 'NPA TERRORIST maong suko kaayo na sila mga MACABAYAN Bloc sa kongreso, that the reality']"
"Business yang pag Een Pi Ey na yan. Ilang years na ba yan? 50-60 years? Ginawa para magkaroon ng divide and conquer sa bansa, taktiks ni ankol sam(NED FUNDED) na ginagawa rin sa ibang bansa. lugi jan yung narerecruit kasi nagiging sundalo(for en pi ey) sa bundok kalaban army eh surebol corned beef kinabukasan mo jan🤣 ewan andami parin nauuto🤣 war is business nga naman🤣 yung mga leaders nila? ayun laki ng nakukuha tax sating mga pinoy(party lists), tas may revolutionary tax pa sa mga businessman🤣 mga leaders nyo lang umaasenso, pumupuntang ibang bansa or napag aral yung anak nila sa ibang bansa... pero kayong bagong recruit surebol yan matetegi kayo sa bundok sooner or later🤣 well ginusto nyo yan ih🤣","['Business yang pag Een Pi Ey na yan.', 'Ilang years na ba yan?', '50-60 years?', 'Ginawa para magkaroon ng divide and conquer sa bansa', 'taktiks ni ankol sam(NED FUNDED) na ginagawa rin sa ibang bansa.', 'lugi jan yung narerecruit kasi nagiging sundalo(for en pi ey) sa bundok kalaban army eh surebol corned beef kinabukasan mo jan🤣', 'ewan andami parin nauuto🤣 war is business nga naman🤣', 'yung mga leaders nila?', 'ayun laki ng nakukuha tax sating mga pinoy(party lists)', 'tas may revolutionary tax pa sa mga businessman🤣', 'mga leaders nyo lang umaasenso', 'pumupuntang ibang bansa or napag aral yung anak nila sa ibang bansa... pero kayong bagong recruit surebol yan matetegi kayo sa bundok sooner or later🤣', 'well ginusto nyo yan ih🤣']","['Business yang pag Een Pi ', 'Ey na yan. ', 'Ilang years na ba yan? ', '50-60 years? ', 'Ginawa para magkaroon ng divide and conquer sa bansa, taktiks ni ankol sam(NED FUNDED) na ginagawa rin sa ibang bansa. ', 'lugi jan yung narerecruit kasi nagiging sundalo(for en pi ey) ', 'sa bundok kalaban ', 'army eh ', 'surebol corned beef ', 'kinabukasan mo jan🤣 ', 'ewan andami parin nauuto🤣 ', 'war is business nga naman🤣 ', 'yung mga leaders nila? ', 'ayun laki ng nakukuha tax sating mga pinoy(party lists), ', 'tas may revolutionary tax pa sa mga businessman🤣 ', 'mga leaders nyo lang umaasenso, ', 'pumupuntang ibang bansa or napag aral yung anak nila sa ibang bansa... ', 'pero kayong bagong recruit ', 'surebol yan matetegi kayo sa bundok sooner or later🤣 ', 'well ginusto nyo yan ih🤣']"
"Daming OJT na nagpi-fieldtrip ngayon ah.....

Mga batan on.....Mao ni ilang ipambahug sa mga sundalo aron mabasol ang mga military sa ilang ginahimong operations....

Mga pawn in a game of chess.....","['Daming OJT na nagpi-fieldtrip ngayon ah.....', 'Mga batan on.....', 'Mao ni ilang ipambahug sa mga sundalo aron mabasol ang mga military sa ilang ginahimong operations....', 'Mga pawn in a game of chess.....']","['Daming OJT na nagpi-fieldtrip ngayon ah.....', '', 'Mga batan on.....Mao ni ilang ipambahug sa mga sundalo aron mabasol ang mga military sa ilang ginahimong operations....', '', 'Mga pawn in a game of chess.....']"
"Buti na lng di ako sumama sa exposure ng LFS sa bundok , baka naging fertlizer na ako noon o naging kumander🤣","['Buti na lng di ako sumama sa exposure ng LFS sa bundok', 'baka naging fertlizer na ako noon o naging kumander🤣']","['Buti na lng di ako sumama sa exposure ng LFS sa bundok , ', 'baka naging fertlizer na ako noon o naging kumander🤣']"
"Scholar din ako nuon, pero depende nalang sa student kung saan o anong sinasamahang grupo. May choice naman bawat tao. I was once ask but didn't entertain them kasi alam ko na ang kalakaran 👍🏻 nasa student lang talaga wala sa school.","['Scholar din ako nuon', 'pero depende nalang sa student kung saan o anong sinasamahang grupo.', 'May choice naman bawat tao.', 'I was once ask but didn't entertain them kasi alam ko na ang kalakaran 👍🏻', 'nasa student lang talaga wala sa school.'","['Scholar din ako nuon, pero depende nalang sa student kung saan o anong sinasamahang grupo. ', 'May choice naman bawat tao. ', ""I was once ask but didn't entertain them "", 'kasi alam ko na ang kalakaran 👍🏻 ', 'nasa student lang talaga wala sa school.']"
Napulot lang siguro nila yung mga baril tapos sinubukan kung puputok. 🤣,['Napulot lang siguro nila yung mga baril tapos sinubukan kung puputok. 🤣'],"['Napulot lang siguro nila yung mga baril tapos sinubukan kung puputok. ', '🤣']"
Kumunista pa more,['Kumunista pa more'],['Kumunista pa more']
"Kung gusto nyo ng safe na university, walang bully walang mga fraternity, dun po kayo sa New Era University.","['Kung gusto nyo ng safe na university', 'walang bully walang mga fraternity', 'dun po kayo sa New Era University.']","['Kung gusto nyo ng safe na university, walang bully walang mga fraternity, dun po kayo sa New Era University.']"
Bakit kasi hindi pa iraid yang UP? Ilng taon ng NPA breeding ground yang University na yan,"['Bakit kasi hindi pa iraid yang UP?', 'Ilng taon ng NPA breeding ground yang University na yan']","['Bakit kasi hindi pa iraid yang UP? ', 'Ilng taon ng NPA breeding ground yang University na yan']"
Researcher daw pero may dalang baril with vest at nakipag barilan pa sa AFP,['Researcher daw pero may dalang baril with vest at nakipag barilan pa sa AFP'],['Researcher daw pero may dalang baril with vest at nakipag barilan pa sa AFP']
Ang totoo kasi is Ang University Student is Bright and inteligent yan merong mga Grupo sa loob na naka Minotor sa mga Students na may Potential Like This lady nag sisimula yan sa mga pag Recruit sa grupo na andoon sa loob nang University merong mga pag titipon yan and Hinihimok yan sila na makilahok na magiging main factor para mas mapadali yung pag sali nila syempre thier minds are Young and Easly too Fool kaya ang Ending Dating Honor Student na punta sa Armandong Pakikibaka kuno!! na sinasabing para daw Sa bayan!! 😢😢,"['Ang totoo kasi is Ang University Student is Bright and inteligent yan', 'merong mga Grupo sa loob na naka Minotor sa mga Students na may Potential Like This lady', 'nag sisimula yan sa mga pag Recruit sa grupo na andoon sa loob nang University', 'merong mga pag titipon yan and Hinihimok yan sila na makilahok na magiging main factor para mas mapadali yung pag sali nila', 'syempre thier minds are Young and Easly too Fool kaya ang Ending Dating Honor Student na punta sa Armandong Pakikibaka kuno!!', 'na sinasabing para daw Sa bayan!! 😢😢']","['Ang totoo kasi is Ang University Student is Bright and inteligent yan merong mga Grupo sa loob na naka Minotor sa mga Students na may Potential Like This lady nag sisimula yan sa mga pag Recruit sa grupo na andoon sa loob nang University merong mga pag titipon yan and Hinihimok yan sila na makilahok na magiging main factor para mas mapadali yung pag sali nila ', 'syempre thier minds are Young and Easly too ', 'Fool kaya ang Ending Dating Honor ', 'Student na punta sa Armandong Pakikibaka kuno!! ', 'na sinasabing para daw Sa bayan!! ', '😢😢']"
"ayaw parin maniwala yung mga ibang kakampuke sa ganito. Noon pa man kalakaran na nila yan , andaming ng sumuko at nagpapatunay at ang daming nag-Early out sa mundo dahil sa walang kwenta nilang advocacy o pinaglalaban na sila dapat mamuno ng gobyerno.","['ayaw parin maniwala yung mga ibang kakampuke sa ganito.', 'Noon pa man kalakaran na nila yan', 'andaming ng sumuko at nagpapatunay at ang daming nag-Early out sa mundo dahil sa walang kwenta nilang advocacy o pinaglalaban na sila dapat mamuno ng gobyerno.']","['ayaw parin maniwala yung mga ibang kakampuke sa ganito. ', 'Noon pa man kalakaran na nila yan , ', 'andaming ng sumuko at nagpapatunay at ang daming nag-Early out sa mundo dahil sa walang kwenta nilang advocacy o pinaglalaban na sila dapat mamuno ng gobyerno.']"
Bat nag immersion na may gubat,['Bat nag immersion na may gubat'],['Bat nag immersion na may gubat']
Its either CPP NPA or Govt Forces mamatay.. GOODS na ako sa mga CTG's nalang..,"['Its either CPP NPA or Govt Forces mamatay..', 'GOODS na ako sa mga CTG's nalang..']","['Its either CPP NPA or Govt Forces mamatay.. ', ""GOODS na ako sa mga CTG's nalang..""]"
Balita ko kawawa ang mga babaeng NPA pinag pa ra-osan ng mga commander lalo na mga bata. Pinipilahan daw mga yan sabi ng commander kailangan daw nila gampanan yan para sa bayag I mean para sa bayan.,"['Balita ko kawawa ang mga babaeng NPA pinag pa ra-osan ng mga commander lalo na mga bata.', 'Pinipilahan daw mga yan sabi ng commander kailangan daw nila gampanan yan para sa bayag I mean para sa bayan.']","['Balita ko kawawa ang mga babaeng NPA pinag pa ra-osan ng mga commander lalo na mga bata. ', 'Pinipilahan daw mga yan sabi ng commander kailangan daw nila gampanan yan para sa bayag ', 'I mean para sa bayan.']"
"anak: tay, mag research lang kami
tatay: sige anak, ito ang baon mo
*makalipas ang ilang araw hindi pa nauwe*
tatay: bat ang tagal naman ng research ng anak ko, maka panood nga ng tv
reporter: 19 ang patay matapos ang bakbakan ng militar at npa
*anak ay umuweng corned beef*","['anak: tay', 'mag research lang kami', 'tatay: sige anak', 'ito ang baon mo', 'makalipas ang ilang araw hindi pa nauwe', 'tatay: bat ang tagal naman ng research ng anak ko', 'maka panood nga ng tv', 'reporter: 19 ang patay matapos ang bakbakan ng militar at npa', 'anak ay umuweng corned beef']","['anak: ', 'tay, ', 'mag research lang kami', 'tatay: ', 'sige anak, ito ang baon mo', '*makalipas ang ilang araw hindi pa nauwe*', 'tatay: bat ang tagal naman ng research ng anak ko, ', 'maka panood nga ng tv', 'reporter: ', '19 ang patay matapos ang bakbakan ng militar at npa', '*anak ay umuweng corned beef*']"
NPA pa more....what if closed the the UP school,"['NPA pa more....', 'what if closed the the UP school']",['NPA pa more....what if closed the the UP school']
"Just dont go to UP. Too risky. Malalim na institution na activism duon. Liberal minds with extreme ideas, that are never wrong. Delikado. Iwas gulo.","['Just dont go to UP.', 'Too risky.', 'Malalim na institution na activism duon.', 'Liberal minds with extreme ideas', 'that are never wrong.', 'Delikado.', 'Iwas gulo.']","['Just dont go to UP. ', 'Too risky. ', 'Malalim na institution na activism duon. ', 'Liberal minds with extreme ideas, that are never wrong. ', 'Delikado. ', 'Iwas gulo.']"
Kala ko mga uneducated lang ang Nag NPA 🤧🤣,['Kala ko mga uneducated lang ang Nag NPA 🤧🤣'],['Kala ko mga uneducated lang ang Nag NPA 🤧🤣']
Hindi na ako nagtataka! Madami pa ang susunod,"['Hindi na ako nagtataka!', 'Madami pa ang susunod']","['Hindi na ako nagtataka! ', 'Madami pa ang susunod']"
"Bakit tong mga to always center of attraction at pa victim, samantala ang mga namatay din na AFP walang mn lng tribute! E pareho lng nmn sila galing sa mga university at scholars!","['Bakit tong mga to always center of attraction at pa victim', 'samantala ang mga namatay din na AFP walang mn lng tribute!','E pareho lng nmn sila galing sa mga university at scholars!']","['Bakit tong mga to always center of attraction at pa victim, samantala ang mga namatay din na AFP ', 'walang mn lng tribute! ', 'E pareho lng nmn sila galing sa mga university at scholars!']"
Thank you PH military for clearing this rebels! Pa brainwash pa more!,"['Thank you PH military for clearing this rebels!', 'Pa brainwash pa more!']","['Thank you PH military for clearing this rebels! ', 'Pa brainwash pa more!']"
May kasalanan din kasi ung govt. harap harapan na ung mga lider ng npa ung iba nasa congresso di pa hinuli hays,"['May kasalanan din kasi ung govt.', 'harap harapan na ung mga lider ng npa ung iba nasa congresso di pa hinuli hays']","['May kasalanan din kasi ung govt. ', 'harap harapan na ung mga lider ng npa ung iba nasa congresso di pa hinuli hays']"
Wala naman napapanagot at nakakasuhan kung bakit sila nasa bundok kaya tuloy tuloy nyo lang pagpapadala sa mga kabataan.,['Wala naman napapanagot at nakakasuhan kung bakit sila nasa bundok kaya tuloy tuloy nyo lang pagpapadala sa mga kabataan.'],['Wala naman napapanagot at nakakasuhan kung bakit sila nasa bundok kaya tuloy tuloy nyo lang pagpapadala sa mga kabataan.']
"Tanda ko pa nung nasa pup ako, kung sino pa ung mga bakti noon na hardcore at mahilig mag recruit. Sila pa ngayon ung mga nasa corporate world. Nothing wrong with that now but can you see the irony?","['Tanda ko pa nung nasa pup ako', 'kung sino pa ung mga bakti noon na hardcore at mahilig mag recruit.', 'Sila pa ngayon ung mga nasa corporate world.', 'Nothing wrong with that now but can you see the irony?']","['Tanda ko pa nung nasa pup ako, kung sino pa ung mga bakti noon na hardcore at mahilig mag recruit. ', 'Sila pa ngayon ung mga nasa corporate world. ', 'Nothing wrong with that now but can you see the irony?']"
Asking for change or reform does not mean joining the enemies of the state 😂 Everybody wants reform lalo na sa mga nangyayari ngayon but to join CPP-NPA?NO…,"['Asking for change or reform does not mean joining the enemies of the state 😂', 'Everybody wants reform lalo na sa mga nangyayari ngayon but to join CPP-NPA?NO…']","['Asking for change or reform does not mean joining the enemies of the state 😂 ', 'Everybody wants reform lalo na sa mga nangyayari ngayon but to join CPP-NPA?NO…']"
"Masama na kung masama!! Pero tax payer rin ang nagbabayad sa mga scholarship sa UP! Kung ang pagiging scholarship nila ay magiging way para marecruit sila sa NPA activist, tanggalin na yang scholarship sa UP!","['Masama na kung masama!!', 'Pero tax payer rin ang nagbabayad sa mga scholarship sa UP!', 'Kung ang pagiging scholarship nila ay magiging way para marecruit sila sa NPA activist', 'tanggalin na yang scholarship sa UP!']","['Masama na kung masama!! ', 'Pero tax payer rin ang nagbabayad sa mga scholarship sa UP! ', 'Kung ang pagiging scholarship nila ay magiging way para marecruit sila sa NPA activist, tanggalin na yang scholarship sa UP!']"
"The so-called NPA leader/s was not present during the operation bc he/they sold them out. 

19 deaths. No combat experience. Na-corner sa fish pond; all tells the same story. Smartphone era, giving up information for reward and possible immunity is as easy as breathing air. 

You may look at him as a leader but when shit hits the fan, true colors will emerge. Hard pill to swallow specially for those cold corpses but that's all facts.","['The so-called NPA leader/s was not present during the operation bc he/they sold them out.', '19 deaths.', 'No combat experience.', 'Na-corner sa fish pond; all tells the same story.', 'Smartphone era', 'giving up information for reward and possible immunity is as easy as breathing air.', 'You may look at him as a leader but when shit hits the fan', 'true colors will emerge.', 'Hard pill to swallow specially for those cold corpses but that's all facts.']","['The so-called NPA leader/s was not present during the operation bc he/they sold them out. ', '', '19 deaths. ', 'No combat experience. ', 'Na-corner sa fish pond; all tells the same story. ', 'Smartphone era, giving up information for reward and possible immunity is as easy as breathing air. ', '', 'You may look at him as a leader but when shit hits the fan, true colors will emerge. ', ""Hard pill to swallow specially for those cold corpses but that's all facts.""]"
"Fact… kahit saang university, students will always be in danger… in danger of rebels, in danger of fraternities, in danger of cults and false religion, in danger of criminals, robbers, thieves, sexual predators… and so kung yan ang line of thinking nyo… wag nyo na pag aralin mga anak nyo. This is a dangerous world, thats a fact… and has nothing to do with sending your children in the universities. So stop spreading this unnecessary about students getting brainwashed when you send them to college. Palakihin nyo ng tama anak nyo… and release them.","['Fact… kahit saang university', 'students will always be in danger…', 'in danger of rebels', 'in danger of fraternities', 'in danger of cults and false religion', 'in danger of criminals', 'robbers', 'thieves', 'sexual predators…', 'and so kung yan ang line of thinking nyo… wag nyo na pag aralin mga anak nyo.', 'This is a dangerous world', 'thats a fact… and has nothing to do with sending your children in the universities.', 'So stop spreading this unnecessary about students getting brainwashed when you send them to college.', 'Palakihin nyo ng tama anak nyo… and release them.']","['Fact… ', 'kahit saang university, students will always be in danger… ', 'in danger of rebels, in danger of fraternities, ', 'in danger of cults and false religion, ', 'in danger of criminals, robbers, thieves, sexual predators… ', 'and so kung yan ang line of thinking nyo… ', 'wag nyo na pag aralin mga anak nyo. ', 'This is a dangerous world, thats a fact… ', 'and has nothing to do with sending your children in the universities. ', 'So stop spreading this unnecessary about students getting brainwashed when you send them to college. ', 'Palakihin nyo ng tama anak nyo… ', 'and release them.']"
sinong professor ang nagdeploy sa bata magresearch sa lugar na yun... Kapag mga research na ganyan dapat may coordinator ang university to monitor the status of research and students .. dapat may managot sa loob ng UP,"['sinong professor ang nagdeploy sa bata magresearch sa lugar na yun...', 'Kapag mga research na ganyan dapat may coordinator ang university to monitor the status of research and students ..', 'dapat may managot sa loob ng UP']","['sinong professor ang nagdeploy sa bata magresearch sa lugar na yun... ', 'Kapag mga research na ganyan dapat may coordinator ang university to monitor the status of research and students .. ', 'dapat may managot sa loob ng UP']"
"✖️ALANO
✔️ALANA

Alana corned beef na!","['✖️ALANO', '✔️ALANA', 'Alana corned beef na!']","['✖️ALANO', '✔️ALANA', '', 'Alana corned beef na!']"
"She is NOT inside the campus university. The area is a well known ""rebel"" area. Why would she choose to live in that place and conduct so called research. Doing community research requires coordination and approval with brgy and local gov, if they knew, they wouldnt approve any civilians  doing any study in an area known to have NPAs... all the more a student. 

All your excuses are dumb, lame, and crazy so you can protect the ""recruitment"" process and have someone to blame. Tigilan nio na kabobohan nio 💩. Imagine all the news reports of a student death, and pinagtatawanan lang kayong lahat.","['She is NOT inside the campus university.', 'The area is a well known ""rebel"" area.', 'Why would she choose to live in that place and conduct so called research.', 'Doing community research requires coordination and approval with brgy and local gov', 'if they knew', 'they wouldnt approve any civilians doing any study in an area known to have NPAs...', 'all the more a student.', 'All your excuses are dumb', 'lame', 'and crazy so you can protect the ""recruitment"" process and have someone to blame.', 'Tigilan nio na kabobohan nio 💩.', 'Imagine all the news reports of a student death', 'and pinagtatawanan lang kayong lahat.']","['She is NOT inside the campus university. ', 'The area is a well known ""rebel"" area. ', 'Why would she choose to live in that place and conduct so called research. ', 'Doing community research requires coordination and approval with brgy and local gov, if they knew, they wouldnt approve any civilians  doing any study in an area known to have NPAs... ', 'all the more a student. ', '', 'All your excuses are dumb, lame, and crazy so you can protect the ""recruitment"" process and have someone to blame. ', 'Tigilan nio na kabobohan nio 💩. ', 'Imagine all the news reports of a student death, and pinagtatawanan lang kayong lahat.']"
kampi pa sa Npa matatalino sa acads pero hindi nag iisip ng ayos haha,['kampi pa sa Npa matatalino sa acads pero hindi nag iisip ng ayos haha'],['kampi pa sa Npa matatalino sa acads pero hindi nag iisip ng ayos haha']
isipin mo nag aral ka sa isa sa pinaka mataas na unibersidad sa bansa tapos naging NPA ka bigla 🤣🤣🤣,['isipin mo nag aral ka sa isa sa pinaka mataas na unibersidad sa bansa tapos naging NPA ka bigla 🤣🤣🤣'],['isipin mo nag aral ka sa isa sa pinaka mataas na unibersidad sa bansa tapos naging NPA ka bigla 🤣🤣🤣']
NPA pa more,['NPA pa more'],['NPA pa more']
Pauto pa more,['Pauto pa more'],['Pauto pa more']
Colored hair tapos Pula pa ahahah,['Colored hair tapos Pula pa ahahah'],"['Colored hair tapos ', 'Pula pa ahahah']"
"Gawin ba namang frontliner mga aktibista nila, tapos 'yung mga tenured na well-trained, tumakas sa engkwentro.

They died for nothing. After months, limot na sila at mga pointless nilang pinaglalaban. Pero 'yung parents nila lifetime pain ang dadanasin. Habang walang pake ang mga NPA Groups sa mga dalamhati ng mga namatay.

Malaki pera dyan. Kung may ambisyon kang political o business, sali ka dyan. Pero kung sumali ka dyan dahil sa totoong pakikibaka, sinasayang mo ang talino mo. Matalino ka pero t@ng@.

Sana bayad na lang kayo, kasi nakakatawang t@ng@ kayo for free. You died for nothing.","['Gawin ba namang frontliner mga aktibista nila', 'tapos 'yung mga tenured na well-trained', 'tumakas sa engkwentro.', 'They died for nothing.', 'After months', 'limot na sila at mga pointless nilang pinaglalaban.', 'Pero 'yung parents nila lifetime pain ang dadanasin.', 'Habang walang pake ang mga NPA Groups sa mga dalamhati ng mga namatay.', 'Malaki pera dyan.', 'Kung may ambisyon kang political o business', 'sali ka dyan.', 'Pero kung sumali ka dyan dahil sa totoong pakikibaka', 'sinasayang mo ang talino mo.', 'Matalino ka pero t@ng@.', 'Sana bayad na lang kayo', 'kasi nakakatawang t@ng@ kayo for free.', 'You died for nothing.']","[""Gawin ba namang frontliner mga aktibista nila, tapos 'yung mga tenured na well-trained, tumakas sa engkwentro."", '', 'They died for nothing. ', 'After months, limot na sila at mga pointless nilang pinaglalaban. ', ""Pero 'yung parents nila lifetime pain ang dadanasin. "", 'Habang walang pake ang mga NPA Groups sa mga dalamhati ng mga namatay.', '', 'Malaki pera dyan. ', 'Kung may ambisyon kang political o business, sali ka dyan. ', 'Pero kung sumali ka dyan dahil sa totoong pakikibaka, sinasayang mo ang talino mo. ', 'Matalino ka pero t@ng@.', '', 'Sana bayad na lang kayo, kasi nakakatawang t@ng@ kayo for free. ', 'You died for nothing.']"
di ba may Alyssa Alano na starlet,['di ba may Alyssa Alano na starlet'],['di ba may Alyssa Alano na starlet']
Mainit init pa,['Mainit init pa'],['Mainit init pa']
-1 enter pa,['-1 enter pa'],['-1 enter pa']
Mainam pa kung sa Casting Couch siya sumikat. Sayang umanib sa komunista,"['Mainam pa kung sa Casting Couch siya sumikat.', 'Sayang umanib sa komunista']","['Mainam pa kung sa Casting Couch siya sumikat. ', 'Sayang umanib sa komunista']"
"Kinakain na sya ng uod ngayun. 😛😛 
Lahat ng Sosyalismo, imperialismo, Colonyalismo, Kapitalismo, lahat na ng Lismo, ay hindi nya na problema. 
Sarrapp diba? 
😋😋👌🏼","['Kinakain na sya ng uod ngayun.😛😛',
Lahat ng Sosyalismo', 'imperialismo', 'Colonyalismo', 'Kapitalismo', 'lahat na ng Lismo', 'ay hindi nya na problema. 
Sarrapp diba? '.'😋😋👌🏼']","['Kinakain na sya ng uod ngayun. 😛😛 ', 'Lahat ng Sosyalismo, imperialismo, Colonyalismo, ', 'Kapitalismo, ', 'lahat na ng Lismo, ', 'ay hindi nya na problema. ', 'Sarrapp diba? ', '😋😋👌🏼']"
parang nakita ko na yan sa PinayFlix ahh,['parang nakita ko na yan sa PinayFlix ahh'],"['parang nakita ko na yan sa PinayFlix ', 'ahh']"
"Nabira nmn daw ng kumander eh,,ok na un😂😂😂","['Nabira nmn daw ng kumander eh', 'ok na un😂😂😂']","['Nabira nmn daw ng kumander ', 'eh,,ok na un😂😂😂']"
"Tangina mo ikaw next, magtago ka na sa kung saan ka man nagtatago, babalik sa 'yo 'yang pinagsasabi mo gago","['Tangina mo ikaw next', 'magtago ka na sa kung saan ka man nagtatago', 'babalik sa \'yo \'yang pinagsasabi mo gago']","['Tangina mo ikaw next, ', 'magtago ka na sa kung saan ka man nagtatago, ', ""babalik sa 'yo 'yang pinagsasabi mo gago""]"
The communist playbook 101. Stage 1 palang obvious na kung saan talaga ang problema.,"['The communist playbook 101.', 'Stage 1 palang obvious na kung saan talaga ang problema.']","['The communist playbook 101. ', 'Stage 1 palang obvious na kung saan talaga ang problema.']"
"Mao ni sila ang 50 years ng rebelde. Then pagkaPRESIDENT ni CORY, 30+ years ng MARCUS MAGNANAKAW. Unsa na sila ron sa panahon ni MARCUS JR.? Nahimo ng kauban ni MARCUS og beneficiaries pa sa MALETA. 30+ years na garbo, GIPALIT RA DIAY OG MALETA. NAWALA ANG RALLY OG ""PATALSIKIN"" na drama.","['Mao ni sila ang 50 years ng rebelde.', 'Then pagkaPRESIDENT ni CORY', '30+ years ng MARCUS MAGNANAKAW.', 'Unsa na sila ron sa panahon ni MARCUS JR.?', 'Nahimo ng kauban ni MARCUS og beneficiaries pa sa MALETA.', '30+ years na garbo', 'GIPALIT RA DIAY OG MALETA.', 'NAWALA ANG RALLY OG ""PATALSIKIN"" na drama.']","['Mao ni sila ang 50 years ng rebelde. ', 'Then pagkaPRESIDENT ni CORY, 30+ years ng MARCUS MAGNANAKAW. ', 'Unsa na sila ron sa panahon ni MARCUS JR.? ', 'Nahimo ng kauban ni MARCUS og beneficiaries pa sa MALETA. ', '30+ years na garbo, ', 'GIPALIT RA DIAY OG MALETA. ', 'NAWALA ANG RALLY OG ""PATALSIKIN"" na drama.']"
Nagpapasalamat pa nga si kumander. :D,['Nagpapasalamat pa nga si kumander. :D'],['Nagpapasalamat pa nga si kumander. :D']
"was caught and killed in encounter. Ayaw limbongi imo self ana na fact. 

GOD BLESS","['was caught and killed in encounter.', 'Ayaw limbongi imo self ana na fact.', 'GOD BLESS']","['was caught and killed in encounter. ', 'Ayaw limbongi imo self ana na fact. ', '', 'GOD BLESS']"
"gagi kumpara mo ang problema ng insurrection sa korapsyon na pinag-uusapan ngayon sa mga balita. Parehas ba?? Yun mga very isolated na issue ng rebelde sa mga remote area pinagka oobsessan ninyo LOL. Matagal nang na reduce to insignificant levels ang mga rebelde, di tulad ng sa mga nakaraang taon. Pinauso lang ulit ang fear mongering about NPA sa mga kampon ni Dutae, na on the record din dati na sumuporta sa NPA. LOL kayo naman marami sa inyong mga conservative kuno di naman makapag distinguish kung anong paniniwala ang nakakatulong at ano ang hindi. Marami kasi dito sa mga tutok na tutok sa mga aktibista kuno, sumusuporta sa mga kabulastugan ng kampo ni dutae. Lol wag ako. I'm almost 50. I know what this country has gone through. I know all the players and all the narratives.","['gagi kumpara mo ang problema ng insurrection sa korapsyon na pinag-uusapan ngayon sa mga balita.', 'Parehas ba??', 'Yun mga very isolated na issue ng rebelde sa mga remote area pinagka oobsessan ninyo LOL.', 'Matagal nang na reduce to insignificant levels ang mga rebelde', 'di tulad ng sa mga nakaraang taon.', 'Pinauso lang ulit ang fear mongering about NPA sa mga kampon ni Dutae', 'na on the record din dati na sumuporta sa NPA.', 'Lol kayo naman marami sa inyong mga conservative kuno di naman makapag distinguish kung anong paniniwala ang nakakatulong at ano ang hindi.', 'Marami kasi dito sa mga tutok na tutok sa mga aktibista kuno', 'sumusuporta sa mga kabulastugan ng kampo ni dutae.', 'Lol wag ako.', 'I\'m almost 50.', 'I know what this country has gone through.', 'I know all the players and all the narratives.']","['gagi kumpara mo ang problema ng insurrection sa korapsyon na pinag-uusapan ngayon sa mga balita. ', 'Parehas ba?? ', 'Yun mga very isolated na issue ng rebelde sa mga remote area pinagka oobsessan ninyo LOL. ', 'Matagal nang na reduce to insignificant levels ang mga rebelde, di tulad ng sa mga nakaraang taon. ', 'Pinauso lang ulit ang fear mongering about NPA sa mga kampon ni Dutae, na on the record din dati na sumuporta sa NPA. ', 'LOL kayo naman marami sa inyong mga conservative kuno di naman makapag distinguish kung anong paniniwala ang nakakatulong at ano ang hindi. ', 'Marami kasi dito sa mga tutok na tutok sa mga aktibista kuno, sumusuporta sa mga kabulastugan ng kampo ni dutae. ', 'Lol wag ako. ', ""I'm almost 50. "", 'I know what this country has gone through. ', 'I know all the players and all the narratives.']"
"ooh I strucked a nerve. I'm actually dealing with cpla members in my private property. It's a a good thing you're already 50 we don't have to waste more time listening to your yaps you dumb boomer lmao You accuse anyone of being a dds supporter while I literally support Leni. It's crazy that anyone who disagrees with you is a dds supporter 😂 ""lol wag ako"" sino ka ba? Do you pay taxes like I do here, you're in Brazil. You don't have a say here anymore. ""Matagal nang na reduce"" yeah but they're still recruiting in universities of all places. That's crazy. Isn't that crazy? I think that's crazy.","['ooh I strucked a nerve.', 'I\'m actually dealing with cpla members in my private property.', 'It\'s a a good thing you\'re already 50 we don\'t have to waste more time listening to your yaps you dumb boomer lmao', 'You accuse anyone of being a dds supporter while I literally support Leni.', 'It\'s crazy that anyone who disagrees with you is a dds supporter \ud81a\udd12', '""lol wag ako"" sino ka ba?', 'Do you pay taxes like I do here', 'you\'re in Brazil.', 'You don\'t have a say here anymore.', '""Matagal nang na reduce"" yeah but they\'re still recruiting in universities of all places.', 'That\'s crazy.', 'Isn\'t that crazy?', 'I think that\'s crazy.']","['ooh I strucked a nerve. ', ""I'm actually dealing with cpla members in my private property. "", ""It's a a good thing you're already 50 we don't have to waste more time listening to your yaps you dumb boomer lmao "", 'You accuse anyone of being a dds supporter while I literally support Leni. ', ""It's crazy that anyone who disagrees with you is a dds supporter 😂 "", '""lol wag ako"" ', 'sino ka ba? ', ""Do you pay taxes like I do here, you're in Brazil. "", ""You don't have a say here anymore. "", '""Matagal nang na reduce"" ', ""yeah but they're still recruiting in universities of all places. "", ""That's crazy. "", ""Isn't that crazy? "", ""I think that's crazy.""]"
"grow some balls oy bakla kang soyboy ka. Struck a nerve? lol nakakatuwa lang kayo pakinggan kayong mga malalambot na feeling alam lahat. Tingnan mo kabobohan mo nag conclude ka kaagad na nasa Brazil ako. Naniniwala ka rin siguro sa mga naglalagay ng ""works at Krusty Krabs"". Galit ka sa mga boomer na laging sinusupalpal mga pinagsasabi mo.","['grow some balls oy bakla kang soyboy ka.', 'Struck a nerve?', 'lol nakakatuwa lang kayo pakinggan kayong mga malalambot na feeling alam lahat.', 'Tingnan mo kabobohan mo nag conclude ka kaagad na nasa Brazil ako.', 'Naniniwala ka rin siguro sa mga naglalagay ng ""works at Krusty Krabs"".', 'Galit ka sa mga boomer na laging sinusupalpal mga pinagsasabi mo.']","['grow some balls ', 'oy bakla kang soyboy ka. ', 'Struck a nerve? ', 'lol ', 'nakakatuwa lang kayo pakinggan kayong mga malalambot na feeling alam lahat. ', 'Tingnan mo kabobohan mo nag conclude ka kaagad na nasa Brazil ako. ', 'Naniniwala ka rin siguro sa mga naglalagay ng ""works at Krusty Krabs"". ', 'Galit ka sa mga boomer na laging sinusupalpal mga pinagsasabi mo.']"
